[2025-04-29 10:30:55] === Form Submission Debug ===
[2025-04-29 10:30:55] POST data: Array
(
    [caller] => 
    [input_type] => audio
    [transcribed_text] => 
)

[2025-04-29 10:30:55] FILES data: Array
(
    [audio_file] => Array
        (
            [name] => harvard.wav
            [full_path] => harvard.wav
            [type] => audio/wav
            [tmp_name] => /Applications/XAMPP/xamppfiles/temp/phpdG1zJb
            [error] => 0
            [size] => 3249924
        )

)

[2025-04-29 10:30:55] Request method: POST
[2025-04-29 10:30:55] Input type: audio
[2025-04-29 10:30:55] Caller: 
[2025-04-29 10:30:55] === Processing Audio File ===
[2025-04-29 10:30:55] Audio file details: Array
(
    [name] => harvard.wav
    [full_path] => harvard.wav
    [type] => audio/wav
    [tmp_name] => /Applications/XAMPP/xamppfiles/temp/phpdG1zJb
    [error] => 0
    [size] => 3249924
)

[2025-04-29 10:30:55] Upload path: uploads/68108e3fc7a99_harvard.wav
[2025-04-29 10:30:55] File moved successfully to: uploads/68108e3fc7a99_harvard.wav
[2025-04-29 10:30:55] Starting AssemblyAI upload...
[2025-04-29 10:30:55] === Starting AssemblyAI Upload ===
[2025-04-29 10:30:55] Audio file path: uploads/68108e3fc7a99_harvard.wav
[2025-04-29 10:30:55] Error: AssemblyAI API key not found in environment variables
[2025-04-29 10:30:55] Audio processing error: AssemblyAI API key not configured
[2025-04-29 10:30:55] Cleaned up uploaded file: uploads/68108e3fc7a99_harvard.wav
[2025-04-29 10:30:55] No text to analyze - final check
[2025-04-29 10:31:57] Warning: ASSEMBLYAI_API_KEY not found in environment variables. Please set it in your .env file or environment.
[2025-04-29 10:31:57] === Form Submission Debug ===
[2025-04-29 10:31:57] POST data: Array
(
    [caller] => 
    [input_type] => audio
    [transcribed_text] => 
)

[2025-04-29 10:31:57] FILES data: Array
(
    [audio_file] => Array
        (
            [name] => harvard.wav
            [full_path] => harvard.wav
            [type] => audio/wav
            [tmp_name] => /Applications/XAMPP/xamppfiles/temp/phpWarBcM
            [error] => 0
            [size] => 3249924
        )

)

[2025-04-29 10:31:57] Request method: POST
[2025-04-29 10:31:57] Input type: audio
[2025-04-29 10:31:57] Caller: 
[2025-04-29 10:31:57] === Processing Audio File ===
[2025-04-29 10:31:57] Audio file details: Array
(
    [name] => harvard.wav
    [full_path] => harvard.wav
    [type] => audio/wav
    [tmp_name] => /Applications/XAMPP/xamppfiles/temp/phpWarBcM
    [error] => 0
    [size] => 3249924
)

[2025-04-29 10:31:57] Upload path: uploads/68108e7d9bf37_harvard.wav
[2025-04-29 10:31:57] File moved successfully to: uploads/68108e7d9bf37_harvard.wav
[2025-04-29 10:31:57] Starting AssemblyAI upload...
[2025-04-29 10:31:57] === Starting AssemblyAI Upload ===
[2025-04-29 10:31:57] Audio file path: uploads/68108e7d9bf37_harvard.wav
[2025-04-29 10:31:57] Error: AssemblyAI API key is not configured
[2025-04-29 10:31:57] Audio processing error: AssemblyAI API key is not configured. Please set the ASSEMBLYAI_API_KEY environment variable.
[2025-04-29 10:31:57] Cleaned up uploaded file: uploads/68108e7d9bf37_harvard.wav
[2025-04-29 10:31:57] No text to analyze - final check
[2025-04-29 10:33:35] Warning: ASSEMBLYAI_API_KEY not found in environment variables. Please set it in your .env file or environment.
[2025-04-29 10:33:35] === Form Submission Debug ===
[2025-04-29 10:33:35] POST data: Array
(
    [caller] => 
    [input_type] => audio
    [transcribed_text] => 
)

[2025-04-29 10:33:35] FILES data: Array
(
    [audio_file] => Array
        (
            [name] => harvard.wav
            [full_path] => harvard.wav
            [type] => audio/wav
            [tmp_name] => /Applications/XAMPP/xamppfiles/temp/php44sTBa
            [error] => 0
            [size] => 3249924
        )

)

[2025-04-29 10:33:35] Request method: POST
[2025-04-29 10:33:35] Input type: audio
[2025-04-29 10:33:35] Caller: 
[2025-04-29 10:33:35] === Processing Audio File ===
[2025-04-29 10:33:35] Audio file details: Array
(
    [name] => harvard.wav
    [full_path] => harvard.wav
    [type] => audio/wav
    [tmp_name] => /Applications/XAMPP/xamppfiles/temp/php44sTBa
    [error] => 0
    [size] => 3249924
)

[2025-04-29 10:33:35] Upload path: uploads/68108edf6aa3f_harvard.wav
[2025-04-29 10:33:35] File moved successfully to: uploads/68108edf6aa3f_harvard.wav
[2025-04-29 10:33:35] Starting AssemblyAI upload...
[2025-04-29 10:33:35] === Starting AssemblyAI Upload ===
[2025-04-29 10:33:35] Audio file path: uploads/68108edf6aa3f_harvard.wav
[2025-04-29 10:33:35] Error: AssemblyAI API key is not configured
[2025-04-29 10:33:35] Audio processing error: AssemblyAI API key is not configured. Please set the ASSEMBLYAI_API_KEY environment variable.
[2025-04-29 10:33:35] Cleaned up uploaded file: uploads/68108edf6aa3f_harvard.wav
[2025-04-29 10:33:35] No text to analyze - final check
[2025-04-29 10:34:27] Warning: ASSEMBLYAI_API_KEY not found in environment variables. Please check your .env file.
[2025-04-29 10:34:27] Current environment: Array
(
)

[2025-04-29 10:34:27] === Form Submission Debug ===
[2025-04-29 10:34:27] POST data: Array
(
    [caller] => 
    [input_type] => audio
    [transcribed_text] => 
)

[2025-04-29 10:34:27] FILES data: Array
(
    [audio_file] => Array
        (
            [name] => harvard.wav
            [full_path] => harvard.wav
            [type] => audio/wav
            [tmp_name] => /Applications/XAMPP/xamppfiles/temp/phppTE4ZP
            [error] => 0
            [size] => 3249924
        )

)

[2025-04-29 10:34:27] Request method: POST
[2025-04-29 10:34:27] Input type: audio
[2025-04-29 10:34:27] Caller: 
[2025-04-29 10:34:27] === Processing Audio File ===
[2025-04-29 10:34:27] Audio file details: Array
(
    [name] => harvard.wav
    [full_path] => harvard.wav
    [type] => audio/wav
    [tmp_name] => /Applications/XAMPP/xamppfiles/temp/phppTE4ZP
    [error] => 0
    [size] => 3249924
)

[2025-04-29 10:34:27] Upload path: uploads/68108f13be1da_harvard.wav
[2025-04-29 10:34:27] File moved successfully to: uploads/68108f13be1da_harvard.wav
[2025-04-29 10:34:27] Starting AssemblyAI upload...
[2025-04-29 10:34:27] === Starting AssemblyAI Upload ===
[2025-04-29 10:34:27] Audio file path: uploads/68108f13be1da_harvard.wav
[2025-04-29 10:34:27] Error: AssemblyAI API key is not configured
[2025-04-29 10:34:27] Audio processing error: AssemblyAI API key is not configured. Please set the ASSEMBLYAI_API_KEY environment variable.
[2025-04-29 10:34:27] Cleaned up uploaded file: uploads/68108f13be1da_harvard.wav
[2025-04-29 10:34:27] No text to analyze - final check
[2025-04-29 10:36:12] Warning: ASSEMBLYAI_API_KEY not found in environment variables. Please check your .env file.
[2025-04-29 10:36:12] Current environment: Array
(
)

[2025-04-29 10:36:12] === Form Submission Debug ===
[2025-04-29 10:36:12] POST data: Array
(
    [caller] => 
    [input_type] => audio
    [transcribed_text] => 
)

[2025-04-29 10:36:12] FILES data: Array
(
    [audio_file] => Array
        (
            [name] => WhatsApp Audio 2025-04-24 at 2.08.05 PM.mpeg.wav
            [full_path] => WhatsApp Audio 2025-04-24 at 2.08.05 PM.mpeg.wav
            [type] => audio/wav
            [tmp_name] => /Applications/XAMPP/xamppfiles/temp/phpQ0ikF6
            [error] => 0
            [size] => 972366
        )

)

[2025-04-29 10:36:12] Request method: POST
[2025-04-29 10:36:12] Input type: audio
[2025-04-29 10:36:12] Caller: 
[2025-04-29 10:36:12] === Processing Audio File ===
[2025-04-29 10:36:12] Audio file details: Array
(
    [name] => WhatsApp Audio 2025-04-24 at 2.08.05 PM.mpeg.wav
    [full_path] => WhatsApp Audio 2025-04-24 at 2.08.05 PM.mpeg.wav
    [type] => audio/wav
    [tmp_name] => /Applications/XAMPP/xamppfiles/temp/phpQ0ikF6
    [error] => 0
    [size] => 972366
)

[2025-04-29 10:36:12] Upload path: uploads/68108f7c8bb5e_WhatsApp Audio 2025-04-24 at 2.08.05 PM.mpeg.wav
[2025-04-29 10:36:12] File moved successfully to: uploads/68108f7c8bb5e_WhatsApp Audio 2025-04-24 at 2.08.05 PM.mpeg.wav
[2025-04-29 10:36:12] Starting AssemblyAI upload...
[2025-04-29 10:36:12] === Starting AssemblyAI Upload ===
[2025-04-29 10:36:12] Audio file path: uploads/68108f7c8bb5e_WhatsApp Audio 2025-04-24 at 2.08.05 PM.mpeg.wav
[2025-04-29 10:36:12] Error: AssemblyAI API key is not configured
[2025-04-29 10:36:12] Audio processing error: AssemblyAI API key is not configured. Please set the ASSEMBLYAI_API_KEY environment variable.
[2025-04-29 10:36:12] Cleaned up uploaded file: uploads/68108f7c8bb5e_WhatsApp Audio 2025-04-24 at 2.08.05 PM.mpeg.wav
[2025-04-29 10:36:12] No text to analyze - final check
[2025-04-29 10:37:06] API key found in .env file
[2025-04-29 10:37:06] Environment variables loaded successfully
[2025-04-29 10:37:06] === Form Submission Debug ===
[2025-04-29 10:37:06] POST data: Array
(
    [caller] => 
    [input_type] => audio
    [transcribed_text] => 
)

[2025-04-29 10:37:06] FILES data: Array
(
    [audio_file] => Array
        (
            [name] => harvard.wav
            [full_path] => harvard.wav
            [type] => audio/wav
            [tmp_name] => /Applications/XAMPP/xamppfiles/temp/phpnuaUdz
            [error] => 0
            [size] => 3249924
        )

)

[2025-04-29 10:37:06] Request method: POST
[2025-04-29 10:37:06] Input type: audio
[2025-04-29 10:37:06] Caller: 
[2025-04-29 10:37:06] === Processing Audio File ===
[2025-04-29 10:37:06] Audio file details: Array
(
    [name] => harvard.wav
    [full_path] => harvard.wav
    [type] => audio/wav
    [tmp_name] => /Applications/XAMPP/xamppfiles/temp/phpnuaUdz
    [error] => 0
    [size] => 3249924
)

[2025-04-29 10:37:06] Upload path: uploads/68108fb285523_harvard.wav
[2025-04-29 10:37:06] File moved successfully to: uploads/68108fb285523_harvard.wav
[2025-04-29 10:37:06] Starting AssemblyAI upload...
[2025-04-29 10:37:06] === Starting AssemblyAI Upload ===
[2025-04-29 10:37:06] Audio file path: uploads/68108fb285523_harvard.wav
[2025-04-29 10:37:08] cURL verbose output: *   Trying 44.238.42.242...
* TCP_NODELAY set
* Connected to api.assemblyai.com (44.238.42.242) port 443 (#0)
* ALPN, offering http/1.1
* Cipher selection: ALL:!EXPORT:!EXPORT40:!EXPORT56:!aNULL:!LOW:!RC4:@STRENGTH
* successfully set certificate verify locations:
*   CAfile: /Applications/XAMPP/xamppfiles/share/curl/curl-ca-bundle.crt
  CApath: none
* SSL connection using TLSv1.3 / TLS_AES_128_GCM_SHA256
* ALPN, server accepted to use http/1.1
* Server certificate:
*  subject: CN=*.assemblyai.com
*  start date: Jun 15 00:00:00 2024 GMT
*  expire date: Jul 14 23:59:59 2025 GMT
*  subjectAltName: host "api.assemblyai.com" matched cert's "*.assemblyai.com"
*  issuer: C=US; O=Amazon; CN=Amazon RSA 2048 M02
*  SSL certificate verify ok.
> POST /v2/upload HTTP/1.1
Host: api.assemblyai.com
Accept: */*
authorization: 7da2fc6e2f084d17a6696d5e67395bad
content-type: application/octet-stream
Expect: 100-continue

< HTTP/1.1 100 Continue
< HTTP/1.1 422 Unprocessable Entity
< Date: Tue, 29 Apr 2025 08:37:07 GMT
< Content-Type: text/plain; charset=utf-8
< Content-Length: 107
< Connection: keep-alive
< Set-Cookie: AWSALBTG=82LEtCWrORT2sJW0T9sYpKBkztDUgyKSO20AkG1GwRe1q4PI+uWsikLFab5vhQY5Z36LclC4X/psUl16ZsnjGICbBYxws3u12gNurh3oVUgea4Wpmo4QqV0Sc6zQHX8DHzREgmHgjN7w+JtGRSxcaOLn4I7T02XmBM3YxiE+treh; Expires=Tue, 06 May 2025 08:37:07 GMT; Path=/
< Set-Cookie: AWSALBTGCORS=82LEtCWrORT2sJW0T9sYpKBkztDUgyKSO20AkG1GwRe1q4PI+uWsikLFab5vhQY5Z36LclC4X/psUl16ZsnjGICbBYxws3u12gNurh3oVUgea4Wpmo4QqV0Sc6zQHX8DHzREgmHgjN7w+JtGRSxcaOLn4I7T02XmBM3YxiE+treh; Expires=Tue, 06 May 2025 08:37:07 GMT; Path=/; SameSite=None; Secure
< Access-Control-Allow-Headers: Content-Type, Authorization, X-Requested-With, User-Agent, AssemblyAI-Agent
< Access-Control-Allow-Methods: POST, OPTIONS
< Access-Control-Allow-Origin: *
< X-Content-Type-Options: nosniff
* HTTP error before end of send, stop sending
< 
* Closing connection 0

[2025-04-29 10:37:08] HTTP Response Code: 422
[2025-04-29 10:37:08] Response: Upload failed, please try again. If you continue to have issues please reach out to support@assemblyai.com

[2025-04-29 10:37:08] JSON decode error: Syntax error
[2025-04-29 10:37:08] Audio processing error: Invalid JSON response from AssemblyAI
[2025-04-29 10:37:08] Cleaned up uploaded file: uploads/68108fb285523_harvard.wav
[2025-04-29 10:37:08] No text to analyze - final check
[2025-04-29 10:38:08] API key found in .env file
[2025-04-29 10:38:08] Environment variables loaded successfully
[2025-04-29 10:38:08] === Form Submission Debug ===
[2025-04-29 10:38:08] POST data: Array
(
    [caller] => 
    [input_type] => audio
    [transcribed_text] => 
)

[2025-04-29 10:38:08] FILES data: Array
(
    [audio_file] => Array
        (
            [name] => harvard.wav
            [full_path] => harvard.wav
            [type] => audio/wav
            [tmp_name] => /Applications/XAMPP/xamppfiles/temp/phpz7sWBa
            [error] => 0
            [size] => 3249924
        )

)

[2025-04-29 10:38:08] Request method: POST
[2025-04-29 10:38:08] Input type: audio
[2025-04-29 10:38:08] Caller: 
[2025-04-29 10:38:08] === Processing Audio File ===
[2025-04-29 10:38:08] Audio file details: Array
(
    [name] => harvard.wav
    [full_path] => harvard.wav
    [type] => audio/wav
    [tmp_name] => /Applications/XAMPP/xamppfiles/temp/phpz7sWBa
    [error] => 0
    [size] => 3249924
)

[2025-04-29 10:38:08] Upload path: uploads/68108ff0cf837_harvard.wav
[2025-04-29 10:38:08] File moved successfully to: uploads/68108ff0cf837_harvard.wav
[2025-04-29 10:38:08] Starting AssemblyAI upload...
[2025-04-29 10:38:08] === Starting AssemblyAI Upload ===
[2025-04-29 10:38:08] Audio file path: uploads/68108ff0cf837_harvard.wav
[2025-04-29 10:38:08] Sending file to AssemblyAI upload endpoint...
[2025-04-29 10:38:23] HTTP Response Code: 200
[2025-04-29 10:38:23] Raw Response: {"upload_url":"https://cdn.assemblyai.com/upload/30c7fe5a-5ef9-4849-952e-4617c6a3c748"}

[2025-04-29 10:38:23] Upload URL received: https://cdn.assemblyai.com/upload/30c7fe5a-5ef9-4849-952e-4617c6a3c748
[2025-04-29 10:38:23] Starting transcription job...
[2025-04-29 10:38:23] Request body: {"audio_url":"https:\/\/cdn.assemblyai.com\/upload\/30c7fe5a-5ef9-4849-952e-4617c6a3c748"}
[2025-04-29 10:38:24] HTTP Response Code: 200
[2025-04-29 10:38:24] Raw Response: {"id": "fca4c6aa-d186-43a4-badc-e6e8a0703c10", "language_model": "assemblyai_default", "acoustic_model": "assemblyai_default", "language_code": "en_us", "status": "queued", "audio_url": "https://cdn.assemblyai.com/upload/30c7fe5a-5ef9-4849-952e-4617c6a3c748", "text": null, "words": null, "utterances": null, "confidence": null, "audio_duration": null, "punctuate": true, "format_text": true, "dual_channel": null, "webhook_url": null, "webhook_status_code": null, "webhook_auth": false, "webhook_auth_header_name": null, "speed_boost": false, "auto_highlights_result": null, "auto_highlights": false, "audio_start_from": null, "audio_end_at": null, "word_boost": [], "boost_param": null, "prompt": null, "keyterms_prompt": null, "filter_profanity": false, "redact_pii": false, "redact_pii_audio": false, "redact_pii_audio_quality": null, "redact_pii_policies": null, "redact_pii_sub": null, "speaker_labels": false, "content_safety": false, "iab_categories": false, "content_safety_labels": {}, "iab_categories_result": {}, "language_detection": false, "language_confidence_threshold": null, "language_confidence": null, "custom_spelling": null, "throttled": false, "auto_chapters": false, "summarization": false, "summary_type": null, "summary_model": null, "custom_topics": false, "topics": [], "speech_threshold": null, "speech_model": null, "chapters": null, "disfluencies": false, "entity_detection": false, "sentiment_analysis": false, "sentiment_analysis_results": null, "entities": null, "speakers_expected": null, "summary": null, "custom_topics_results": null, "is_deleted": null, "multichannel": null, "project_id": 546162, "token_id": 547942}
[2025-04-29 10:38:24] AssemblyAI response: Array
(
    [id] => fca4c6aa-d186-43a4-badc-e6e8a0703c10
    [language_model] => assemblyai_default
    [acoustic_model] => assemblyai_default
    [language_code] => en_us
    [status] => queued
    [audio_url] => https://cdn.assemblyai.com/upload/30c7fe5a-5ef9-4849-952e-4617c6a3c748
    [text] => 
    [words] => 
    [utterances] => 
    [confidence] => 
    [audio_duration] => 
    [punctuate] => 1
    [format_text] => 1
    [dual_channel] => 
    [webhook_url] => 
    [webhook_status_code] => 
    [webhook_auth] => 
    [webhook_auth_header_name] => 
    [speed_boost] => 
    [auto_highlights_result] => 
    [auto_highlights] => 
    [audio_start_from] => 
    [audio_end_at] => 
    [word_boost] => Array
        (
        )

    [boost_param] => 
    [prompt] => 
    [keyterms_prompt] => 
    [filter_profanity] => 
    [redact_pii] => 
    [redact_pii_audio] => 
    [redact_pii_audio_quality] => 
    [redact_pii_policies] => 
    [redact_pii_sub] => 
    [speaker_labels] => 
    [content_safety] => 
    [iab_categories] => 
    [content_safety_labels] => Array
        (
        )

    [iab_categories_result] => Array
        (
        )

    [language_detection] => 
    [language_confidence_threshold] => 
    [language_confidence] => 
    [custom_spelling] => 
    [throttled] => 
    [auto_chapters] => 
    [summarization] => 
    [summary_type] => 
    [summary_model] => 
    [custom_topics] => 
    [topics] => Array
        (
        )

    [speech_threshold] => 
    [speech_model] => 
    [chapters] => 
    [disfluencies] => 
    [entity_detection] => 
    [sentiment_analysis] => 
    [sentiment_analysis_results] => 
    [entities] => 
    [speakers_expected] => 
    [summary] => 
    [custom_topics_results] => 
    [is_deleted] => 
    [multichannel] => 
    [project_id] => 546162
    [token_id] => 547942
)

[2025-04-29 10:38:24] Transcription ID: fca4c6aa-d186-43a4-badc-e6e8a0703c10
[2025-04-29 10:38:34] === Checking Transcription Status ===
[2025-04-29 10:38:34] Transcript ID: fca4c6aa-d186-43a4-badc-e6e8a0703c10
[2025-04-29 10:38:36] cURL verbose output: * Hostname api.assemblyai.com was found in DNS cache
*   Trying 44.238.42.242...
* TCP_NODELAY set
* Connected to api.assemblyai.com (44.238.42.242) port 443 (#0)
* ALPN, offering http/1.1
* Cipher selection: ALL:!EXPORT:!EXPORT40:!EXPORT56:!aNULL:!LOW:!RC4:@STRENGTH
* successfully set certificate verify locations:
*   CAfile: /Applications/XAMPP/xamppfiles/share/curl/curl-ca-bundle.crt
  CApath: none
* SSL connection using TLSv1.3 / TLS_AES_128_GCM_SHA256
* ALPN, server accepted to use http/1.1
* Server certificate:
*  subject: CN=*.assemblyai.com
*  start date: Jun 15 00:00:00 2024 GMT
*  expire date: Jul 14 23:59:59 2025 GMT
*  subjectAltName: host "api.assemblyai.com" matched cert's "*.assemblyai.com"
*  issuer: C=US; O=Amazon; CN=Amazon RSA 2048 M02
*  SSL certificate verify ok.
> GET /v2/transcript/fca4c6aa-d186-43a4-badc-e6e8a0703c10 HTTP/1.1
Host: api.assemblyai.com
Accept: */*
authorization: 7da2fc6e2f084d17a6696d5e67395bad

< HTTP/1.1 200 OK
< Date: Tue, 29 Apr 2025 08:38:35 GMT
< Content-Type: application/json; charset=UTF-8
< Content-Length: 1764
< Connection: keep-alive
< Set-Cookie: AWSALBTG=EJqGKYdat2tv3L11637TqaWGpiMQyirhaO0LX5bv1z0QYb0psdD7wvl5clCbenOcH5Zx298oGO/8Dc/Vhlr2Fh5xdP6rFkzl9kdvRJ4jVu/Ft/o/DZeYeTFdgITP6u9oxhTsYcWXKTwDeevTifbQY9c60SiRkgRqZnPDhS2ivPUX; Expires=Tue, 06 May 2025 08:38:35 GMT; Path=/
< Set-Cookie: AWSALBTGCORS=EJqGKYdat2tv3L11637TqaWGpiMQyirhaO0LX5bv1z0QYb0psdD7wvl5clCbenOcH5Zx298oGO/8Dc/Vhlr2Fh5xdP6rFkzl9kdvRJ4jVu/Ft/o/DZeYeTFdgITP6u9oxhTsYcWXKTwDeevTifbQY9c60SiRkgRqZnPDhS2ivPUX; Expires=Tue, 06 May 2025 08:38:35 GMT; Path=/; SameSite=None; Secure
< Set-Cookie: AWSALB=FXao3p9vkIfNZFYqNy9Gh9+JsVEHfst9gpFXNYOcmyuV/EnkTZ0goOMz9cqqdgSrhkfFEoY2mu6vv9nzljvwUfdJagzKyCHTSWAS94UcMHwzrLdNd+d53TsRBFSQ; Expires=Tue, 06 May 2025 08:38:35 GMT; Path=/
< Set-Cookie: AWSALBCORS=FXao3p9vkIfNZFYqNy9Gh9+JsVEHfst9gpFXNYOcmyuV/EnkTZ0goOMz9cqqdgSrhkfFEoY2mu6vv9nzljvwUfdJagzKyCHTSWAS94UcMHwzrLdNd+d53TsRBFSQ; Expires=Tue, 06 May 2025 08:38:35 GMT; Path=/; SameSite=None; Secure
< Access-Control-Allow-Origin: *
< Access-Control-Allow-Headers: Content-Type, Authorization, X-Requested-With, User-Agent, AssemblyAI-Agent
< Access-Control-Allow-Methods: POST, PUT, GET, OPTIONS
< Strict-Transport-Security: max-age=31536000; includeSubDomains; preload
< Etag: "32b66bbcd4e199f876dc724d59b6de9219942f24"
< 
* Connection #0 to host api.assemblyai.com left intact

[2025-04-29 10:38:36] HTTP Response Code: 200
[2025-04-29 10:38:36] Response: {"id": "fca4c6aa-d186-43a4-badc-e6e8a0703c10", "language_model": "assemblyai_default", "acoustic_model": "assemblyai_default", "language_code": "en_us", "status": "error", "audio_url": "https://cdn.assemblyai.com/upload/30c7fe5a-5ef9-4849-952e-4617c6a3c748", "text": null, "words": null, "utterances": null, "confidence": null, "audio_duration": 0, "punctuate": true, "format_text": true, "dual_channel": null, "webhook_url": null, "webhook_status_code": null, "webhook_auth": false, "webhook_auth_header_name": null, "speed_boost": false, "auto_highlights_result": null, "auto_highlights": false, "audio_start_from": null, "audio_end_at": null, "word_boost": [], "boost_param": null, "prompt": null, "keyterms_prompt": [], "filter_profanity": false, "redact_pii": false, "redact_pii_audio": false, "redact_pii_audio_quality": null, "redact_pii_policies": null, "redact_pii_sub": null, "speaker_labels": false, "error": "Transcoding failed. File does not appear to contain audio. File type is application/octet-stream (data).", "content_safety": null, "iab_categories": null, "content_safety_labels": {}, "iab_categories_result": {}, "language_detection": false, "language_confidence_threshold": null, "language_confidence": null, "custom_spelling": null, "throttled": false, "auto_chapters": false, "summarization": false, "summary_type": null, "summary_model": null, "custom_topics": false, "topics": [], "speech_threshold": null, "speech_model": null, "chapters": null, "disfluencies": false, "entity_detection": false, "sentiment_analysis": false, "sentiment_analysis_results": null, "entities": null, "speakers_expected": null, "summary": null, "custom_topics_results": null, "is_deleted": null, "multichannel": null, "project_id": 546162, "token_id": 547942}
[2025-04-29 10:38:36] Transcription status (attempt 1): Array
(
    [id] => fca4c6aa-d186-43a4-badc-e6e8a0703c10
    [language_model] => assemblyai_default
    [acoustic_model] => assemblyai_default
    [language_code] => en_us
    [status] => error
    [audio_url] => https://cdn.assemblyai.com/upload/30c7fe5a-5ef9-4849-952e-4617c6a3c748
    [text] => 
    [words] => 
    [utterances] => 
    [confidence] => 
    [audio_duration] => 0
    [punctuate] => 1
    [format_text] => 1
    [dual_channel] => 
    [webhook_url] => 
    [webhook_status_code] => 
    [webhook_auth] => 
    [webhook_auth_header_name] => 
    [speed_boost] => 
    [auto_highlights_result] => 
    [auto_highlights] => 
    [audio_start_from] => 
    [audio_end_at] => 
    [word_boost] => Array
        (
        )

    [boost_param] => 
    [prompt] => 
    [keyterms_prompt] => Array
        (
        )

    [filter_profanity] => 
    [redact_pii] => 
    [redact_pii_audio] => 
    [redact_pii_audio_quality] => 
    [redact_pii_policies] => 
    [redact_pii_sub] => 
    [speaker_labels] => 
    [error] => Transcoding failed. File does not appear to contain audio. File type is application/octet-stream (data).
    [content_safety] => 
    [iab_categories] => 
    [content_safety_labels] => Array
        (
        )

    [iab_categories_result] => Array
        (
        )

    [language_detection] => 
    [language_confidence_threshold] => 
    [language_confidence] => 
    [custom_spelling] => 
    [throttled] => 
    [auto_chapters] => 
    [summarization] => 
    [summary_type] => 
    [summary_model] => 
    [custom_topics] => 
    [topics] => Array
        (
        )

    [speech_threshold] => 
    [speech_model] => 
    [chapters] => 
    [disfluencies] => 
    [entity_detection] => 
    [sentiment_analysis] => 
    [sentiment_analysis_results] => 
    [entities] => 
    [speakers_expected] => 
    [summary] => 
    [custom_topics_results] => 
    [is_deleted] => 
    [multichannel] => 
    [project_id] => 546162
    [token_id] => 547942
)

[2025-04-29 10:38:36] Audio processing error: Transcription failed: Transcoding failed. File does not appear to contain audio. File type is application/octet-stream (data).
[2025-04-29 10:38:36] Cleaned up uploaded file: uploads/68108ff0cf837_harvard.wav
[2025-04-29 10:38:36] No text to analyze - final check
[2025-04-29 10:39:00] API key found in .env file
[2025-04-29 10:39:00] Environment variables loaded successfully
[2025-04-29 10:39:00] === Form Submission Debug ===
[2025-04-29 10:39:00] POST data: Array
(
    [caller] => 
    [input_type] => audio
    [transcribed_text] => 
)

[2025-04-29 10:39:00] FILES data: Array
(
    [audio_file] => Array
        (
            [name] => WhatsApp Audio 2025-04-24 at 2.08.05 PM.mpeg.wav
            [full_path] => WhatsApp Audio 2025-04-24 at 2.08.05 PM.mpeg.wav
            [type] => audio/wav
            [tmp_name] => /Applications/XAMPP/xamppfiles/temp/phpoCzzWU
            [error] => 0
            [size] => 972366
        )

)

[2025-04-29 10:39:00] Request method: POST
[2025-04-29 10:39:00] Input type: audio
[2025-04-29 10:39:00] Caller: 
[2025-04-29 10:39:00] === Processing Audio File ===
[2025-04-29 10:39:00] Audio file details: Array
(
    [name] => WhatsApp Audio 2025-04-24 at 2.08.05 PM.mpeg.wav
    [full_path] => WhatsApp Audio 2025-04-24 at 2.08.05 PM.mpeg.wav
    [type] => audio/wav
    [tmp_name] => /Applications/XAMPP/xamppfiles/temp/phpoCzzWU
    [error] => 0
    [size] => 972366
)

[2025-04-29 10:39:00] Upload path: uploads/68109024154e2_WhatsApp Audio 2025-04-24 at 2.08.05 PM.mpeg.wav
[2025-04-29 10:39:00] File moved successfully to: uploads/68109024154e2_WhatsApp Audio 2025-04-24 at 2.08.05 PM.mpeg.wav
[2025-04-29 10:39:00] Starting AssemblyAI upload...
[2025-04-29 10:39:00] === Starting AssemblyAI Upload ===
[2025-04-29 10:39:00] Audio file path: uploads/68109024154e2_WhatsApp Audio 2025-04-24 at 2.08.05 PM.mpeg.wav
[2025-04-29 10:39:00] Sending file to AssemblyAI upload endpoint...
[2025-04-29 10:39:04] HTTP Response Code: 200
[2025-04-29 10:39:04] Raw Response: {"upload_url":"https://cdn.assemblyai.com/upload/b7cfb8eb-8835-43fd-9926-b67e636e584b"}

[2025-04-29 10:39:04] Upload URL received: https://cdn.assemblyai.com/upload/b7cfb8eb-8835-43fd-9926-b67e636e584b
[2025-04-29 10:39:04] Starting transcription job...
[2025-04-29 10:39:04] Request body: {"audio_url":"https:\/\/cdn.assemblyai.com\/upload\/b7cfb8eb-8835-43fd-9926-b67e636e584b"}
[2025-04-29 10:39:05] HTTP Response Code: 200
[2025-04-29 10:39:05] Raw Response: {"id": "a405fd9e-19d6-4963-a08a-d1a271fe737f", "language_model": "assemblyai_default", "acoustic_model": "assemblyai_default", "language_code": "en_us", "status": "queued", "audio_url": "https://cdn.assemblyai.com/upload/b7cfb8eb-8835-43fd-9926-b67e636e584b", "text": null, "words": null, "utterances": null, "confidence": null, "audio_duration": null, "punctuate": true, "format_text": true, "dual_channel": null, "webhook_url": null, "webhook_status_code": null, "webhook_auth": false, "webhook_auth_header_name": null, "speed_boost": false, "auto_highlights_result": null, "auto_highlights": false, "audio_start_from": null, "audio_end_at": null, "word_boost": [], "boost_param": null, "prompt": null, "keyterms_prompt": null, "filter_profanity": false, "redact_pii": false, "redact_pii_audio": false, "redact_pii_audio_quality": null, "redact_pii_policies": null, "redact_pii_sub": null, "speaker_labels": false, "content_safety": false, "iab_categories": false, "content_safety_labels": {}, "iab_categories_result": {}, "language_detection": false, "language_confidence_threshold": null, "language_confidence": null, "custom_spelling": null, "throttled": false, "auto_chapters": false, "summarization": false, "summary_type": null, "summary_model": null, "custom_topics": false, "topics": [], "speech_threshold": null, "speech_model": null, "chapters": null, "disfluencies": false, "entity_detection": false, "sentiment_analysis": false, "sentiment_analysis_results": null, "entities": null, "speakers_expected": null, "summary": null, "custom_topics_results": null, "is_deleted": null, "multichannel": null, "project_id": 546162, "token_id": 547942}
[2025-04-29 10:39:05] AssemblyAI response: Array
(
    [id] => a405fd9e-19d6-4963-a08a-d1a271fe737f
    [language_model] => assemblyai_default
    [acoustic_model] => assemblyai_default
    [language_code] => en_us
    [status] => queued
    [audio_url] => https://cdn.assemblyai.com/upload/b7cfb8eb-8835-43fd-9926-b67e636e584b
    [text] => 
    [words] => 
    [utterances] => 
    [confidence] => 
    [audio_duration] => 
    [punctuate] => 1
    [format_text] => 1
    [dual_channel] => 
    [webhook_url] => 
    [webhook_status_code] => 
    [webhook_auth] => 
    [webhook_auth_header_name] => 
    [speed_boost] => 
    [auto_highlights_result] => 
    [auto_highlights] => 
    [audio_start_from] => 
    [audio_end_at] => 
    [word_boost] => Array
        (
        )

    [boost_param] => 
    [prompt] => 
    [keyterms_prompt] => 
    [filter_profanity] => 
    [redact_pii] => 
    [redact_pii_audio] => 
    [redact_pii_audio_quality] => 
    [redact_pii_policies] => 
    [redact_pii_sub] => 
    [speaker_labels] => 
    [content_safety] => 
    [iab_categories] => 
    [content_safety_labels] => Array
        (
        )

    [iab_categories_result] => Array
        (
        )

    [language_detection] => 
    [language_confidence_threshold] => 
    [language_confidence] => 
    [custom_spelling] => 
    [throttled] => 
    [auto_chapters] => 
    [summarization] => 
    [summary_type] => 
    [summary_model] => 
    [custom_topics] => 
    [topics] => Array
        (
        )

    [speech_threshold] => 
    [speech_model] => 
    [chapters] => 
    [disfluencies] => 
    [entity_detection] => 
    [sentiment_analysis] => 
    [sentiment_analysis_results] => 
    [entities] => 
    [speakers_expected] => 
    [summary] => 
    [custom_topics_results] => 
    [is_deleted] => 
    [multichannel] => 
    [project_id] => 546162
    [token_id] => 547942
)

[2025-04-29 10:39:05] Transcription ID: a405fd9e-19d6-4963-a08a-d1a271fe737f
[2025-04-29 10:39:15] === Checking Transcription Status ===
[2025-04-29 10:39:15] Transcript ID: a405fd9e-19d6-4963-a08a-d1a271fe737f
[2025-04-29 10:39:17] cURL verbose output: * Hostname api.assemblyai.com was found in DNS cache
*   Trying 54.191.221.63...
* TCP_NODELAY set
* Connected to api.assemblyai.com (54.191.221.63) port 443 (#0)
* ALPN, offering http/1.1
* Cipher selection: ALL:!EXPORT:!EXPORT40:!EXPORT56:!aNULL:!LOW:!RC4:@STRENGTH
* successfully set certificate verify locations:
*   CAfile: /Applications/XAMPP/xamppfiles/share/curl/curl-ca-bundle.crt
  CApath: none
* SSL connection using TLSv1.3 / TLS_AES_128_GCM_SHA256
* ALPN, server accepted to use http/1.1
* Server certificate:
*  subject: CN=*.assemblyai.com
*  start date: Jun 15 00:00:00 2024 GMT
*  expire date: Jul 14 23:59:59 2025 GMT
*  subjectAltName: host "api.assemblyai.com" matched cert's "*.assemblyai.com"
*  issuer: C=US; O=Amazon; CN=Amazon RSA 2048 M02
*  SSL certificate verify ok.
> GET /v2/transcript/a405fd9e-19d6-4963-a08a-d1a271fe737f HTTP/1.1
Host: api.assemblyai.com
Accept: */*
authorization: 7da2fc6e2f084d17a6696d5e67395bad

< HTTP/1.1 200 OK
< Date: Tue, 29 Apr 2025 08:39:16 GMT
< Content-Type: application/json; charset=UTF-8
< Content-Length: 1764
< Connection: keep-alive
< Set-Cookie: AWSALBTG=1Y/dPWvcrkRvohlguyRekUz51n6LFTf/23bdHRdqilkvpDd1zR9Tr2hm2DOglQ5T+SUKnmzq10vohbeUlzS0ZK97hwIzUOO19w5x517Ln+g5z5dKu9XbWFfnqv6hQG9wFTau88S+xyBHIXAS36N+SdgBIcpjfiCrb5yyauXVqrNH; Expires=Tue, 06 May 2025 08:39:16 GMT; Path=/
< Set-Cookie: AWSALBTGCORS=1Y/dPWvcrkRvohlguyRekUz51n6LFTf/23bdHRdqilkvpDd1zR9Tr2hm2DOglQ5T+SUKnmzq10vohbeUlzS0ZK97hwIzUOO19w5x517Ln+g5z5dKu9XbWFfnqv6hQG9wFTau88S+xyBHIXAS36N+SdgBIcpjfiCrb5yyauXVqrNH; Expires=Tue, 06 May 2025 08:39:16 GMT; Path=/; SameSite=None; Secure
< Set-Cookie: AWSALB=mvJKUGKMtA/BBoMUvEkfr4HvuBKdX7vDmZfNGvlOguJmQoirznnEq2tT7zsiiXhMWe+e2ff8R1TtNv1uBY0giTh7+3CHafjt4JUhFo+bDAR8O0ue8Eh5WEA79qqb; Expires=Tue, 06 May 2025 08:39:16 GMT; Path=/
< Set-Cookie: AWSALBCORS=mvJKUGKMtA/BBoMUvEkfr4HvuBKdX7vDmZfNGvlOguJmQoirznnEq2tT7zsiiXhMWe+e2ff8R1TtNv1uBY0giTh7+3CHafjt4JUhFo+bDAR8O0ue8Eh5WEA79qqb; Expires=Tue, 06 May 2025 08:39:16 GMT; Path=/; SameSite=None; Secure
< Access-Control-Allow-Origin: *
< Access-Control-Allow-Headers: Content-Type, Authorization, X-Requested-With, User-Agent, AssemblyAI-Agent
< Access-Control-Allow-Methods: POST, PUT, GET, OPTIONS
< Strict-Transport-Security: max-age=31536000; includeSubDomains; preload
< Etag: "4934efa1e4818c45112a79e9426792e1bfd40249"
< 
* Connection #0 to host api.assemblyai.com left intact

[2025-04-29 10:39:17] HTTP Response Code: 200
[2025-04-29 10:39:17] Response: {"id": "a405fd9e-19d6-4963-a08a-d1a271fe737f", "language_model": "assemblyai_default", "acoustic_model": "assemblyai_default", "language_code": "en_us", "status": "error", "audio_url": "https://cdn.assemblyai.com/upload/b7cfb8eb-8835-43fd-9926-b67e636e584b", "text": null, "words": null, "utterances": null, "confidence": null, "audio_duration": 0, "punctuate": true, "format_text": true, "dual_channel": null, "webhook_url": null, "webhook_status_code": null, "webhook_auth": false, "webhook_auth_header_name": null, "speed_boost": false, "auto_highlights_result": null, "auto_highlights": false, "audio_start_from": null, "audio_end_at": null, "word_boost": [], "boost_param": null, "prompt": null, "keyterms_prompt": [], "filter_profanity": false, "redact_pii": false, "redact_pii_audio": false, "redact_pii_audio_quality": null, "redact_pii_policies": null, "redact_pii_sub": null, "speaker_labels": false, "error": "Transcoding failed. File does not appear to contain audio. File type is application/octet-stream (data).", "content_safety": null, "iab_categories": null, "content_safety_labels": {}, "iab_categories_result": {}, "language_detection": false, "language_confidence_threshold": null, "language_confidence": null, "custom_spelling": null, "throttled": false, "auto_chapters": false, "summarization": false, "summary_type": null, "summary_model": null, "custom_topics": false, "topics": [], "speech_threshold": null, "speech_model": null, "chapters": null, "disfluencies": false, "entity_detection": false, "sentiment_analysis": false, "sentiment_analysis_results": null, "entities": null, "speakers_expected": null, "summary": null, "custom_topics_results": null, "is_deleted": null, "multichannel": null, "project_id": 546162, "token_id": 547942}
[2025-04-29 10:39:17] Transcription status (attempt 1): Array
(
    [id] => a405fd9e-19d6-4963-a08a-d1a271fe737f
    [language_model] => assemblyai_default
    [acoustic_model] => assemblyai_default
    [language_code] => en_us
    [status] => error
    [audio_url] => https://cdn.assemblyai.com/upload/b7cfb8eb-8835-43fd-9926-b67e636e584b
    [text] => 
    [words] => 
    [utterances] => 
    [confidence] => 
    [audio_duration] => 0
    [punctuate] => 1
    [format_text] => 1
    [dual_channel] => 
    [webhook_url] => 
    [webhook_status_code] => 
    [webhook_auth] => 
    [webhook_auth_header_name] => 
    [speed_boost] => 
    [auto_highlights_result] => 
    [auto_highlights] => 
    [audio_start_from] => 
    [audio_end_at] => 
    [word_boost] => Array
        (
        )

    [boost_param] => 
    [prompt] => 
    [keyterms_prompt] => Array
        (
        )

    [filter_profanity] => 
    [redact_pii] => 
    [redact_pii_audio] => 
    [redact_pii_audio_quality] => 
    [redact_pii_policies] => 
    [redact_pii_sub] => 
    [speaker_labels] => 
    [error] => Transcoding failed. File does not appear to contain audio. File type is application/octet-stream (data).
    [content_safety] => 
    [iab_categories] => 
    [content_safety_labels] => Array
        (
        )

    [iab_categories_result] => Array
        (
        )

    [language_detection] => 
    [language_confidence_threshold] => 
    [language_confidence] => 
    [custom_spelling] => 
    [throttled] => 
    [auto_chapters] => 
    [summarization] => 
    [summary_type] => 
    [summary_model] => 
    [custom_topics] => 
    [topics] => Array
        (
        )

    [speech_threshold] => 
    [speech_model] => 
    [chapters] => 
    [disfluencies] => 
    [entity_detection] => 
    [sentiment_analysis] => 
    [sentiment_analysis_results] => 
    [entities] => 
    [speakers_expected] => 
    [summary] => 
    [custom_topics_results] => 
    [is_deleted] => 
    [multichannel] => 
    [project_id] => 546162
    [token_id] => 547942
)

[2025-04-29 10:39:17] Audio processing error: Transcription failed: Transcoding failed. File does not appear to contain audio. File type is application/octet-stream (data).
[2025-04-29 10:39:17] Cleaned up uploaded file: uploads/68109024154e2_WhatsApp Audio 2025-04-24 at 2.08.05 PM.mpeg.wav
[2025-04-29 10:39:17] No text to analyze - final check
[2025-04-29 10:40:13] API key found in .env file
[2025-04-29 10:40:13] Environment variables loaded successfully
[2025-04-29 10:40:13] === Form Submission Debug ===
[2025-04-29 10:40:13] POST data: Array
(
    [caller] => 
    [input_type] => audio
    [transcribed_text] => 
)

[2025-04-29 10:40:13] FILES data: Array
(
    [audio_file] => Array
        (
            [name] => WhatsApp Audio 2025-04-24 at 2.08.05 PM.mpeg.wav
            [full_path] => WhatsApp Audio 2025-04-24 at 2.08.05 PM.mpeg.wav
            [type] => audio/wav
            [tmp_name] => /Applications/XAMPP/xamppfiles/temp/phpI4qev5
            [error] => 0
            [size] => 972366
        )

)

[2025-04-29 10:40:13] Request method: POST
[2025-04-29 10:40:13] Input type: audio
[2025-04-29 10:40:13] Caller: 
[2025-04-29 10:40:13] === Processing Audio File ===
[2025-04-29 10:40:13] Audio file details: Array
(
    [name] => WhatsApp Audio 2025-04-24 at 2.08.05 PM.mpeg.wav
    [full_path] => WhatsApp Audio 2025-04-24 at 2.08.05 PM.mpeg.wav
    [type] => audio/wav
    [tmp_name] => /Applications/XAMPP/xamppfiles/temp/phpI4qev5
    [error] => 0
    [size] => 972366
)

[2025-04-29 10:40:13] Upload path: uploads/6810906d5080b_WhatsApp Audio 2025-04-24 at 2.08.05 PM.mpeg.wav
[2025-04-29 10:40:13] File moved successfully to: uploads/6810906d5080b_WhatsApp Audio 2025-04-24 at 2.08.05 PM.mpeg.wav
[2025-04-29 10:40:13] Starting AssemblyAI upload...
[2025-04-29 10:40:13] === Starting AssemblyAI Upload ===
[2025-04-29 10:40:13] Audio file path: uploads/6810906d5080b_WhatsApp Audio 2025-04-24 at 2.08.05 PM.mpeg.wav
[2025-04-29 10:40:13] Detected MIME type: audio/wav
[2025-04-29 10:40:13] Sending file to AssemblyAI upload endpoint...
[2025-04-29 10:40:18] HTTP Response Code: 200
[2025-04-29 10:40:18] Raw Response: {"upload_url":"https://cdn.assemblyai.com/upload/3d028b97-882e-46ec-8b27-9a9a89fc8eea"}

[2025-04-29 10:40:18] Upload URL received: https://cdn.assemblyai.com/upload/3d028b97-882e-46ec-8b27-9a9a89fc8eea
[2025-04-29 10:40:18] Starting transcription job...
[2025-04-29 10:40:18] Request body: {"audio_url":"https:\/\/cdn.assemblyai.com\/upload\/3d028b97-882e-46ec-8b27-9a9a89fc8eea"}
[2025-04-29 10:40:19] HTTP Response Code: 200
[2025-04-29 10:40:19] Raw Response: {"id": "31405207-a7c3-4ae1-ba80-0eb45673ab2a", "language_model": "assemblyai_default", "acoustic_model": "assemblyai_default", "language_code": "en_us", "status": "queued", "audio_url": "https://cdn.assemblyai.com/upload/3d028b97-882e-46ec-8b27-9a9a89fc8eea", "text": null, "words": null, "utterances": null, "confidence": null, "audio_duration": null, "punctuate": true, "format_text": true, "dual_channel": null, "webhook_url": null, "webhook_status_code": null, "webhook_auth": false, "webhook_auth_header_name": null, "speed_boost": false, "auto_highlights_result": null, "auto_highlights": false, "audio_start_from": null, "audio_end_at": null, "word_boost": [], "boost_param": null, "prompt": null, "keyterms_prompt": null, "filter_profanity": false, "redact_pii": false, "redact_pii_audio": false, "redact_pii_audio_quality": null, "redact_pii_policies": null, "redact_pii_sub": null, "speaker_labels": false, "content_safety": false, "iab_categories": false, "content_safety_labels": {}, "iab_categories_result": {}, "language_detection": false, "language_confidence_threshold": null, "language_confidence": null, "custom_spelling": null, "throttled": false, "auto_chapters": false, "summarization": false, "summary_type": null, "summary_model": null, "custom_topics": false, "topics": [], "speech_threshold": null, "speech_model": null, "chapters": null, "disfluencies": false, "entity_detection": false, "sentiment_analysis": false, "sentiment_analysis_results": null, "entities": null, "speakers_expected": null, "summary": null, "custom_topics_results": null, "is_deleted": null, "multichannel": null, "project_id": 546162, "token_id": 547942}
[2025-04-29 10:40:19] AssemblyAI response: Array
(
    [id] => 31405207-a7c3-4ae1-ba80-0eb45673ab2a
    [language_model] => assemblyai_default
    [acoustic_model] => assemblyai_default
    [language_code] => en_us
    [status] => queued
    [audio_url] => https://cdn.assemblyai.com/upload/3d028b97-882e-46ec-8b27-9a9a89fc8eea
    [text] => 
    [words] => 
    [utterances] => 
    [confidence] => 
    [audio_duration] => 
    [punctuate] => 1
    [format_text] => 1
    [dual_channel] => 
    [webhook_url] => 
    [webhook_status_code] => 
    [webhook_auth] => 
    [webhook_auth_header_name] => 
    [speed_boost] => 
    [auto_highlights_result] => 
    [auto_highlights] => 
    [audio_start_from] => 
    [audio_end_at] => 
    [word_boost] => Array
        (
        )

    [boost_param] => 
    [prompt] => 
    [keyterms_prompt] => 
    [filter_profanity] => 
    [redact_pii] => 
    [redact_pii_audio] => 
    [redact_pii_audio_quality] => 
    [redact_pii_policies] => 
    [redact_pii_sub] => 
    [speaker_labels] => 
    [content_safety] => 
    [iab_categories] => 
    [content_safety_labels] => Array
        (
        )

    [iab_categories_result] => Array
        (
        )

    [language_detection] => 
    [language_confidence_threshold] => 
    [language_confidence] => 
    [custom_spelling] => 
    [throttled] => 
    [auto_chapters] => 
    [summarization] => 
    [summary_type] => 
    [summary_model] => 
    [custom_topics] => 
    [topics] => Array
        (
        )

    [speech_threshold] => 
    [speech_model] => 
    [chapters] => 
    [disfluencies] => 
    [entity_detection] => 
    [sentiment_analysis] => 
    [sentiment_analysis_results] => 
    [entities] => 
    [speakers_expected] => 
    [summary] => 
    [custom_topics_results] => 
    [is_deleted] => 
    [multichannel] => 
    [project_id] => 546162
    [token_id] => 547942
)

[2025-04-29 10:40:19] Transcription ID: 31405207-a7c3-4ae1-ba80-0eb45673ab2a
[2025-04-29 10:40:29] === Checking Transcription Status ===
[2025-04-29 10:40:29] Transcript ID: 31405207-a7c3-4ae1-ba80-0eb45673ab2a
[2025-04-29 10:40:31] cURL verbose output: * Hostname api.assemblyai.com was found in DNS cache
*   Trying 34.214.32.69...
* TCP_NODELAY set
* Connected to api.assemblyai.com (34.214.32.69) port 443 (#0)
* ALPN, offering http/1.1
* Cipher selection: ALL:!EXPORT:!EXPORT40:!EXPORT56:!aNULL:!LOW:!RC4:@STRENGTH
* successfully set certificate verify locations:
*   CAfile: /Applications/XAMPP/xamppfiles/share/curl/curl-ca-bundle.crt
  CApath: none
* SSL connection using TLSv1.3 / TLS_AES_128_GCM_SHA256
* ALPN, server accepted to use http/1.1
* Server certificate:
*  subject: CN=*.assemblyai.com
*  start date: Jun 15 00:00:00 2024 GMT
*  expire date: Jul 14 23:59:59 2025 GMT
*  subjectAltName: host "api.assemblyai.com" matched cert's "*.assemblyai.com"
*  issuer: C=US; O=Amazon; CN=Amazon RSA 2048 M02
*  SSL certificate verify ok.
> GET /v2/transcript/31405207-a7c3-4ae1-ba80-0eb45673ab2a HTTP/1.1
Host: api.assemblyai.com
Accept: */*
authorization: 7da2fc6e2f084d17a6696d5e67395bad

< HTTP/1.1 200 OK
< Date: Tue, 29 Apr 2025 08:40:30 GMT
< Content-Type: application/json; charset=UTF-8
< Content-Length: 2864
< Connection: keep-alive
< Set-Cookie: AWSALBTG=3iMysHigy8AP8lqtpZVJdxZ/pBwMl0yaR4koMOyhpWYNDyh4qbYiwrPO0U2gaXLIDqRtiz/mFbfUOOPCENjID1IfYqxSXIH+mSgrZlLjkLVia+HTbNNW1zkwWlbaJIvotN9IQQWPOCDapbGqFVhABzEkUBtPxbXsNCkdD/x1vOWa; Expires=Tue, 06 May 2025 08:40:30 GMT; Path=/
< Set-Cookie: AWSALBTGCORS=3iMysHigy8AP8lqtpZVJdxZ/pBwMl0yaR4koMOyhpWYNDyh4qbYiwrPO0U2gaXLIDqRtiz/mFbfUOOPCENjID1IfYqxSXIH+mSgrZlLjkLVia+HTbNNW1zkwWlbaJIvotN9IQQWPOCDapbGqFVhABzEkUBtPxbXsNCkdD/x1vOWa; Expires=Tue, 06 May 2025 08:40:30 GMT; Path=/; SameSite=None; Secure
< Set-Cookie: AWSALB=iEyld5tOXWoS4PZs0mxpVUFXvRKCn6TeJ73GyiiQ1WniFONfIK3TuFmN9K0NUzbs9GDECjfzC13p8mlBMhFOEKAfV8vdrbDE53njal2yhmQe+cNyRFYm/FEmXElp; Expires=Tue, 06 May 2025 08:40:30 GMT; Path=/
< Set-Cookie: AWSALBCORS=iEyld5tOXWoS4PZs0mxpVUFXvRKCn6TeJ73GyiiQ1WniFONfIK3TuFmN9K0NUzbs9GDECjfzC13p8mlBMhFOEKAfV8vdrbDE53njal2yhmQe+cNyRFYm/FEmXElp; Expires=Tue, 06 May 2025 08:40:30 GMT; Path=/; SameSite=None; Secure
< Access-Control-Allow-Origin: *
< Access-Control-Allow-Headers: Content-Type, Authorization, X-Requested-With, User-Agent, AssemblyAI-Agent
< Access-Control-Allow-Methods: POST, PUT, GET, OPTIONS
< Strict-Transport-Security: max-age=31536000; includeSubDomains; preload
< Etag: "9f0a6b9eaecc89cf4ab9d3abf4a719bd794a510d"
< 
* Connection #0 to host api.assemblyai.com left intact

[2025-04-29 10:40:31] HTTP Response Code: 200
[2025-04-29 10:40:31] Response: {"id": "31405207-a7c3-4ae1-ba80-0eb45673ab2a", "language_model": "assemblyai_default", "acoustic_model": "assemblyai_default", "language_code": "en_us", "status": "completed", "audio_url": "https://cdn.assemblyai.com/upload/3d028b97-882e-46ec-8b27-9a9a89fc8eea", "text": "This is the audio that I'm recording for the website sentiment analyzer.", "words": [{"text": "This", "start": 480, "end": 592, "confidence": 0.99998, "speaker": null}, {"text": "is", "start": 592, "end": 680, "confidence": 1.0, "speaker": null}, {"text": "the", "start": 680, "end": 800, "confidence": 0.99999, "speaker": null}, {"text": "audio", "start": 816, "end": 1016, "confidence": 0.99085, "speaker": null}, {"text": "that", "start": 1048, "end": 1240, "confidence": 0.99995, "speaker": null}, {"text": "I'm", "start": 1280, "end": 1448, "confidence": 0.97459, "speaker": null}, {"text": "recording", "start": 1464, "end": 1784, "confidence": 0.9149, "speaker": null}, {"text": "for", "start": 1832, "end": 1992, "confidence": 0.99998, "speaker": null}, {"text": "the", "start": 2016, "end": 2152, "confidence": 0.99999, "speaker": null}, {"text": "website", "start": 2176, "end": 2744, "confidence": 0.99991, "speaker": null}, {"text": "sentiment", "start": 2912, "end": 3656, "confidence": 0.43069, "speaker": null}, {"text": "analyzer.", "start": 3688, "end": 4200, "confidence": 0.88026, "speaker": null}], "utterances": null, "confidence": 0.93259084, "audio_duration": 6, "punctuate": true, "format_text": true, "dual_channel": null, "webhook_url": null, "webhook_status_code": null, "webhook_auth": false, "webhook_auth_header_name": null, "speed_boost": false, "auto_highlights_result": null, "auto_highlights": false, "audio_start_from": null, "audio_end_at": null, "word_boost": [], "boost_param": null, "prompt": null, "keyterms_prompt": [], "filter_profanity": false, "redact_pii": false, "redact_pii_audio": false, "redact_pii_audio_quality": null, "redact_pii_policies": null, "redact_pii_sub": null, "speaker_labels": false, "content_safety": false, "iab_categories": false, "content_safety_labels": {"status": "unavailable", "results": [], "summary": {}}, "iab_categories_result": {"status": "unavailable", "results": [], "summary": {}}, "language_detection": false, "language_confidence_threshold": null, "language_confidence": null, "custom_spelling": null, "throttled": false, "auto_chapters": false, "summarization": false, "summary_type": null, "summary_model": null, "custom_topics": false, "topics": [], "speech_threshold": null, "speech_model": null, "chapters": null, "disfluencies": false, "entity_detection": false, "sentiment_analysis": false, "sentiment_analysis_results": null, "entities": null, "speakers_expected": null, "summary": null, "custom_topics_results": null, "is_deleted": null, "multichannel": null, "project_id": 546162, "token_id": 547942}
[2025-04-29 10:40:31] Transcription status (attempt 1): Array
(
    [id] => 31405207-a7c3-4ae1-ba80-0eb45673ab2a
    [language_model] => assemblyai_default
    [acoustic_model] => assemblyai_default
    [language_code] => en_us
    [status] => completed
    [audio_url] => https://cdn.assemblyai.com/upload/3d028b97-882e-46ec-8b27-9a9a89fc8eea
    [text] => This is the audio that I'm recording for the website sentiment analyzer.
    [words] => Array
        (
            [0] => Array
                (
                    [text] => This
                    [start] => 480
                    [end] => 592
                    [confidence] => 0.99998
                    [speaker] => 
                )

            [1] => Array
                (
                    [text] => is
                    [start] => 592
                    [end] => 680
                    [confidence] => 1
                    [speaker] => 
                )

            [2] => Array
                (
                    [text] => the
                    [start] => 680
                    [end] => 800
                    [confidence] => 0.99999
                    [speaker] => 
                )

            [3] => Array
                (
                    [text] => audio
                    [start] => 816
                    [end] => 1016
                    [confidence] => 0.99085
                    [speaker] => 
                )

            [4] => Array
                (
                    [text] => that
                    [start] => 1048
                    [end] => 1240
                    [confidence] => 0.99995
                    [speaker] => 
                )

            [5] => Array
                (
                    [text] => I'm
                    [start] => 1280
                    [end] => 1448
                    [confidence] => 0.97459
                    [speaker] => 
                )

            [6] => Array
                (
                    [text] => recording
                    [start] => 1464
                    [end] => 1784
                    [confidence] => 0.9149
                    [speaker] => 
                )

            [7] => Array
                (
                    [text] => for
                    [start] => 1832
                    [end] => 1992
                    [confidence] => 0.99998
                    [speaker] => 
                )

            [8] => Array
                (
                    [text] => the
                    [start] => 2016
                    [end] => 2152
                    [confidence] => 0.99999
                    [speaker] => 
                )

            [9] => Array
                (
                    [text] => website
                    [start] => 2176
                    [end] => 2744
                    [confidence] => 0.99991
                    [speaker] => 
                )

            [10] => Array
                (
                    [text] => sentiment
                    [start] => 2912
                    [end] => 3656
                    [confidence] => 0.43069
                    [speaker] => 
                )

            [11] => Array
                (
                    [text] => analyzer.
                    [start] => 3688
                    [end] => 4200
                    [confidence] => 0.88026
                    [speaker] => 
                )

        )

    [utterances] => 
    [confidence] => 0.93259084
    [audio_duration] => 6
    [punctuate] => 1
    [format_text] => 1
    [dual_channel] => 
    [webhook_url] => 
    [webhook_status_code] => 
    [webhook_auth] => 
    [webhook_auth_header_name] => 
    [speed_boost] => 
    [auto_highlights_result] => 
    [auto_highlights] => 
    [audio_start_from] => 
    [audio_end_at] => 
    [word_boost] => Array
        (
        )

    [boost_param] => 
    [prompt] => 
    [keyterms_prompt] => Array
        (
        )

    [filter_profanity] => 
    [redact_pii] => 
    [redact_pii_audio] => 
    [redact_pii_audio_quality] => 
    [redact_pii_policies] => 
    [redact_pii_sub] => 
    [speaker_labels] => 
    [content_safety] => 
    [iab_categories] => 
    [content_safety_labels] => Array
        (
            [status] => unavailable
            [results] => Array
                (
                )

            [summary] => Array
                (
                )

        )

    [iab_categories_result] => Array
        (
            [status] => unavailable
            [results] => Array
                (
                )

            [summary] => Array
                (
                )

        )

    [language_detection] => 
    [language_confidence_threshold] => 
    [language_confidence] => 
    [custom_spelling] => 
    [throttled] => 
    [auto_chapters] => 
    [summarization] => 
    [summary_type] => 
    [summary_model] => 
    [custom_topics] => 
    [topics] => Array
        (
        )

    [speech_threshold] => 
    [speech_model] => 
    [chapters] => 
    [disfluencies] => 
    [entity_detection] => 
    [sentiment_analysis] => 
    [sentiment_analysis_results] => 
    [entities] => 
    [speakers_expected] => 
    [summary] => 
    [custom_topics_results] => 
    [is_deleted] => 
    [multichannel] => 
    [project_id] => 546162
    [token_id] => 547942
)

[2025-04-29 10:40:31] Transcription completed with text: This is the audio that I'm recording for the website sentiment analyzer.
[2025-04-29 10:40:31] Cleaned up uploaded file: uploads/6810906d5080b_WhatsApp Audio 2025-04-24 at 2.08.05 PM.mpeg.wav
[2025-04-29 10:42:28] API key found in .env file
[2025-04-29 10:42:28] Environment variables loaded successfully
[2025-04-29 10:42:28] === Form Submission Debug ===
[2025-04-29 10:42:28] POST data: Array
(
    [caller] => 
    [input_type] => audio
    [transcribed_text] => 
)

[2025-04-29 10:42:28] FILES data: Array
(
    [audio_file] => Array
        (
            [name] => harvard.wav
            [full_path] => harvard.wav
            [type] => audio/wav
            [tmp_name] => /Applications/XAMPP/xamppfiles/temp/phptr9qw9
            [error] => 0
            [size] => 3249924
        )

)

[2025-04-29 10:42:28] Request method: POST
[2025-04-29 10:42:28] Input type: audio
[2025-04-29 10:42:28] Caller: 
[2025-04-29 10:42:28] === Processing Audio File ===
[2025-04-29 10:42:28] Audio file details: Array
(
    [name] => harvard.wav
    [full_path] => harvard.wav
    [type] => audio/wav
    [tmp_name] => /Applications/XAMPP/xamppfiles/temp/phptr9qw9
    [error] => 0
    [size] => 3249924
)

[2025-04-29 10:42:28] Upload path: uploads/681090f4abcc9_harvard.wav
[2025-04-29 10:42:28] File moved successfully to: uploads/681090f4abcc9_harvard.wav
[2025-04-29 10:42:28] Starting AssemblyAI upload...
[2025-04-29 10:42:28] === Starting AssemblyAI Upload ===
[2025-04-29 10:42:28] Audio file path: uploads/681090f4abcc9_harvard.wav
[2025-04-29 10:42:28] Detected MIME type: audio/wav
[2025-04-29 10:42:28] Sending file to AssemblyAI upload endpoint...
[2025-04-29 10:42:41] HTTP Response Code: 200
[2025-04-29 10:42:41] Raw Response: {"upload_url":"https://cdn.assemblyai.com/upload/1f1beeff-e816-4aef-b39c-30ed98ad2933"}

[2025-04-29 10:42:41] Upload URL received: https://cdn.assemblyai.com/upload/1f1beeff-e816-4aef-b39c-30ed98ad2933
[2025-04-29 10:42:41] Starting transcription job...
[2025-04-29 10:42:41] Request body: {"audio_url":"https:\/\/cdn.assemblyai.com\/upload\/1f1beeff-e816-4aef-b39c-30ed98ad2933"}
[2025-04-29 10:42:43] HTTP Response Code: 200
[2025-04-29 10:42:43] Raw Response: {"id": "511a21c9-aa07-416f-9df4-e17494156267", "language_model": "assemblyai_default", "acoustic_model": "assemblyai_default", "language_code": "en_us", "status": "queued", "audio_url": "https://cdn.assemblyai.com/upload/1f1beeff-e816-4aef-b39c-30ed98ad2933", "text": null, "words": null, "utterances": null, "confidence": null, "audio_duration": null, "punctuate": true, "format_text": true, "dual_channel": null, "webhook_url": null, "webhook_status_code": null, "webhook_auth": false, "webhook_auth_header_name": null, "speed_boost": false, "auto_highlights_result": null, "auto_highlights": false, "audio_start_from": null, "audio_end_at": null, "word_boost": [], "boost_param": null, "prompt": null, "keyterms_prompt": null, "filter_profanity": false, "redact_pii": false, "redact_pii_audio": false, "redact_pii_audio_quality": null, "redact_pii_policies": null, "redact_pii_sub": null, "speaker_labels": false, "content_safety": false, "iab_categories": false, "content_safety_labels": {}, "iab_categories_result": {}, "language_detection": false, "language_confidence_threshold": null, "language_confidence": null, "custom_spelling": null, "throttled": false, "auto_chapters": false, "summarization": false, "summary_type": null, "summary_model": null, "custom_topics": false, "topics": [], "speech_threshold": null, "speech_model": null, "chapters": null, "disfluencies": false, "entity_detection": false, "sentiment_analysis": false, "sentiment_analysis_results": null, "entities": null, "speakers_expected": null, "summary": null, "custom_topics_results": null, "is_deleted": null, "multichannel": null, "project_id": 546162, "token_id": 547942}
[2025-04-29 10:42:43] AssemblyAI response: Array
(
    [id] => 511a21c9-aa07-416f-9df4-e17494156267
    [language_model] => assemblyai_default
    [acoustic_model] => assemblyai_default
    [language_code] => en_us
    [status] => queued
    [audio_url] => https://cdn.assemblyai.com/upload/1f1beeff-e816-4aef-b39c-30ed98ad2933
    [text] => 
    [words] => 
    [utterances] => 
    [confidence] => 
    [audio_duration] => 
    [punctuate] => 1
    [format_text] => 1
    [dual_channel] => 
    [webhook_url] => 
    [webhook_status_code] => 
    [webhook_auth] => 
    [webhook_auth_header_name] => 
    [speed_boost] => 
    [auto_highlights_result] => 
    [auto_highlights] => 
    [audio_start_from] => 
    [audio_end_at] => 
    [word_boost] => Array
        (
        )

    [boost_param] => 
    [prompt] => 
    [keyterms_prompt] => 
    [filter_profanity] => 
    [redact_pii] => 
    [redact_pii_audio] => 
    [redact_pii_audio_quality] => 
    [redact_pii_policies] => 
    [redact_pii_sub] => 
    [speaker_labels] => 
    [content_safety] => 
    [iab_categories] => 
    [content_safety_labels] => Array
        (
        )

    [iab_categories_result] => Array
        (
        )

    [language_detection] => 
    [language_confidence_threshold] => 
    [language_confidence] => 
    [custom_spelling] => 
    [throttled] => 
    [auto_chapters] => 
    [summarization] => 
    [summary_type] => 
    [summary_model] => 
    [custom_topics] => 
    [topics] => Array
        (
        )

    [speech_threshold] => 
    [speech_model] => 
    [chapters] => 
    [disfluencies] => 
    [entity_detection] => 
    [sentiment_analysis] => 
    [sentiment_analysis_results] => 
    [entities] => 
    [speakers_expected] => 
    [summary] => 
    [custom_topics_results] => 
    [is_deleted] => 
    [multichannel] => 
    [project_id] => 546162
    [token_id] => 547942
)

[2025-04-29 10:42:43] Transcription ID: 511a21c9-aa07-416f-9df4-e17494156267
[2025-04-29 10:42:53] === Checking Transcription Status ===
[2025-04-29 10:42:53] Transcript ID: 511a21c9-aa07-416f-9df4-e17494156267
[2025-04-29 10:42:54] cURL verbose output: * Hostname api.assemblyai.com was found in DNS cache
*   Trying 34.214.32.69...
* TCP_NODELAY set
* Connected to api.assemblyai.com (34.214.32.69) port 443 (#0)
* ALPN, offering http/1.1
* Cipher selection: ALL:!EXPORT:!EXPORT40:!EXPORT56:!aNULL:!LOW:!RC4:@STRENGTH
* successfully set certificate verify locations:
*   CAfile: /Applications/XAMPP/xamppfiles/share/curl/curl-ca-bundle.crt
  CApath: none
* SSL connection using TLSv1.3 / TLS_AES_128_GCM_SHA256
* ALPN, server accepted to use http/1.1
* Server certificate:
*  subject: CN=*.assemblyai.com
*  start date: Jun 15 00:00:00 2024 GMT
*  expire date: Jul 14 23:59:59 2025 GMT
*  subjectAltName: host "api.assemblyai.com" matched cert's "*.assemblyai.com"
*  issuer: C=US; O=Amazon; CN=Amazon RSA 2048 M02
*  SSL certificate verify ok.
> GET /v2/transcript/511a21c9-aa07-416f-9df4-e17494156267 HTTP/1.1
Host: api.assemblyai.com
Accept: */*
authorization: 7da2fc6e2f084d17a6696d5e67395bad

< HTTP/1.1 200 OK
< Date: Tue, 29 Apr 2025 08:42:54 GMT
< Content-Type: application/json; charset=UTF-8
< Content-Length: 5712
< Connection: keep-alive
< Set-Cookie: AWSALBTG=1hrzoaGIKSC5PKpHOplo2h5BJ21FlrNSUQKniPnu2Gf8aTqSfTGgZPyV2Z0N0doOnpiA2QCKXIP/pX8N/93AA5eh94XgA8diory1CpHiqaMha7G8DAiUajW9jD9cnD4RXeawpBWbNALZ8Jvs+Pg9y4XGKkg4fK5bCkmTEYBWXitt; Expires=Tue, 06 May 2025 08:42:53 GMT; Path=/
< Set-Cookie: AWSALBTGCORS=1hrzoaGIKSC5PKpHOplo2h5BJ21FlrNSUQKniPnu2Gf8aTqSfTGgZPyV2Z0N0doOnpiA2QCKXIP/pX8N/93AA5eh94XgA8diory1CpHiqaMha7G8DAiUajW9jD9cnD4RXeawpBWbNALZ8Jvs+Pg9y4XGKkg4fK5bCkmTEYBWXitt; Expires=Tue, 06 May 2025 08:42:53 GMT; Path=/; SameSite=None; Secure
< Set-Cookie: AWSALB=JZpbm4NZZIcoGiwdaZHrcagcsQqgYGxk2v5nflApayr2C7gC2fJWvuWdFjncGodC1fdEa99iHONu5S4RvKPRGtsllmEw2aFoN9CbCRiDM2L9oR46qlESVbKp5yzK; Expires=Tue, 06 May 2025 08:42:53 GMT; Path=/
< Set-Cookie: AWSALBCORS=JZpbm4NZZIcoGiwdaZHrcagcsQqgYGxk2v5nflApayr2C7gC2fJWvuWdFjncGodC1fdEa99iHONu5S4RvKPRGtsllmEw2aFoN9CbCRiDM2L9oR46qlESVbKp5yzK; Expires=Tue, 06 May 2025 08:42:53 GMT; Path=/; SameSite=None; Secure
< Access-Control-Allow-Origin: *
< Access-Control-Allow-Headers: Content-Type, Authorization, X-Requested-With, User-Agent, AssemblyAI-Agent
< Access-Control-Allow-Methods: POST, PUT, GET, OPTIONS
< Strict-Transport-Security: max-age=31536000; includeSubDomains; preload
< Etag: "d5d1431825d795f21c99f84f651d5ec2a0580c96"
< 
* Connection #0 to host api.assemblyai.com left intact

[2025-04-29 10:42:54] HTTP Response Code: 200
[2025-04-29 10:42:54] Response: {"id": "511a21c9-aa07-416f-9df4-e17494156267", "language_model": "assemblyai_default", "acoustic_model": "assemblyai_default", "language_code": "en_us", "status": "completed", "audio_url": "https://cdn.assemblyai.com/upload/1f1beeff-e816-4aef-b39c-30ed98ad2933", "text": "The stale smell of old beer lingers. It takes heat to bring out the odor. A cold dip restores health and zest. A salt pickle tastes fine with ham. Tacos al pastor are my favorite. A zestful food is the hot cross bun.", "words": [{"text": "The", "start": 1360, "end": 1472, "confidence": 0.99918, "speaker": null}, {"text": "stale", "start": 1472, "end": 1848, "confidence": 0.53298, "speaker": null}, {"text": "smell", "start": 1896, "end": 2216, "confidence": 0.79792, "speaker": null}, {"text": "of", "start": 2248, "end": 2392, "confidence": 0.99994, "speaker": null}, {"text": "old", "start": 2416, "end": 2648, "confidence": 0.59277, "speaker": null}, {"text": "beer", "start": 2704, "end": 3064, "confidence": 0.70569, "speaker": null}, {"text": "lingers.", "start": 3112, "end": 3976, "confidence": 0.99997, "speaker": null}, {"text": "It", "start": 4168, "end": 4520, "confidence": 0.99965, "speaker": null}, {"text": "takes", "start": 4560, "end": 4856, "confidence": 0.99995, "speaker": null}, {"text": "heat", "start": 4888, "end": 5144, "confidence": 0.99993, "speaker": null}, {"text": "to", "start": 5192, "end": 5352, "confidence": 0.99986, "speaker": null}, {"text": "bring", "start": 5376, "end": 5560, "confidence": 0.99996, "speaker": null}, {"text": "out", "start": 5600, "end": 5752, "confidence": 0.99993, "speaker": null}, {"text": "the", "start": 5776, "end": 5912, "confidence": 0.99953, "speaker": null}, {"text": "odor.", "start": 5936, "end": 6680, "confidence": 0.99913, "speaker": null}, {"text": "A", "start": 6840, "end": 7112, "confidence": 0.99986, "speaker": null}, {"text": "cold", "start": 7136, "end": 7432, "confidence": 0.62239, "speaker": null}, {"text": "dip", "start": 7496, "end": 7928, "confidence": 0.99992, "speaker": null}, {"text": "restores", "start": 8024, "end": 8456, "confidence": 0.99982, "speaker": null}, {"text": "health", "start": 8488, "end": 8680, "confidence": 0.99941, "speaker": null}, {"text": "and", "start": 8720, "end": 8968, "confidence": 0.70565, "speaker": null}, {"text": "zest.", "start": 9024, "end": 9640, "confidence": 0.99919, "speaker": null}, {"text": "A", "start": 9800, "end": 10120, "confidence": 0.99775, "speaker": null}, {"text": "salt", "start": 10160, "end": 10456, "confidence": 0.99965, "speaker": null}, {"text": "pickle", "start": 10488, "end": 10984, "confidence": 0.83497, "speaker": null}, {"text": "tastes", "start": 11032, "end": 11336, "confidence": 0.99909, "speaker": null}, {"text": "fine", "start": 11368, "end": 11576, "confidence": 0.99984, "speaker": null}, {"text": "with", "start": 11608, "end": 11752, "confidence": 0.99983, "speaker": null}, {"text": "ham.", "start": 11776, "end": 12312, "confidence": 0.99152, "speaker": null}, {"text": "Tacos", "start": 12456, "end": 12936, "confidence": 0.9982, "speaker": null}, {"text": "al", "start": 12968, "end": 13160, "confidence": 0.98868, "speaker": null}, {"text": "pastor", "start": 13200, "end": 13672, "confidence": 0.9982, "speaker": null}, {"text": "are", "start": 13736, "end": 13864, "confidence": 0.99956, "speaker": null}, {"text": "my", "start": 13872, "end": 13992, "confidence": 0.99953, "speaker": null}, {"text": "favorite.", "start": 14016, "end": 14728, "confidence": 0.67275, "speaker": null}, {"text": "A", "start": 14904, "end": 15192, "confidence": 0.99784, "speaker": null}, {"text": "zestful", "start": 15216, "end": 15656, "confidence": 0.9925, "speaker": null}, {"text": "food", "start": 15688, "end": 16024, "confidence": 0.99924, "speaker": null}, {"text": "is", "start": 16112, "end": 16360, "confidence": 0.9996, "speaker": null}, {"text": "the", "start": 16400, "end": 16552, "confidence": 0.99903, "speaker": null}, {"text": "hot", "start": 16576, "end": 16760, "confidence": 0.99975, "speaker": null}, {"text": "cross", "start": 16800, "end": 17144, "confidence": 0.99752, "speaker": null}, {"text": "bun.", "start": 17192, "end": 17400, "confidence": 0.62028, "speaker": null}], "utterances": null, "confidence": 0.9311153, "audio_duration": 19, "punctuate": true, "format_text": true, "dual_channel": null, "webhook_url": null, "webhook_status_code": null, "webhook_auth": false, "webhook_auth_header_name": null, "speed_boost": false, "auto_highlights_result": null, "auto_highlights": false, "audio_start_from": null, "audio_end_at": null, "word_boost": [], "boost_param": null, "prompt": null, "keyterms_prompt": [], "filter_profanity": false, "redact_pii": false, "redact_pii_audio": false, "redact_pii_audio_quality": null, "redact_pii_policies": null, "redact_pii_sub": null, "speaker_labels": false, "content_safety": false, "iab_categories": false, "content_safety_labels": {"status": "unavailable", "results": [], "summary": {}}, "iab_categories_result": {"status": "unavailable", "results": [], "summary": {}}, "language_detection": false, "language_confidence_threshold": null, "language_confidence": null, "custom_spelling": null, "throttled": false, "auto_chapters": false, "summarization": false, "summary_type": null, "summary_model": null, "custom_topics": false, "topics": [], "speech_threshold": null, "speech_model": null, "chapters": null, "disfluencies": false, "entity_detection": false, "sentiment_analysis": false, "sentiment_analysis_results": null, "entities": null, "speakers_expected": null, "summary": null, "custom_topics_results": null, "is_deleted": null, "multichannel": null, "project_id": 546162, "token_id": 547942}
[2025-04-29 10:42:54] Transcription status (attempt 1): Array
(
    [id] => 511a21c9-aa07-416f-9df4-e17494156267
    [language_model] => assemblyai_default
    [acoustic_model] => assemblyai_default
    [language_code] => en_us
    [status] => completed
    [audio_url] => https://cdn.assemblyai.com/upload/1f1beeff-e816-4aef-b39c-30ed98ad2933
    [text] => The stale smell of old beer lingers. It takes heat to bring out the odor. A cold dip restores health and zest. A salt pickle tastes fine with ham. Tacos al pastor are my favorite. A zestful food is the hot cross bun.
    [words] => Array
        (
            [0] => Array
                (
                    [text] => The
                    [start] => 1360
                    [end] => 1472
                    [confidence] => 0.99918
                    [speaker] => 
                )

            [1] => Array
                (
                    [text] => stale
                    [start] => 1472
                    [end] => 1848
                    [confidence] => 0.53298
                    [speaker] => 
                )

            [2] => Array
                (
                    [text] => smell
                    [start] => 1896
                    [end] => 2216
                    [confidence] => 0.79792
                    [speaker] => 
                )

            [3] => Array
                (
                    [text] => of
                    [start] => 2248
                    [end] => 2392
                    [confidence] => 0.99994
                    [speaker] => 
                )

            [4] => Array
                (
                    [text] => old
                    [start] => 2416
                    [end] => 2648
                    [confidence] => 0.59277
                    [speaker] => 
                )

            [5] => Array
                (
                    [text] => beer
                    [start] => 2704
                    [end] => 3064
                    [confidence] => 0.70569
                    [speaker] => 
                )

            [6] => Array
                (
                    [text] => lingers.
                    [start] => 3112
                    [end] => 3976
                    [confidence] => 0.99997
                    [speaker] => 
                )

            [7] => Array
                (
                    [text] => It
                    [start] => 4168
                    [end] => 4520
                    [confidence] => 0.99965
                    [speaker] => 
                )

            [8] => Array
                (
                    [text] => takes
                    [start] => 4560
                    [end] => 4856
                    [confidence] => 0.99995
                    [speaker] => 
                )

            [9] => Array
                (
                    [text] => heat
                    [start] => 4888
                    [end] => 5144
                    [confidence] => 0.99993
                    [speaker] => 
                )

            [10] => Array
                (
                    [text] => to
                    [start] => 5192
                    [end] => 5352
                    [confidence] => 0.99986
                    [speaker] => 
                )

            [11] => Array
                (
                    [text] => bring
                    [start] => 5376
                    [end] => 5560
                    [confidence] => 0.99996
                    [speaker] => 
                )

            [12] => Array
                (
                    [text] => out
                    [start] => 5600
                    [end] => 5752
                    [confidence] => 0.99993
                    [speaker] => 
                )

            [13] => Array
                (
                    [text] => the
                    [start] => 5776
                    [end] => 5912
                    [confidence] => 0.99953
                    [speaker] => 
                )

            [14] => Array
                (
                    [text] => odor.
                    [start] => 5936
                    [end] => 6680
                    [confidence] => 0.99913
                    [speaker] => 
                )

            [15] => Array
                (
                    [text] => A
                    [start] => 6840
                    [end] => 7112
                    [confidence] => 0.99986
                    [speaker] => 
                )

            [16] => Array
                (
                    [text] => cold
                    [start] => 7136
                    [end] => 7432
                    [confidence] => 0.62239
                    [speaker] => 
                )

            [17] => Array
                (
                    [text] => dip
                    [start] => 7496
                    [end] => 7928
                    [confidence] => 0.99992
                    [speaker] => 
                )

            [18] => Array
                (
                    [text] => restores
                    [start] => 8024
                    [end] => 8456
                    [confidence] => 0.99982
                    [speaker] => 
                )

            [19] => Array
                (
                    [text] => health
                    [start] => 8488
                    [end] => 8680
                    [confidence] => 0.99941
                    [speaker] => 
                )

            [20] => Array
                (
                    [text] => and
                    [start] => 8720
                    [end] => 8968
                    [confidence] => 0.70565
                    [speaker] => 
                )

            [21] => Array
                (
                    [text] => zest.
                    [start] => 9024
                    [end] => 9640
                    [confidence] => 0.99919
                    [speaker] => 
                )

            [22] => Array
                (
                    [text] => A
                    [start] => 9800
                    [end] => 10120
                    [confidence] => 0.99775
                    [speaker] => 
                )

            [23] => Array
                (
                    [text] => salt
                    [start] => 10160
                    [end] => 10456
                    [confidence] => 0.99965
                    [speaker] => 
                )

            [24] => Array
                (
                    [text] => pickle
                    [start] => 10488
                    [end] => 10984
                    [confidence] => 0.83497
                    [speaker] => 
                )

            [25] => Array
                (
                    [text] => tastes
                    [start] => 11032
                    [end] => 11336
                    [confidence] => 0.99909
                    [speaker] => 
                )

            [26] => Array
                (
                    [text] => fine
                    [start] => 11368
                    [end] => 11576
                    [confidence] => 0.99984
                    [speaker] => 
                )

            [27] => Array
                (
                    [text] => with
                    [start] => 11608
                    [end] => 11752
                    [confidence] => 0.99983
                    [speaker] => 
                )

            [28] => Array
                (
                    [text] => ham.
                    [start] => 11776
                    [end] => 12312
                    [confidence] => 0.99152
                    [speaker] => 
                )

            [29] => Array
                (
                    [text] => Tacos
                    [start] => 12456
                    [end] => 12936
                    [confidence] => 0.9982
                    [speaker] => 
                )

            [30] => Array
                (
                    [text] => al
                    [start] => 12968
                    [end] => 13160
                    [confidence] => 0.98868
                    [speaker] => 
                )

            [31] => Array
                (
                    [text] => pastor
                    [start] => 13200
                    [end] => 13672
                    [confidence] => 0.9982
                    [speaker] => 
                )

            [32] => Array
                (
                    [text] => are
                    [start] => 13736
                    [end] => 13864
                    [confidence] => 0.99956
                    [speaker] => 
                )

            [33] => Array
                (
                    [text] => my
                    [start] => 13872
                    [end] => 13992
                    [confidence] => 0.99953
                    [speaker] => 
                )

            [34] => Array
                (
                    [text] => favorite.
                    [start] => 14016
                    [end] => 14728
                    [confidence] => 0.67275
                    [speaker] => 
                )

            [35] => Array
                (
                    [text] => A
                    [start] => 14904
                    [end] => 15192
                    [confidence] => 0.99784
                    [speaker] => 
                )

            [36] => Array
                (
                    [text] => zestful
                    [start] => 15216
                    [end] => 15656
                    [confidence] => 0.9925
                    [speaker] => 
                )

            [37] => Array
                (
                    [text] => food
                    [start] => 15688
                    [end] => 16024
                    [confidence] => 0.99924
                    [speaker] => 
                )

            [38] => Array
                (
                    [text] => is
                    [start] => 16112
                    [end] => 16360
                    [confidence] => 0.9996
                    [speaker] => 
                )

            [39] => Array
                (
                    [text] => the
                    [start] => 16400
                    [end] => 16552
                    [confidence] => 0.99903
                    [speaker] => 
                )

            [40] => Array
                (
                    [text] => hot
                    [start] => 16576
                    [end] => 16760
                    [confidence] => 0.99975
                    [speaker] => 
                )

            [41] => Array
                (
                    [text] => cross
                    [start] => 16800
                    [end] => 17144
                    [confidence] => 0.99752
                    [speaker] => 
                )

            [42] => Array
                (
                    [text] => bun.
                    [start] => 17192
                    [end] => 17400
                    [confidence] => 0.62028
                    [speaker] => 
                )

        )

    [utterances] => 
    [confidence] => 0.9311153
    [audio_duration] => 19
    [punctuate] => 1
    [format_text] => 1
    [dual_channel] => 
    [webhook_url] => 
    [webhook_status_code] => 
    [webhook_auth] => 
    [webhook_auth_header_name] => 
    [speed_boost] => 
    [auto_highlights_result] => 
    [auto_highlights] => 
    [audio_start_from] => 
    [audio_end_at] => 
    [word_boost] => Array
        (
        )

    [boost_param] => 
    [prompt] => 
    [keyterms_prompt] => Array
        (
        )

    [filter_profanity] => 
    [redact_pii] => 
    [redact_pii_audio] => 
    [redact_pii_audio_quality] => 
    [redact_pii_policies] => 
    [redact_pii_sub] => 
    [speaker_labels] => 
    [content_safety] => 
    [iab_categories] => 
    [content_safety_labels] => Array
        (
            [status] => unavailable
            [results] => Array
                (
                )

            [summary] => Array
                (
                )

        )

    [iab_categories_result] => Array
        (
            [status] => unavailable
            [results] => Array
                (
                )

            [summary] => Array
                (
                )

        )

    [language_detection] => 
    [language_confidence_threshold] => 
    [language_confidence] => 
    [custom_spelling] => 
    [throttled] => 
    [auto_chapters] => 
    [summarization] => 
    [summary_type] => 
    [summary_model] => 
    [custom_topics] => 
    [topics] => Array
        (
        )

    [speech_threshold] => 
    [speech_model] => 
    [chapters] => 
    [disfluencies] => 
    [entity_detection] => 
    [sentiment_analysis] => 
    [sentiment_analysis_results] => 
    [entities] => 
    [speakers_expected] => 
    [summary] => 
    [custom_topics_results] => 
    [is_deleted] => 
    [multichannel] => 
    [project_id] => 546162
    [token_id] => 547942
)

[2025-04-29 10:42:54] Transcription completed with text: The stale smell of old beer lingers. It takes heat to bring out the odor. A cold dip restores health and zest. A salt pickle tastes fine with ham. Tacos al pastor are my favorite. A zestful food is the hot cross bun.
[2025-04-29 10:42:54] Cleaned up uploaded file: uploads/681090f4abcc9_harvard.wav
[2025-04-29 10:43:38] API key found in .env file
[2025-04-29 10:43:38] Environment variables loaded successfully
[2025-04-29 10:43:38] === Form Submission Debug ===
[2025-04-29 10:43:38] POST data: Array
(
    [caller] => 
    [input_type] => audio
    [transcribed_text] => 
)

[2025-04-29 10:43:38] FILES data: Array
(
    [audio_file] => Array
        (
            [name] => harvard.wav
            [full_path] => harvard.wav
            [type] => audio/wav
            [tmp_name] => /Applications/XAMPP/xamppfiles/temp/phpHm4Wyd
            [error] => 0
            [size] => 3249924
        )

)

[2025-04-29 10:43:38] Request method: POST
[2025-04-29 10:43:38] Input type: audio
[2025-04-29 10:43:38] Caller: 
[2025-04-29 10:43:38] === Processing Audio File ===
[2025-04-29 10:43:38] Audio file details: Array
(
    [name] => harvard.wav
    [full_path] => harvard.wav
    [type] => audio/wav
    [tmp_name] => /Applications/XAMPP/xamppfiles/temp/phpHm4Wyd
    [error] => 0
    [size] => 3249924
)

[2025-04-29 10:43:38] Upload path: uploads/6810913a8a2c9_harvard.wav
[2025-04-29 10:43:38] File moved successfully to: uploads/6810913a8a2c9_harvard.wav
[2025-04-29 10:43:38] Starting AssemblyAI upload...
[2025-04-29 10:43:38] === Starting AssemblyAI Upload ===
[2025-04-29 10:43:38] Audio file path: uploads/6810913a8a2c9_harvard.wav
[2025-04-29 10:43:38] Detected MIME type: audio/wav
[2025-04-29 10:43:38] Sending file to AssemblyAI upload endpoint...
[2025-04-29 10:43:46] HTTP Response Code: 200
[2025-04-29 10:43:46] Raw Response: {"upload_url":"https://cdn.assemblyai.com/upload/75b8ca59-8c9b-4cec-9b46-866bc4e7ca87"}

[2025-04-29 10:43:46] Upload URL received: https://cdn.assemblyai.com/upload/75b8ca59-8c9b-4cec-9b46-866bc4e7ca87
[2025-04-29 10:43:46] Starting transcription job...
[2025-04-29 10:43:46] Request body: {"audio_url":"https:\/\/cdn.assemblyai.com\/upload\/75b8ca59-8c9b-4cec-9b46-866bc4e7ca87"}
[2025-04-29 10:43:48] HTTP Response Code: 200
[2025-04-29 10:43:48] Raw Response: {"id": "1544d45e-995a-4c1e-aa56-53faef2fdd6b", "language_model": "assemblyai_default", "acoustic_model": "assemblyai_default", "language_code": "en_us", "status": "queued", "audio_url": "https://cdn.assemblyai.com/upload/75b8ca59-8c9b-4cec-9b46-866bc4e7ca87", "text": null, "words": null, "utterances": null, "confidence": null, "audio_duration": null, "punctuate": true, "format_text": true, "dual_channel": null, "webhook_url": null, "webhook_status_code": null, "webhook_auth": false, "webhook_auth_header_name": null, "speed_boost": false, "auto_highlights_result": null, "auto_highlights": false, "audio_start_from": null, "audio_end_at": null, "word_boost": [], "boost_param": null, "prompt": null, "keyterms_prompt": null, "filter_profanity": false, "redact_pii": false, "redact_pii_audio": false, "redact_pii_audio_quality": null, "redact_pii_policies": null, "redact_pii_sub": null, "speaker_labels": false, "content_safety": false, "iab_categories": false, "content_safety_labels": {}, "iab_categories_result": {}, "language_detection": false, "language_confidence_threshold": null, "language_confidence": null, "custom_spelling": null, "throttled": false, "auto_chapters": false, "summarization": false, "summary_type": null, "summary_model": null, "custom_topics": false, "topics": [], "speech_threshold": null, "speech_model": null, "chapters": null, "disfluencies": false, "entity_detection": false, "sentiment_analysis": false, "sentiment_analysis_results": null, "entities": null, "speakers_expected": null, "summary": null, "custom_topics_results": null, "is_deleted": null, "multichannel": null, "project_id": 546162, "token_id": 547942}
[2025-04-29 10:43:48] AssemblyAI response: Array
(
    [id] => 1544d45e-995a-4c1e-aa56-53faef2fdd6b
    [language_model] => assemblyai_default
    [acoustic_model] => assemblyai_default
    [language_code] => en_us
    [status] => queued
    [audio_url] => https://cdn.assemblyai.com/upload/75b8ca59-8c9b-4cec-9b46-866bc4e7ca87
    [text] => 
    [words] => 
    [utterances] => 
    [confidence] => 
    [audio_duration] => 
    [punctuate] => 1
    [format_text] => 1
    [dual_channel] => 
    [webhook_url] => 
    [webhook_status_code] => 
    [webhook_auth] => 
    [webhook_auth_header_name] => 
    [speed_boost] => 
    [auto_highlights_result] => 
    [auto_highlights] => 
    [audio_start_from] => 
    [audio_end_at] => 
    [word_boost] => Array
        (
        )

    [boost_param] => 
    [prompt] => 
    [keyterms_prompt] => 
    [filter_profanity] => 
    [redact_pii] => 
    [redact_pii_audio] => 
    [redact_pii_audio_quality] => 
    [redact_pii_policies] => 
    [redact_pii_sub] => 
    [speaker_labels] => 
    [content_safety] => 
    [iab_categories] => 
    [content_safety_labels] => Array
        (
        )

    [iab_categories_result] => Array
        (
        )

    [language_detection] => 
    [language_confidence_threshold] => 
    [language_confidence] => 
    [custom_spelling] => 
    [throttled] => 
    [auto_chapters] => 
    [summarization] => 
    [summary_type] => 
    [summary_model] => 
    [custom_topics] => 
    [topics] => Array
        (
        )

    [speech_threshold] => 
    [speech_model] => 
    [chapters] => 
    [disfluencies] => 
    [entity_detection] => 
    [sentiment_analysis] => 
    [sentiment_analysis_results] => 
    [entities] => 
    [speakers_expected] => 
    [summary] => 
    [custom_topics_results] => 
    [is_deleted] => 
    [multichannel] => 
    [project_id] => 546162
    [token_id] => 547942
)

[2025-04-29 10:43:48] Transcription ID: 1544d45e-995a-4c1e-aa56-53faef2fdd6b
[2025-04-29 10:43:58] === Checking Transcription Status ===
[2025-04-29 10:43:58] Transcript ID: 1544d45e-995a-4c1e-aa56-53faef2fdd6b
[2025-04-29 10:43:59] cURL verbose output: * Hostname api.assemblyai.com was found in DNS cache
*   Trying 44.238.42.242...
* TCP_NODELAY set
* Connected to api.assemblyai.com (44.238.42.242) port 443 (#0)
* ALPN, offering http/1.1
* Cipher selection: ALL:!EXPORT:!EXPORT40:!EXPORT56:!aNULL:!LOW:!RC4:@STRENGTH
* successfully set certificate verify locations:
*   CAfile: /Applications/XAMPP/xamppfiles/share/curl/curl-ca-bundle.crt
  CApath: none
* SSL connection using TLSv1.3 / TLS_AES_128_GCM_SHA256
* ALPN, server accepted to use http/1.1
* Server certificate:
*  subject: CN=*.assemblyai.com
*  start date: Jun 15 00:00:00 2024 GMT
*  expire date: Jul 14 23:59:59 2025 GMT
*  subjectAltName: host "api.assemblyai.com" matched cert's "*.assemblyai.com"
*  issuer: C=US; O=Amazon; CN=Amazon RSA 2048 M02
*  SSL certificate verify ok.
> GET /v2/transcript/1544d45e-995a-4c1e-aa56-53faef2fdd6b HTTP/1.1
Host: api.assemblyai.com
Accept: */*
authorization: 7da2fc6e2f084d17a6696d5e67395bad

< HTTP/1.1 200 OK
< Date: Tue, 29 Apr 2025 08:43:59 GMT
< Content-Type: application/json; charset=UTF-8
< Content-Length: 5712
< Connection: keep-alive
< Set-Cookie: AWSALBTG=X6Xx8pC2IS53dKlVo1ip9TgBWwtbQP0JblPIdGBXpMZW4LKgf/eDDHR91Qk6eChVLDy6bSedtKY8lJ9yKffxGvEOwNz3Oor7oNMoUnimGk61XYlY3D58p+1jrMs+r91+9533kdxnX8N0NI9XdjE30RFMw8PngyHMJv7bqBwm7DWT; Expires=Tue, 06 May 2025 08:43:59 GMT; Path=/
< Set-Cookie: AWSALBTGCORS=X6Xx8pC2IS53dKlVo1ip9TgBWwtbQP0JblPIdGBXpMZW4LKgf/eDDHR91Qk6eChVLDy6bSedtKY8lJ9yKffxGvEOwNz3Oor7oNMoUnimGk61XYlY3D58p+1jrMs+r91+9533kdxnX8N0NI9XdjE30RFMw8PngyHMJv7bqBwm7DWT; Expires=Tue, 06 May 2025 08:43:59 GMT; Path=/; SameSite=None; Secure
< Set-Cookie: AWSALB=WcuTzShJycrvpo3ORgfu1GBHHSvo8rsk23dCMUGJBqyldii0BtquKzwJ2iG4SkawHEGeDifljiyM9rx4lMVDpQGai0PSoKRn82sATY1Oq14POprrlTBBLU5EqIB/; Expires=Tue, 06 May 2025 08:43:59 GMT; Path=/
< Set-Cookie: AWSALBCORS=WcuTzShJycrvpo3ORgfu1GBHHSvo8rsk23dCMUGJBqyldii0BtquKzwJ2iG4SkawHEGeDifljiyM9rx4lMVDpQGai0PSoKRn82sATY1Oq14POprrlTBBLU5EqIB/; Expires=Tue, 06 May 2025 08:43:59 GMT; Path=/; SameSite=None; Secure
< Access-Control-Allow-Origin: *
< Access-Control-Allow-Headers: Content-Type, Authorization, X-Requested-With, User-Agent, AssemblyAI-Agent
< Access-Control-Allow-Methods: POST, PUT, GET, OPTIONS
< Strict-Transport-Security: max-age=31536000; includeSubDomains; preload
< Etag: "dea528f32faa9d4b0e2b00b58b4a199133c8eb3b"
< 
* Connection #0 to host api.assemblyai.com left intact

[2025-04-29 10:43:59] HTTP Response Code: 200
[2025-04-29 10:43:59] Response: {"id": "1544d45e-995a-4c1e-aa56-53faef2fdd6b", "language_model": "assemblyai_default", "acoustic_model": "assemblyai_default", "language_code": "en_us", "status": "completed", "audio_url": "https://cdn.assemblyai.com/upload/75b8ca59-8c9b-4cec-9b46-866bc4e7ca87", "text": "The stale smell of old beer lingers. It takes heat to bring out the odor. A cold dip restores health and zest. A salt pickle tastes fine with ham. Tacos al pastor are my favorite. A zestful food is the hot cross bun.", "words": [{"text": "The", "start": 1360, "end": 1472, "confidence": 0.99918, "speaker": null}, {"text": "stale", "start": 1472, "end": 1848, "confidence": 0.53298, "speaker": null}, {"text": "smell", "start": 1896, "end": 2216, "confidence": 0.79792, "speaker": null}, {"text": "of", "start": 2248, "end": 2392, "confidence": 0.99994, "speaker": null}, {"text": "old", "start": 2416, "end": 2648, "confidence": 0.59277, "speaker": null}, {"text": "beer", "start": 2704, "end": 3064, "confidence": 0.70569, "speaker": null}, {"text": "lingers.", "start": 3112, "end": 3976, "confidence": 0.99997, "speaker": null}, {"text": "It", "start": 4168, "end": 4520, "confidence": 0.99965, "speaker": null}, {"text": "takes", "start": 4560, "end": 4856, "confidence": 0.99995, "speaker": null}, {"text": "heat", "start": 4888, "end": 5144, "confidence": 0.99993, "speaker": null}, {"text": "to", "start": 5192, "end": 5352, "confidence": 0.99986, "speaker": null}, {"text": "bring", "start": 5376, "end": 5560, "confidence": 0.99996, "speaker": null}, {"text": "out", "start": 5600, "end": 5752, "confidence": 0.99993, "speaker": null}, {"text": "the", "start": 5776, "end": 5912, "confidence": 0.99953, "speaker": null}, {"text": "odor.", "start": 5936, "end": 6680, "confidence": 0.99913, "speaker": null}, {"text": "A", "start": 6840, "end": 7112, "confidence": 0.99986, "speaker": null}, {"text": "cold", "start": 7136, "end": 7432, "confidence": 0.62239, "speaker": null}, {"text": "dip", "start": 7496, "end": 7928, "confidence": 0.99992, "speaker": null}, {"text": "restores", "start": 8024, "end": 8456, "confidence": 0.99982, "speaker": null}, {"text": "health", "start": 8488, "end": 8680, "confidence": 0.99941, "speaker": null}, {"text": "and", "start": 8720, "end": 8968, "confidence": 0.70565, "speaker": null}, {"text": "zest.", "start": 9024, "end": 9640, "confidence": 0.99919, "speaker": null}, {"text": "A", "start": 9800, "end": 10120, "confidence": 0.99775, "speaker": null}, {"text": "salt", "start": 10160, "end": 10456, "confidence": 0.99965, "speaker": null}, {"text": "pickle", "start": 10488, "end": 10984, "confidence": 0.83497, "speaker": null}, {"text": "tastes", "start": 11032, "end": 11336, "confidence": 0.99909, "speaker": null}, {"text": "fine", "start": 11368, "end": 11576, "confidence": 0.99984, "speaker": null}, {"text": "with", "start": 11608, "end": 11752, "confidence": 0.99983, "speaker": null}, {"text": "ham.", "start": 11776, "end": 12312, "confidence": 0.99152, "speaker": null}, {"text": "Tacos", "start": 12456, "end": 12936, "confidence": 0.9982, "speaker": null}, {"text": "al", "start": 12968, "end": 13160, "confidence": 0.98868, "speaker": null}, {"text": "pastor", "start": 13200, "end": 13672, "confidence": 0.9982, "speaker": null}, {"text": "are", "start": 13736, "end": 13864, "confidence": 0.99956, "speaker": null}, {"text": "my", "start": 13872, "end": 13992, "confidence": 0.99953, "speaker": null}, {"text": "favorite.", "start": 14016, "end": 14728, "confidence": 0.67275, "speaker": null}, {"text": "A", "start": 14904, "end": 15192, "confidence": 0.99784, "speaker": null}, {"text": "zestful", "start": 15216, "end": 15656, "confidence": 0.9925, "speaker": null}, {"text": "food", "start": 15688, "end": 16024, "confidence": 0.99924, "speaker": null}, {"text": "is", "start": 16112, "end": 16360, "confidence": 0.9996, "speaker": null}, {"text": "the", "start": 16400, "end": 16552, "confidence": 0.99903, "speaker": null}, {"text": "hot", "start": 16576, "end": 16760, "confidence": 0.99975, "speaker": null}, {"text": "cross", "start": 16800, "end": 17144, "confidence": 0.99752, "speaker": null}, {"text": "bun.", "start": 17192, "end": 17400, "confidence": 0.62028, "speaker": null}], "utterances": null, "confidence": 0.9311153, "audio_duration": 19, "punctuate": true, "format_text": true, "dual_channel": null, "webhook_url": null, "webhook_status_code": null, "webhook_auth": false, "webhook_auth_header_name": null, "speed_boost": false, "auto_highlights_result": null, "auto_highlights": false, "audio_start_from": null, "audio_end_at": null, "word_boost": [], "boost_param": null, "prompt": null, "keyterms_prompt": [], "filter_profanity": false, "redact_pii": false, "redact_pii_audio": false, "redact_pii_audio_quality": null, "redact_pii_policies": null, "redact_pii_sub": null, "speaker_labels": false, "content_safety": false, "iab_categories": false, "content_safety_labels": {"status": "unavailable", "results": [], "summary": {}}, "iab_categories_result": {"status": "unavailable", "results": [], "summary": {}}, "language_detection": false, "language_confidence_threshold": null, "language_confidence": null, "custom_spelling": null, "throttled": false, "auto_chapters": false, "summarization": false, "summary_type": null, "summary_model": null, "custom_topics": false, "topics": [], "speech_threshold": null, "speech_model": null, "chapters": null, "disfluencies": false, "entity_detection": false, "sentiment_analysis": false, "sentiment_analysis_results": null, "entities": null, "speakers_expected": null, "summary": null, "custom_topics_results": null, "is_deleted": null, "multichannel": null, "project_id": 546162, "token_id": 547942}
[2025-04-29 10:43:59] Transcription status (attempt 1): Array
(
    [id] => 1544d45e-995a-4c1e-aa56-53faef2fdd6b
    [language_model] => assemblyai_default
    [acoustic_model] => assemblyai_default
    [language_code] => en_us
    [status] => completed
    [audio_url] => https://cdn.assemblyai.com/upload/75b8ca59-8c9b-4cec-9b46-866bc4e7ca87
    [text] => The stale smell of old beer lingers. It takes heat to bring out the odor. A cold dip restores health and zest. A salt pickle tastes fine with ham. Tacos al pastor are my favorite. A zestful food is the hot cross bun.
    [words] => Array
        (
            [0] => Array
                (
                    [text] => The
                    [start] => 1360
                    [end] => 1472
                    [confidence] => 0.99918
                    [speaker] => 
                )

            [1] => Array
                (
                    [text] => stale
                    [start] => 1472
                    [end] => 1848
                    [confidence] => 0.53298
                    [speaker] => 
                )

            [2] => Array
                (
                    [text] => smell
                    [start] => 1896
                    [end] => 2216
                    [confidence] => 0.79792
                    [speaker] => 
                )

            [3] => Array
                (
                    [text] => of
                    [start] => 2248
                    [end] => 2392
                    [confidence] => 0.99994
                    [speaker] => 
                )

            [4] => Array
                (
                    [text] => old
                    [start] => 2416
                    [end] => 2648
                    [confidence] => 0.59277
                    [speaker] => 
                )

            [5] => Array
                (
                    [text] => beer
                    [start] => 2704
                    [end] => 3064
                    [confidence] => 0.70569
                    [speaker] => 
                )

            [6] => Array
                (
                    [text] => lingers.
                    [start] => 3112
                    [end] => 3976
                    [confidence] => 0.99997
                    [speaker] => 
                )

            [7] => Array
                (
                    [text] => It
                    [start] => 4168
                    [end] => 4520
                    [confidence] => 0.99965
                    [speaker] => 
                )

            [8] => Array
                (
                    [text] => takes
                    [start] => 4560
                    [end] => 4856
                    [confidence] => 0.99995
                    [speaker] => 
                )

            [9] => Array
                (
                    [text] => heat
                    [start] => 4888
                    [end] => 5144
                    [confidence] => 0.99993
                    [speaker] => 
                )

            [10] => Array
                (
                    [text] => to
                    [start] => 5192
                    [end] => 5352
                    [confidence] => 0.99986
                    [speaker] => 
                )

            [11] => Array
                (
                    [text] => bring
                    [start] => 5376
                    [end] => 5560
                    [confidence] => 0.99996
                    [speaker] => 
                )

            [12] => Array
                (
                    [text] => out
                    [start] => 5600
                    [end] => 5752
                    [confidence] => 0.99993
                    [speaker] => 
                )

            [13] => Array
                (
                    [text] => the
                    [start] => 5776
                    [end] => 5912
                    [confidence] => 0.99953
                    [speaker] => 
                )

            [14] => Array
                (
                    [text] => odor.
                    [start] => 5936
                    [end] => 6680
                    [confidence] => 0.99913
                    [speaker] => 
                )

            [15] => Array
                (
                    [text] => A
                    [start] => 6840
                    [end] => 7112
                    [confidence] => 0.99986
                    [speaker] => 
                )

            [16] => Array
                (
                    [text] => cold
                    [start] => 7136
                    [end] => 7432
                    [confidence] => 0.62239
                    [speaker] => 
                )

            [17] => Array
                (
                    [text] => dip
                    [start] => 7496
                    [end] => 7928
                    [confidence] => 0.99992
                    [speaker] => 
                )

            [18] => Array
                (
                    [text] => restores
                    [start] => 8024
                    [end] => 8456
                    [confidence] => 0.99982
                    [speaker] => 
                )

            [19] => Array
                (
                    [text] => health
                    [start] => 8488
                    [end] => 8680
                    [confidence] => 0.99941
                    [speaker] => 
                )

            [20] => Array
                (
                    [text] => and
                    [start] => 8720
                    [end] => 8968
                    [confidence] => 0.70565
                    [speaker] => 
                )

            [21] => Array
                (
                    [text] => zest.
                    [start] => 9024
                    [end] => 9640
                    [confidence] => 0.99919
                    [speaker] => 
                )

            [22] => Array
                (
                    [text] => A
                    [start] => 9800
                    [end] => 10120
                    [confidence] => 0.99775
                    [speaker] => 
                )

            [23] => Array
                (
                    [text] => salt
                    [start] => 10160
                    [end] => 10456
                    [confidence] => 0.99965
                    [speaker] => 
                )

            [24] => Array
                (
                    [text] => pickle
                    [start] => 10488
                    [end] => 10984
                    [confidence] => 0.83497
                    [speaker] => 
                )

            [25] => Array
                (
                    [text] => tastes
                    [start] => 11032
                    [end] => 11336
                    [confidence] => 0.99909
                    [speaker] => 
                )

            [26] => Array
                (
                    [text] => fine
                    [start] => 11368
                    [end] => 11576
                    [confidence] => 0.99984
                    [speaker] => 
                )

            [27] => Array
                (
                    [text] => with
                    [start] => 11608
                    [end] => 11752
                    [confidence] => 0.99983
                    [speaker] => 
                )

            [28] => Array
                (
                    [text] => ham.
                    [start] => 11776
                    [end] => 12312
                    [confidence] => 0.99152
                    [speaker] => 
                )

            [29] => Array
                (
                    [text] => Tacos
                    [start] => 12456
                    [end] => 12936
                    [confidence] => 0.9982
                    [speaker] => 
                )

            [30] => Array
                (
                    [text] => al
                    [start] => 12968
                    [end] => 13160
                    [confidence] => 0.98868
                    [speaker] => 
                )

            [31] => Array
                (
                    [text] => pastor
                    [start] => 13200
                    [end] => 13672
                    [confidence] => 0.9982
                    [speaker] => 
                )

            [32] => Array
                (
                    [text] => are
                    [start] => 13736
                    [end] => 13864
                    [confidence] => 0.99956
                    [speaker] => 
                )

            [33] => Array
                (
                    [text] => my
                    [start] => 13872
                    [end] => 13992
                    [confidence] => 0.99953
                    [speaker] => 
                )

            [34] => Array
                (
                    [text] => favorite.
                    [start] => 14016
                    [end] => 14728
                    [confidence] => 0.67275
                    [speaker] => 
                )

            [35] => Array
                (
                    [text] => A
                    [start] => 14904
                    [end] => 15192
                    [confidence] => 0.99784
                    [speaker] => 
                )

            [36] => Array
                (
                    [text] => zestful
                    [start] => 15216
                    [end] => 15656
                    [confidence] => 0.9925
                    [speaker] => 
                )

            [37] => Array
                (
                    [text] => food
                    [start] => 15688
                    [end] => 16024
                    [confidence] => 0.99924
                    [speaker] => 
                )

            [38] => Array
                (
                    [text] => is
                    [start] => 16112
                    [end] => 16360
                    [confidence] => 0.9996
                    [speaker] => 
                )

            [39] => Array
                (
                    [text] => the
                    [start] => 16400
                    [end] => 16552
                    [confidence] => 0.99903
                    [speaker] => 
                )

            [40] => Array
                (
                    [text] => hot
                    [start] => 16576
                    [end] => 16760
                    [confidence] => 0.99975
                    [speaker] => 
                )

            [41] => Array
                (
                    [text] => cross
                    [start] => 16800
                    [end] => 17144
                    [confidence] => 0.99752
                    [speaker] => 
                )

            [42] => Array
                (
                    [text] => bun.
                    [start] => 17192
                    [end] => 17400
                    [confidence] => 0.62028
                    [speaker] => 
                )

        )

    [utterances] => 
    [confidence] => 0.9311153
    [audio_duration] => 19
    [punctuate] => 1
    [format_text] => 1
    [dual_channel] => 
    [webhook_url] => 
    [webhook_status_code] => 
    [webhook_auth] => 
    [webhook_auth_header_name] => 
    [speed_boost] => 
    [auto_highlights_result] => 
    [auto_highlights] => 
    [audio_start_from] => 
    [audio_end_at] => 
    [word_boost] => Array
        (
        )

    [boost_param] => 
    [prompt] => 
    [keyterms_prompt] => Array
        (
        )

    [filter_profanity] => 
    [redact_pii] => 
    [redact_pii_audio] => 
    [redact_pii_audio_quality] => 
    [redact_pii_policies] => 
    [redact_pii_sub] => 
    [speaker_labels] => 
    [content_safety] => 
    [iab_categories] => 
    [content_safety_labels] => Array
        (
            [status] => unavailable
            [results] => Array
                (
                )

            [summary] => Array
                (
                )

        )

    [iab_categories_result] => Array
        (
            [status] => unavailable
            [results] => Array
                (
                )

            [summary] => Array
                (
                )

        )

    [language_detection] => 
    [language_confidence_threshold] => 
    [language_confidence] => 
    [custom_spelling] => 
    [throttled] => 
    [auto_chapters] => 
    [summarization] => 
    [summary_type] => 
    [summary_model] => 
    [custom_topics] => 
    [topics] => Array
        (
        )

    [speech_threshold] => 
    [speech_model] => 
    [chapters] => 
    [disfluencies] => 
    [entity_detection] => 
    [sentiment_analysis] => 
    [sentiment_analysis_results] => 
    [entities] => 
    [speakers_expected] => 
    [summary] => 
    [custom_topics_results] => 
    [is_deleted] => 
    [multichannel] => 
    [project_id] => 546162
    [token_id] => 547942
)

[2025-04-29 10:43:59] Transcription completed with text: The stale smell of old beer lingers. It takes heat to bring out the odor. A cold dip restores health and zest. A salt pickle tastes fine with ham. Tacos al pastor are my favorite. A zestful food is the hot cross bun.
[2025-04-29 10:43:59] Cleaned up uploaded file: uploads/6810913a8a2c9_harvard.wav
[2025-04-29 10:45:42] API key found in .env file
[2025-04-29 10:45:42] Environment variables loaded successfully
[2025-04-29 10:45:42] Input type: audio
[2025-04-29 10:45:42] Caller: 
[2025-04-29 10:45:42] === Processing Audio File ===
[2025-04-29 10:45:42] Audio file details: Array
(
    [name] => WhatsApp Audio 2025-04-24 at 2.08.05 PM.mpeg.wav
    [full_path] => WhatsApp Audio 2025-04-24 at 2.08.05 PM.mpeg.wav
    [type] => audio/wav
    [tmp_name] => /Applications/XAMPP/xamppfiles/temp/phpuzOiv1
    [error] => 0
    [size] => 972366
)

[2025-04-29 10:45:42] Upload path: uploads/681091b66156e_WhatsApp Audio 2025-04-24 at 2.08.05 PM.mpeg.wav
[2025-04-29 10:45:42] File moved successfully to: uploads/681091b66156e_WhatsApp Audio 2025-04-24 at 2.08.05 PM.mpeg.wav
[2025-04-29 10:45:42] Starting AssemblyAI upload...
[2025-04-29 10:45:42] === Starting AssemblyAI Upload ===
[2025-04-29 10:45:42] Audio file path: uploads/681091b66156e_WhatsApp Audio 2025-04-24 at 2.08.05 PM.mpeg.wav
[2025-04-29 10:45:42] Detected MIME type: audio/wav
[2025-04-29 10:45:42] Sending file to AssemblyAI upload endpoint...
[2025-04-29 10:45:47] HTTP Response Code: 200
[2025-04-29 10:45:47] Raw Response: {"upload_url":"https://cdn.assemblyai.com/upload/d1dd1474-d396-42db-89a3-b934fb45a3dd"}

[2025-04-29 10:45:47] Upload URL received: https://cdn.assemblyai.com/upload/d1dd1474-d396-42db-89a3-b934fb45a3dd
[2025-04-29 10:45:47] Starting transcription job...
[2025-04-29 10:45:47] Request body: {"audio_url":"https:\/\/cdn.assemblyai.com\/upload\/d1dd1474-d396-42db-89a3-b934fb45a3dd"}
[2025-04-29 10:45:48] HTTP Response Code: 200
[2025-04-29 10:45:48] Raw Response: {"id": "97b67203-111a-453c-8e67-f08d22aa8772", "language_model": "assemblyai_default", "acoustic_model": "assemblyai_default", "language_code": "en_us", "status": "queued", "audio_url": "https://cdn.assemblyai.com/upload/d1dd1474-d396-42db-89a3-b934fb45a3dd", "text": null, "words": null, "utterances": null, "confidence": null, "audio_duration": null, "punctuate": true, "format_text": true, "dual_channel": null, "webhook_url": null, "webhook_status_code": null, "webhook_auth": false, "webhook_auth_header_name": null, "speed_boost": false, "auto_highlights_result": null, "auto_highlights": false, "audio_start_from": null, "audio_end_at": null, "word_boost": [], "boost_param": null, "prompt": null, "keyterms_prompt": null, "filter_profanity": false, "redact_pii": false, "redact_pii_audio": false, "redact_pii_audio_quality": null, "redact_pii_policies": null, "redact_pii_sub": null, "speaker_labels": false, "content_safety": false, "iab_categories": false, "content_safety_labels": {}, "iab_categories_result": {}, "language_detection": false, "language_confidence_threshold": null, "language_confidence": null, "custom_spelling": null, "throttled": false, "auto_chapters": false, "summarization": false, "summary_type": null, "summary_model": null, "custom_topics": false, "topics": [], "speech_threshold": null, "speech_model": null, "chapters": null, "disfluencies": false, "entity_detection": false, "sentiment_analysis": false, "sentiment_analysis_results": null, "entities": null, "speakers_expected": null, "summary": null, "custom_topics_results": null, "is_deleted": null, "multichannel": null, "project_id": 546162, "token_id": 547942}
[2025-04-29 10:45:48] AssemblyAI response: Array
(
    [id] => 97b67203-111a-453c-8e67-f08d22aa8772
    [language_model] => assemblyai_default
    [acoustic_model] => assemblyai_default
    [language_code] => en_us
    [status] => queued
    [audio_url] => https://cdn.assemblyai.com/upload/d1dd1474-d396-42db-89a3-b934fb45a3dd
    [text] => 
    [words] => 
    [utterances] => 
    [confidence] => 
    [audio_duration] => 
    [punctuate] => 1
    [format_text] => 1
    [dual_channel] => 
    [webhook_url] => 
    [webhook_status_code] => 
    [webhook_auth] => 
    [webhook_auth_header_name] => 
    [speed_boost] => 
    [auto_highlights_result] => 
    [auto_highlights] => 
    [audio_start_from] => 
    [audio_end_at] => 
    [word_boost] => Array
        (
        )

    [boost_param] => 
    [prompt] => 
    [keyterms_prompt] => 
    [filter_profanity] => 
    [redact_pii] => 
    [redact_pii_audio] => 
    [redact_pii_audio_quality] => 
    [redact_pii_policies] => 
    [redact_pii_sub] => 
    [speaker_labels] => 
    [content_safety] => 
    [iab_categories] => 
    [content_safety_labels] => Array
        (
        )

    [iab_categories_result] => Array
        (
        )

    [language_detection] => 
    [language_confidence_threshold] => 
    [language_confidence] => 
    [custom_spelling] => 
    [throttled] => 
    [auto_chapters] => 
    [summarization] => 
    [summary_type] => 
    [summary_model] => 
    [custom_topics] => 
    [topics] => Array
        (
        )

    [speech_threshold] => 
    [speech_model] => 
    [chapters] => 
    [disfluencies] => 
    [entity_detection] => 
    [sentiment_analysis] => 
    [sentiment_analysis_results] => 
    [entities] => 
    [speakers_expected] => 
    [summary] => 
    [custom_topics_results] => 
    [is_deleted] => 
    [multichannel] => 
    [project_id] => 546162
    [token_id] => 547942
)

[2025-04-29 10:45:48] Transcription ID: 97b67203-111a-453c-8e67-f08d22aa8772
[2025-04-29 10:45:58] === Checking Transcription Status ===
[2025-04-29 10:45:58] Transcript ID: 97b67203-111a-453c-8e67-f08d22aa8772
[2025-04-29 10:45:59] cURL verbose output: * Hostname api.assemblyai.com was found in DNS cache
*   Trying 34.214.32.69...
* TCP_NODELAY set
* Connected to api.assemblyai.com (34.214.32.69) port 443 (#0)
* ALPN, offering http/1.1
* Cipher selection: ALL:!EXPORT:!EXPORT40:!EXPORT56:!aNULL:!LOW:!RC4:@STRENGTH
* successfully set certificate verify locations:
*   CAfile: /Applications/XAMPP/xamppfiles/share/curl/curl-ca-bundle.crt
  CApath: none
* SSL connection using TLSv1.3 / TLS_AES_128_GCM_SHA256
* ALPN, server accepted to use http/1.1
* Server certificate:
*  subject: CN=*.assemblyai.com
*  start date: Jun 15 00:00:00 2024 GMT
*  expire date: Jul 14 23:59:59 2025 GMT
*  subjectAltName: host "api.assemblyai.com" matched cert's "*.assemblyai.com"
*  issuer: C=US; O=Amazon; CN=Amazon RSA 2048 M02
*  SSL certificate verify ok.
> GET /v2/transcript/97b67203-111a-453c-8e67-f08d22aa8772 HTTP/1.1
Host: api.assemblyai.com
Accept: */*
authorization: 7da2fc6e2f084d17a6696d5e67395bad

< HTTP/1.1 200 OK
< Date: Tue, 29 Apr 2025 08:45:59 GMT
< Content-Type: application/json; charset=UTF-8
< Content-Length: 2864
< Connection: keep-alive
< Set-Cookie: AWSALBTG=c6GzvKxTq6epD38gnw/Cjo3dUT3xSM2CaKDvDrRiIGsdXpkdnQM8KAllXbezk7Y2U++8Yhgg4xH28j3f6mcWpTb63FstF7pXLxyVgKrBj0KbKCnuiZ+31nElrtxtEGnyjgwvYsWfLf/3N6eMRJDDOH3seXLTo5tugZuZLy+le3uz; Expires=Tue, 06 May 2025 08:45:59 GMT; Path=/
< Set-Cookie: AWSALBTGCORS=c6GzvKxTq6epD38gnw/Cjo3dUT3xSM2CaKDvDrRiIGsdXpkdnQM8KAllXbezk7Y2U++8Yhgg4xH28j3f6mcWpTb63FstF7pXLxyVgKrBj0KbKCnuiZ+31nElrtxtEGnyjgwvYsWfLf/3N6eMRJDDOH3seXLTo5tugZuZLy+le3uz; Expires=Tue, 06 May 2025 08:45:59 GMT; Path=/; SameSite=None; Secure
< Set-Cookie: AWSALB=GBKKd7OaIyqxSUjPsvjE4kY5EAz9o4fNr5pBOC0gecsaZPJtNJ2VqcDBwrYMQYr+ZSQZmF5uGbySKkGWzBG3tNmCRSOMQudf4/tjjMUn/38G+sccNADM/NcEjX2p; Expires=Tue, 06 May 2025 08:45:59 GMT; Path=/
< Set-Cookie: AWSALBCORS=GBKKd7OaIyqxSUjPsvjE4kY5EAz9o4fNr5pBOC0gecsaZPJtNJ2VqcDBwrYMQYr+ZSQZmF5uGbySKkGWzBG3tNmCRSOMQudf4/tjjMUn/38G+sccNADM/NcEjX2p; Expires=Tue, 06 May 2025 08:45:59 GMT; Path=/; SameSite=None; Secure
< Access-Control-Allow-Origin: *
< Access-Control-Allow-Headers: Content-Type, Authorization, X-Requested-With, User-Agent, AssemblyAI-Agent
< Access-Control-Allow-Methods: POST, PUT, GET, OPTIONS
< Strict-Transport-Security: max-age=31536000; includeSubDomains; preload
< Etag: "de37f865410b40ec3b1aa0b22dffed2237005473"
< 
* Connection #0 to host api.assemblyai.com left intact

[2025-04-29 10:45:59] HTTP Response Code: 200
[2025-04-29 10:45:59] Response: {"id": "97b67203-111a-453c-8e67-f08d22aa8772", "language_model": "assemblyai_default", "acoustic_model": "assemblyai_default", "language_code": "en_us", "status": "completed", "audio_url": "https://cdn.assemblyai.com/upload/d1dd1474-d396-42db-89a3-b934fb45a3dd", "text": "This is the audio that I'm recording for the website sentiment analyzer.", "words": [{"text": "This", "start": 480, "end": 592, "confidence": 0.99998, "speaker": null}, {"text": "is", "start": 592, "end": 680, "confidence": 1.0, "speaker": null}, {"text": "the", "start": 680, "end": 800, "confidence": 0.99999, "speaker": null}, {"text": "audio", "start": 816, "end": 1016, "confidence": 0.99085, "speaker": null}, {"text": "that", "start": 1048, "end": 1240, "confidence": 0.99995, "speaker": null}, {"text": "I'm", "start": 1280, "end": 1448, "confidence": 0.97459, "speaker": null}, {"text": "recording", "start": 1464, "end": 1784, "confidence": 0.9149, "speaker": null}, {"text": "for", "start": 1832, "end": 1992, "confidence": 0.99998, "speaker": null}, {"text": "the", "start": 2016, "end": 2152, "confidence": 0.99999, "speaker": null}, {"text": "website", "start": 2176, "end": 2744, "confidence": 0.99991, "speaker": null}, {"text": "sentiment", "start": 2912, "end": 3656, "confidence": 0.43069, "speaker": null}, {"text": "analyzer.", "start": 3688, "end": 4200, "confidence": 0.88026, "speaker": null}], "utterances": null, "confidence": 0.93259084, "audio_duration": 6, "punctuate": true, "format_text": true, "dual_channel": null, "webhook_url": null, "webhook_status_code": null, "webhook_auth": false, "webhook_auth_header_name": null, "speed_boost": false, "auto_highlights_result": null, "auto_highlights": false, "audio_start_from": null, "audio_end_at": null, "word_boost": [], "boost_param": null, "prompt": null, "keyterms_prompt": [], "filter_profanity": false, "redact_pii": false, "redact_pii_audio": false, "redact_pii_audio_quality": null, "redact_pii_policies": null, "redact_pii_sub": null, "speaker_labels": false, "content_safety": false, "iab_categories": false, "content_safety_labels": {"status": "unavailable", "results": [], "summary": {}}, "iab_categories_result": {"status": "unavailable", "results": [], "summary": {}}, "language_detection": false, "language_confidence_threshold": null, "language_confidence": null, "custom_spelling": null, "throttled": false, "auto_chapters": false, "summarization": false, "summary_type": null, "summary_model": null, "custom_topics": false, "topics": [], "speech_threshold": null, "speech_model": null, "chapters": null, "disfluencies": false, "entity_detection": false, "sentiment_analysis": false, "sentiment_analysis_results": null, "entities": null, "speakers_expected": null, "summary": null, "custom_topics_results": null, "is_deleted": null, "multichannel": null, "project_id": 546162, "token_id": 547942}
[2025-04-29 10:45:59] Transcription status (attempt 1): Array
(
    [id] => 97b67203-111a-453c-8e67-f08d22aa8772
    [language_model] => assemblyai_default
    [acoustic_model] => assemblyai_default
    [language_code] => en_us
    [status] => completed
    [audio_url] => https://cdn.assemblyai.com/upload/d1dd1474-d396-42db-89a3-b934fb45a3dd
    [text] => This is the audio that I'm recording for the website sentiment analyzer.
    [words] => Array
        (
            [0] => Array
                (
                    [text] => This
                    [start] => 480
                    [end] => 592
                    [confidence] => 0.99998
                    [speaker] => 
                )

            [1] => Array
                (
                    [text] => is
                    [start] => 592
                    [end] => 680
                    [confidence] => 1
                    [speaker] => 
                )

            [2] => Array
                (
                    [text] => the
                    [start] => 680
                    [end] => 800
                    [confidence] => 0.99999
                    [speaker] => 
                )

            [3] => Array
                (
                    [text] => audio
                    [start] => 816
                    [end] => 1016
                    [confidence] => 0.99085
                    [speaker] => 
                )

            [4] => Array
                (
                    [text] => that
                    [start] => 1048
                    [end] => 1240
                    [confidence] => 0.99995
                    [speaker] => 
                )

            [5] => Array
                (
                    [text] => I'm
                    [start] => 1280
                    [end] => 1448
                    [confidence] => 0.97459
                    [speaker] => 
                )

            [6] => Array
                (
                    [text] => recording
                    [start] => 1464
                    [end] => 1784
                    [confidence] => 0.9149
                    [speaker] => 
                )

            [7] => Array
                (
                    [text] => for
                    [start] => 1832
                    [end] => 1992
                    [confidence] => 0.99998
                    [speaker] => 
                )

            [8] => Array
                (
                    [text] => the
                    [start] => 2016
                    [end] => 2152
                    [confidence] => 0.99999
                    [speaker] => 
                )

            [9] => Array
                (
                    [text] => website
                    [start] => 2176
                    [end] => 2744
                    [confidence] => 0.99991
                    [speaker] => 
                )

            [10] => Array
                (
                    [text] => sentiment
                    [start] => 2912
                    [end] => 3656
                    [confidence] => 0.43069
                    [speaker] => 
                )

            [11] => Array
                (
                    [text] => analyzer.
                    [start] => 3688
                    [end] => 4200
                    [confidence] => 0.88026
                    [speaker] => 
                )

        )

    [utterances] => 
    [confidence] => 0.93259084
    [audio_duration] => 6
    [punctuate] => 1
    [format_text] => 1
    [dual_channel] => 
    [webhook_url] => 
    [webhook_status_code] => 
    [webhook_auth] => 
    [webhook_auth_header_name] => 
    [speed_boost] => 
    [auto_highlights_result] => 
    [auto_highlights] => 
    [audio_start_from] => 
    [audio_end_at] => 
    [word_boost] => Array
        (
        )

    [boost_param] => 
    [prompt] => 
    [keyterms_prompt] => Array
        (
        )

    [filter_profanity] => 
    [redact_pii] => 
    [redact_pii_audio] => 
    [redact_pii_audio_quality] => 
    [redact_pii_policies] => 
    [redact_pii_sub] => 
    [speaker_labels] => 
    [content_safety] => 
    [iab_categories] => 
    [content_safety_labels] => Array
        (
            [status] => unavailable
            [results] => Array
                (
                )

            [summary] => Array
                (
                )

        )

    [iab_categories_result] => Array
        (
            [status] => unavailable
            [results] => Array
                (
                )

            [summary] => Array
                (
                )

        )

    [language_detection] => 
    [language_confidence_threshold] => 
    [language_confidence] => 
    [custom_spelling] => 
    [throttled] => 
    [auto_chapters] => 
    [summarization] => 
    [summary_type] => 
    [summary_model] => 
    [custom_topics] => 
    [topics] => Array
        (
        )

    [speech_threshold] => 
    [speech_model] => 
    [chapters] => 
    [disfluencies] => 
    [entity_detection] => 
    [sentiment_analysis] => 
    [sentiment_analysis_results] => 
    [entities] => 
    [speakers_expected] => 
    [summary] => 
    [custom_topics_results] => 
    [is_deleted] => 
    [multichannel] => 
    [project_id] => 546162
    [token_id] => 547942
)

[2025-04-29 10:45:59] Transcription completed with text: This is the audio that I'm recording for the website sentiment analyzer.
[2025-04-29 10:45:59] Cleaned up uploaded file: uploads/681091b66156e_WhatsApp Audio 2025-04-24 at 2.08.05 PM.mpeg.wav
[2025-04-29 10:47:57] API key found in .env file
[2025-04-29 10:47:57] === Starting AssemblyAI Upload ===
[2025-04-29 10:47:57] Audio file path: uploads/6810923d222cd_WhatsApp Audio 2025-04-24 at 2.08.05 PM.mpeg.wav
[2025-04-29 10:47:57] Detected MIME type: audio/wav
[2025-04-29 10:47:57] Sending file to AssemblyAI upload endpoint...
[2025-04-29 10:48:01] HTTP Response Code: 200
[2025-04-29 10:48:01] Raw Response: {"upload_url":"https://cdn.assemblyai.com/upload/5ff15f03-ad09-4f48-84db-4ddcd798e75a"}

[2025-04-29 10:48:01] Upload URL received: https://cdn.assemblyai.com/upload/5ff15f03-ad09-4f48-84db-4ddcd798e75a
[2025-04-29 10:48:01] Starting transcription job...
[2025-04-29 10:48:01] Request body: {"audio_url":"https:\/\/cdn.assemblyai.com\/upload\/5ff15f03-ad09-4f48-84db-4ddcd798e75a"}
[2025-04-29 10:48:02] HTTP Response Code: 200
[2025-04-29 10:48:02] Raw Response: {"id": "234b9868-40cc-41cc-9b9a-18faf788bbef", "language_model": "assemblyai_default", "acoustic_model": "assemblyai_default", "language_code": "en_us", "status": "queued", "audio_url": "https://cdn.assemblyai.com/upload/5ff15f03-ad09-4f48-84db-4ddcd798e75a", "text": null, "words": null, "utterances": null, "confidence": null, "audio_duration": null, "punctuate": true, "format_text": true, "dual_channel": null, "webhook_url": null, "webhook_status_code": null, "webhook_auth": false, "webhook_auth_header_name": null, "speed_boost": false, "auto_highlights_result": null, "auto_highlights": false, "audio_start_from": null, "audio_end_at": null, "word_boost": [], "boost_param": null, "prompt": null, "keyterms_prompt": null, "filter_profanity": false, "redact_pii": false, "redact_pii_audio": false, "redact_pii_audio_quality": null, "redact_pii_policies": null, "redact_pii_sub": null, "speaker_labels": false, "content_safety": false, "iab_categories": false, "content_safety_labels": {}, "iab_categories_result": {}, "language_detection": false, "language_confidence_threshold": null, "language_confidence": null, "custom_spelling": null, "throttled": false, "auto_chapters": false, "summarization": false, "summary_type": null, "summary_model": null, "custom_topics": false, "topics": [], "speech_threshold": null, "speech_model": null, "chapters": null, "disfluencies": false, "entity_detection": false, "sentiment_analysis": false, "sentiment_analysis_results": null, "entities": null, "speakers_expected": null, "summary": null, "custom_topics_results": null, "is_deleted": null, "multichannel": null, "project_id": 546162, "token_id": 547942}
[2025-04-29 10:48:12] === Checking Transcription Status ===
[2025-04-29 10:48:12] Transcript ID: 234b9868-40cc-41cc-9b9a-18faf788bbef
[2025-04-29 10:48:13] cURL verbose output: * Hostname api.assemblyai.com was found in DNS cache
*   Trying 34.214.32.69...
* TCP_NODELAY set
* Connected to api.assemblyai.com (34.214.32.69) port 443 (#0)
* ALPN, offering http/1.1
* Cipher selection: ALL:!EXPORT:!EXPORT40:!EXPORT56:!aNULL:!LOW:!RC4:@STRENGTH
* successfully set certificate verify locations:
*   CAfile: /Applications/XAMPP/xamppfiles/share/curl/curl-ca-bundle.crt
  CApath: none
* SSL connection using TLSv1.3 / TLS_AES_128_GCM_SHA256
* ALPN, server accepted to use http/1.1
* Server certificate:
*  subject: CN=*.assemblyai.com
*  start date: Jun 15 00:00:00 2024 GMT
*  expire date: Jul 14 23:59:59 2025 GMT
*  subjectAltName: host "api.assemblyai.com" matched cert's "*.assemblyai.com"
*  issuer: C=US; O=Amazon; CN=Amazon RSA 2048 M02
*  SSL certificate verify ok.
> GET /v2/transcript/234b9868-40cc-41cc-9b9a-18faf788bbef HTTP/1.1
Host: api.assemblyai.com
Accept: */*
authorization: 7da2fc6e2f084d17a6696d5e67395bad

< HTTP/1.1 200 OK
< Date: Tue, 29 Apr 2025 08:48:13 GMT
< Content-Type: application/json; charset=UTF-8
< Content-Length: 2862
< Connection: keep-alive
< Set-Cookie: AWSALBTG=UaG+iid4Z4fP5EpobH6a1nq/0Q5t9XaWsu3iUZZMVILmvIzkGvS3S+tJ9Abs4yE74fzuI77/Myr5ZlN9HsMlYx8X6StQqfASN2iB7tPL/5iyezZ4ELhCTMILG9jYtd8PeCIkPyJ2KLakDpKVmjqZaA6wHSjK4T05Rm+xz9CK9DFX; Expires=Tue, 06 May 2025 08:48:13 GMT; Path=/
< Set-Cookie: AWSALBTGCORS=UaG+iid4Z4fP5EpobH6a1nq/0Q5t9XaWsu3iUZZMVILmvIzkGvS3S+tJ9Abs4yE74fzuI77/Myr5ZlN9HsMlYx8X6StQqfASN2iB7tPL/5iyezZ4ELhCTMILG9jYtd8PeCIkPyJ2KLakDpKVmjqZaA6wHSjK4T05Rm+xz9CK9DFX; Expires=Tue, 06 May 2025 08:48:13 GMT; Path=/; SameSite=None; Secure
< Set-Cookie: AWSALB=2ifqECk+v5Ze2OAUNqyeb8Yyr9KPJQ2yHWjSWtEu1w0007yCfI/vGF3o5FnMfL0aiQrup74nV046v0DTpB6HkhsO4g58/uHfQTf7L7umfcs9SSEJeab93Bh2VzfF; Expires=Tue, 06 May 2025 08:48:13 GMT; Path=/
< Set-Cookie: AWSALBCORS=2ifqECk+v5Ze2OAUNqyeb8Yyr9KPJQ2yHWjSWtEu1w0007yCfI/vGF3o5FnMfL0aiQrup74nV046v0DTpB6HkhsO4g58/uHfQTf7L7umfcs9SSEJeab93Bh2VzfF; Expires=Tue, 06 May 2025 08:48:13 GMT; Path=/; SameSite=None; Secure
< Access-Control-Allow-Origin: *
< Access-Control-Allow-Headers: Content-Type, Authorization, X-Requested-With, User-Agent, AssemblyAI-Agent
< Access-Control-Allow-Methods: POST, PUT, GET, OPTIONS
< Strict-Transport-Security: max-age=31536000; includeSubDomains; preload
< Etag: "4393d36702d0057a590dc4eb067c004a4c16f495"
< 
* Connection #0 to host api.assemblyai.com left intact

[2025-04-29 10:48:13] HTTP Response Code: 200
[2025-04-29 10:48:13] Response: {"id": "234b9868-40cc-41cc-9b9a-18faf788bbef", "language_model": "assemblyai_default", "acoustic_model": "assemblyai_default", "language_code": "en_us", "status": "completed", "audio_url": "https://cdn.assemblyai.com/upload/5ff15f03-ad09-4f48-84db-4ddcd798e75a", "text": "This is the audio that I'm recording for the website sentiment analyzer.", "words": [{"text": "This", "start": 480, "end": 592, "confidence": 0.99999, "speaker": null}, {"text": "is", "start": 592, "end": 680, "confidence": 1.0, "speaker": null}, {"text": "the", "start": 680, "end": 800, "confidence": 0.99999, "speaker": null}, {"text": "audio", "start": 816, "end": 1016, "confidence": 0.99085, "speaker": null}, {"text": "that", "start": 1048, "end": 1240, "confidence": 0.99995, "speaker": null}, {"text": "I'm", "start": 1280, "end": 1448, "confidence": 0.97456, "speaker": null}, {"text": "recording", "start": 1464, "end": 1784, "confidence": 0.90988, "speaker": null}, {"text": "for", "start": 1832, "end": 1992, "confidence": 0.99997, "speaker": null}, {"text": "the", "start": 2016, "end": 2152, "confidence": 0.99999, "speaker": null}, {"text": "website", "start": 2176, "end": 2744, "confidence": 0.99992, "speaker": null}, {"text": "sentiment", "start": 2912, "end": 3656, "confidence": 0.42805, "speaker": null}, {"text": "analyzer.", "start": 3688, "end": 4200, "confidence": 0.88025, "speaker": null}], "utterances": null, "confidence": 0.93195, "audio_duration": 6, "punctuate": true, "format_text": true, "dual_channel": null, "webhook_url": null, "webhook_status_code": null, "webhook_auth": false, "webhook_auth_header_name": null, "speed_boost": false, "auto_highlights_result": null, "auto_highlights": false, "audio_start_from": null, "audio_end_at": null, "word_boost": [], "boost_param": null, "prompt": null, "keyterms_prompt": [], "filter_profanity": false, "redact_pii": false, "redact_pii_audio": false, "redact_pii_audio_quality": null, "redact_pii_policies": null, "redact_pii_sub": null, "speaker_labels": false, "content_safety": false, "iab_categories": false, "content_safety_labels": {"status": "unavailable", "results": [], "summary": {}}, "iab_categories_result": {"status": "unavailable", "results": [], "summary": {}}, "language_detection": false, "language_confidence_threshold": null, "language_confidence": null, "custom_spelling": null, "throttled": false, "auto_chapters": false, "summarization": false, "summary_type": null, "summary_model": null, "custom_topics": false, "topics": [], "speech_threshold": null, "speech_model": null, "chapters": null, "disfluencies": false, "entity_detection": false, "sentiment_analysis": false, "sentiment_analysis_results": null, "entities": null, "speakers_expected": null, "summary": null, "custom_topics_results": null, "is_deleted": null, "multichannel": null, "project_id": 546162, "token_id": 547942}
[2025-04-29 11:12:24] API key found in .env file
[2025-04-29 11:12:24] === Starting AssemblyAI Upload ===
[2025-04-29 11:12:24] Audio file path: uploads/recording_1745917944.wav
[2025-04-29 11:12:24] Detected MIME type: audio/wav
[2025-04-29 11:12:24] Sending file to AssemblyAI upload endpoint...
[2025-04-29 11:12:27] HTTP Response Code: 200
[2025-04-29 11:12:27] Raw Response: {"upload_url":"https://cdn.assemblyai.com/upload/3afaa1ea-ca78-41cd-8763-df84f973eb58"}

[2025-04-29 11:12:27] Upload URL received: https://cdn.assemblyai.com/upload/3afaa1ea-ca78-41cd-8763-df84f973eb58
[2025-04-29 11:12:27] Starting transcription job...
[2025-04-29 11:12:27] Request body: {"audio_url":"https:\/\/cdn.assemblyai.com\/upload\/3afaa1ea-ca78-41cd-8763-df84f973eb58"}
[2025-04-29 11:12:28] HTTP Response Code: 200
[2025-04-29 11:12:28] Raw Response: {"id": "5073464c-a92c-4c9f-9358-2ef44e1ce516", "language_model": "assemblyai_default", "acoustic_model": "assemblyai_default", "language_code": "en_us", "status": "queued", "audio_url": "https://cdn.assemblyai.com/upload/3afaa1ea-ca78-41cd-8763-df84f973eb58", "text": null, "words": null, "utterances": null, "confidence": null, "audio_duration": null, "punctuate": true, "format_text": true, "dual_channel": null, "webhook_url": null, "webhook_status_code": null, "webhook_auth": false, "webhook_auth_header_name": null, "speed_boost": false, "auto_highlights_result": null, "auto_highlights": false, "audio_start_from": null, "audio_end_at": null, "word_boost": [], "boost_param": null, "prompt": null, "keyterms_prompt": null, "filter_profanity": false, "redact_pii": false, "redact_pii_audio": false, "redact_pii_audio_quality": null, "redact_pii_policies": null, "redact_pii_sub": null, "speaker_labels": false, "content_safety": false, "iab_categories": false, "content_safety_labels": {}, "iab_categories_result": {}, "language_detection": false, "language_confidence_threshold": null, "language_confidence": null, "custom_spelling": null, "throttled": false, "auto_chapters": false, "summarization": false, "summary_type": null, "summary_model": null, "custom_topics": false, "topics": [], "speech_threshold": null, "speech_model": null, "chapters": null, "disfluencies": false, "entity_detection": false, "sentiment_analysis": false, "sentiment_analysis_results": null, "entities": null, "speakers_expected": null, "summary": null, "custom_topics_results": null, "is_deleted": null, "multichannel": null, "project_id": 546162, "token_id": 547942}
[2025-04-29 11:13:09] API key found in .env file
[2025-04-29 11:13:09] === Starting AssemblyAI Upload ===
[2025-04-29 11:13:09] Audio file path: uploads/recording_1745917989.wav
[2025-04-29 11:13:09] Detected MIME type: audio/wav
[2025-04-29 11:13:09] Sending file to AssemblyAI upload endpoint...
[2025-04-29 11:13:12] HTTP Response Code: 200
[2025-04-29 11:13:12] Raw Response: {"upload_url":"https://cdn.assemblyai.com/upload/2f9ad54c-1602-4491-9863-019ea80ecc5b"}

[2025-04-29 11:13:12] Upload URL received: https://cdn.assemblyai.com/upload/2f9ad54c-1602-4491-9863-019ea80ecc5b
[2025-04-29 11:13:12] Starting transcription job...
[2025-04-29 11:13:12] Request body: {"audio_url":"https:\/\/cdn.assemblyai.com\/upload\/2f9ad54c-1602-4491-9863-019ea80ecc5b"}
[2025-04-29 11:13:13] HTTP Response Code: 200
[2025-04-29 11:13:13] Raw Response: {"id": "79f587b4-72f4-4ed6-a1d5-4129f0b467fe", "language_model": "assemblyai_default", "acoustic_model": "assemblyai_default", "language_code": "en_us", "status": "queued", "audio_url": "https://cdn.assemblyai.com/upload/2f9ad54c-1602-4491-9863-019ea80ecc5b", "text": null, "words": null, "utterances": null, "confidence": null, "audio_duration": null, "punctuate": true, "format_text": true, "dual_channel": null, "webhook_url": null, "webhook_status_code": null, "webhook_auth": false, "webhook_auth_header_name": null, "speed_boost": false, "auto_highlights_result": null, "auto_highlights": false, "audio_start_from": null, "audio_end_at": null, "word_boost": [], "boost_param": null, "prompt": null, "keyterms_prompt": null, "filter_profanity": false, "redact_pii": false, "redact_pii_audio": false, "redact_pii_audio_quality": null, "redact_pii_policies": null, "redact_pii_sub": null, "speaker_labels": false, "content_safety": false, "iab_categories": false, "content_safety_labels": {}, "iab_categories_result": {}, "language_detection": false, "language_confidence_threshold": null, "language_confidence": null, "custom_spelling": null, "throttled": false, "auto_chapters": false, "summarization": false, "summary_type": null, "summary_model": null, "custom_topics": false, "topics": [], "speech_threshold": null, "speech_model": null, "chapters": null, "disfluencies": false, "entity_detection": false, "sentiment_analysis": false, "sentiment_analysis_results": null, "entities": null, "speakers_expected": null, "summary": null, "custom_topics_results": null, "is_deleted": null, "multichannel": null, "project_id": 546162, "token_id": 547942}
[2025-04-29 11:13:13] === Checking Transcription Status ===
[2025-04-29 11:13:13] Transcript ID: 79f587b4-72f4-4ed6-a1d5-4129f0b467fe
[2025-04-29 11:13:14] cURL verbose output: * Hostname api.assemblyai.com was found in DNS cache
*   Trying 54.191.221.63...
* TCP_NODELAY set
* Connected to api.assemblyai.com (54.191.221.63) port 443 (#0)
* ALPN, offering http/1.1
* Cipher selection: ALL:!EXPORT:!EXPORT40:!EXPORT56:!aNULL:!LOW:!RC4:@STRENGTH
* successfully set certificate verify locations:
*   CAfile: /Applications/XAMPP/xamppfiles/share/curl/curl-ca-bundle.crt
  CApath: none
* SSL connection using TLSv1.3 / TLS_AES_128_GCM_SHA256
* ALPN, server accepted to use http/1.1
* Server certificate:
*  subject: CN=*.assemblyai.com
*  start date: Jun 15 00:00:00 2024 GMT
*  expire date: Jul 14 23:59:59 2025 GMT
*  subjectAltName: host "api.assemblyai.com" matched cert's "*.assemblyai.com"
*  issuer: C=US; O=Amazon; CN=Amazon RSA 2048 M02
*  SSL certificate verify ok.
> GET /v2/transcript/79f587b4-72f4-4ed6-a1d5-4129f0b467fe HTTP/1.1
Host: api.assemblyai.com
Accept: */*
authorization: 7da2fc6e2f084d17a6696d5e67395bad

< HTTP/1.1 200 OK
< Date: Tue, 29 Apr 2025 09:13:14 GMT
< Content-Type: application/json; charset=UTF-8
< Content-Length: 2297
< Connection: keep-alive
< Set-Cookie: AWSALBTG=Zr5nv4o8RzOgjK1h81+mgcBGsUnbetp7J/x8kSMedVb1czdaIvaVD32wxWIMXOt8uys+uI/txcQ5OnsEfgey+OsWyo7/zfnhUZj6o4H+jl8ZNGUvxi16JTotkbtQHBpWBzS6/ddsSwiiOHfU7xA2RiEJkvzoY+RyHvfA0Fn6JeJD; Expires=Tue, 06 May 2025 09:13:14 GMT; Path=/
< Set-Cookie: AWSALBTGCORS=Zr5nv4o8RzOgjK1h81+mgcBGsUnbetp7J/x8kSMedVb1czdaIvaVD32wxWIMXOt8uys+uI/txcQ5OnsEfgey+OsWyo7/zfnhUZj6o4H+jl8ZNGUvxi16JTotkbtQHBpWBzS6/ddsSwiiOHfU7xA2RiEJkvzoY+RyHvfA0Fn6JeJD; Expires=Tue, 06 May 2025 09:13:14 GMT; Path=/; SameSite=None; Secure
< Set-Cookie: AWSALB=jylK+O1D2P8sE5XXXe3C0QLLRWa8sM7uComKDrKLclTj+DDafvg09oCkdfGofixqTcN21HEjvCqjniTbKiuWyuoNjNRXNgQwbGq521eWxkDKWJqWiCrchfYcU8Hp; Expires=Tue, 06 May 2025 09:13:14 GMT; Path=/
< Set-Cookie: AWSALBCORS=jylK+O1D2P8sE5XXXe3C0QLLRWa8sM7uComKDrKLclTj+DDafvg09oCkdfGofixqTcN21HEjvCqjniTbKiuWyuoNjNRXNgQwbGq521eWxkDKWJqWiCrchfYcU8Hp; Expires=Tue, 06 May 2025 09:13:14 GMT; Path=/; SameSite=None; Secure
< Access-Control-Allow-Origin: *
< Access-Control-Allow-Headers: Content-Type, Authorization, X-Requested-With, User-Agent, AssemblyAI-Agent
< Access-Control-Allow-Methods: POST, PUT, GET, OPTIONS
< Strict-Transport-Security: max-age=31536000; includeSubDomains; preload
< Etag: "2c4fda157e9e42f96f694e7358da43736bad2da0"
< 
* Connection #0 to host api.assemblyai.com left intact

[2025-04-29 11:13:14] HTTP Response Code: 200
[2025-04-29 11:13:14] Response: {"id": "79f587b4-72f4-4ed6-a1d5-4129f0b467fe", "language_model": "assemblyai_default", "acoustic_model": "assemblyai_default", "language_code": "en_us", "status": "completed", "audio_url": "https://cdn.assemblyai.com/upload/2f9ad54c-1602-4491-9863-019ea80ecc5b", "text": "I am very happy right now.", "words": [{"text": "I", "start": 800, "end": 1056, "confidence": 0.99248, "speaker": null}, {"text": "am", "start": 1088, "end": 1512, "confidence": 0.94933, "speaker": null}, {"text": "very", "start": 1616, "end": 1976, "confidence": 0.99776, "speaker": null}, {"text": "happy", "start": 2048, "end": 2504, "confidence": 0.99963, "speaker": null}, {"text": "right", "start": 2552, "end": 2760, "confidence": 0.99868, "speaker": null}, {"text": "now.", "start": 2800, "end": 2880, "confidence": 0.99773, "speaker": null}], "utterances": null, "confidence": 0.98926836, "audio_duration": 4, "punctuate": true, "format_text": true, "dual_channel": null, "webhook_url": null, "webhook_status_code": null, "webhook_auth": false, "webhook_auth_header_name": null, "speed_boost": false, "auto_highlights_result": null, "auto_highlights": false, "audio_start_from": null, "audio_end_at": null, "word_boost": [], "boost_param": null, "prompt": null, "keyterms_prompt": [], "filter_profanity": false, "redact_pii": false, "redact_pii_audio": false, "redact_pii_audio_quality": null, "redact_pii_policies": null, "redact_pii_sub": null, "speaker_labels": false, "content_safety": false, "iab_categories": false, "content_safety_labels": {"status": "unavailable", "results": [], "summary": {}}, "iab_categories_result": {"status": "unavailable", "results": [], "summary": {}}, "language_detection": false, "language_confidence_threshold": null, "language_confidence": null, "custom_spelling": null, "throttled": false, "auto_chapters": false, "summarization": false, "summary_type": null, "summary_model": null, "custom_topics": false, "topics": [], "speech_threshold": null, "speech_model": null, "chapters": null, "disfluencies": false, "entity_detection": false, "sentiment_analysis": false, "sentiment_analysis_results": null, "entities": null, "speakers_expected": null, "summary": null, "custom_topics_results": null, "is_deleted": null, "multichannel": null, "project_id": 546162, "token_id": 547942}
[2025-04-29 11:13:59] API key found in .env file
[2025-04-29 11:13:59] === Starting AssemblyAI Upload ===
[2025-04-29 11:13:59] Audio file path: uploads/recording_1745918039.wav
[2025-04-29 11:13:59] Detected MIME type: audio/wav
[2025-04-29 11:13:59] Sending file to AssemblyAI upload endpoint...
[2025-04-29 11:14:03] HTTP Response Code: 200
[2025-04-29 11:14:03] Raw Response: {"upload_url":"https://cdn.assemblyai.com/upload/07849701-911d-4a7a-a35a-755f0bf59e60"}

[2025-04-29 11:14:03] Upload URL received: https://cdn.assemblyai.com/upload/07849701-911d-4a7a-a35a-755f0bf59e60
[2025-04-29 11:14:03] Starting transcription job...
[2025-04-29 11:14:03] Request body: {"audio_url":"https:\/\/cdn.assemblyai.com\/upload\/07849701-911d-4a7a-a35a-755f0bf59e60"}
[2025-04-29 11:14:04] HTTP Response Code: 200
[2025-04-29 11:14:04] Raw Response: {"id": "a34d43be-0c31-48e5-8802-e8d7cb121341", "language_model": "assemblyai_default", "acoustic_model": "assemblyai_default", "language_code": "en_us", "status": "queued", "audio_url": "https://cdn.assemblyai.com/upload/07849701-911d-4a7a-a35a-755f0bf59e60", "text": null, "words": null, "utterances": null, "confidence": null, "audio_duration": null, "punctuate": true, "format_text": true, "dual_channel": null, "webhook_url": null, "webhook_status_code": null, "webhook_auth": false, "webhook_auth_header_name": null, "speed_boost": false, "auto_highlights_result": null, "auto_highlights": false, "audio_start_from": null, "audio_end_at": null, "word_boost": [], "boost_param": null, "prompt": null, "keyterms_prompt": null, "filter_profanity": false, "redact_pii": false, "redact_pii_audio": false, "redact_pii_audio_quality": null, "redact_pii_policies": null, "redact_pii_sub": null, "speaker_labels": false, "content_safety": false, "iab_categories": false, "content_safety_labels": {}, "iab_categories_result": {}, "language_detection": false, "language_confidence_threshold": null, "language_confidence": null, "custom_spelling": null, "throttled": false, "auto_chapters": false, "summarization": false, "summary_type": null, "summary_model": null, "custom_topics": false, "topics": [], "speech_threshold": null, "speech_model": null, "chapters": null, "disfluencies": false, "entity_detection": false, "sentiment_analysis": false, "sentiment_analysis_results": null, "entities": null, "speakers_expected": null, "summary": null, "custom_topics_results": null, "is_deleted": null, "multichannel": null, "project_id": 546162, "token_id": 547942}
[2025-04-29 11:14:04] === Checking Transcription Status ===
[2025-04-29 11:14:04] Transcript ID: a34d43be-0c31-48e5-8802-e8d7cb121341
[2025-04-29 11:14:05] cURL verbose output: * Hostname api.assemblyai.com was found in DNS cache
*   Trying 54.191.221.63...
* TCP_NODELAY set
* Connected to api.assemblyai.com (54.191.221.63) port 443 (#0)
* ALPN, offering http/1.1
* Cipher selection: ALL:!EXPORT:!EXPORT40:!EXPORT56:!aNULL:!LOW:!RC4:@STRENGTH
* successfully set certificate verify locations:
*   CAfile: /Applications/XAMPP/xamppfiles/share/curl/curl-ca-bundle.crt
  CApath: none
* SSL connection using TLSv1.3 / TLS_AES_128_GCM_SHA256
* ALPN, server accepted to use http/1.1
* Server certificate:
*  subject: CN=*.assemblyai.com
*  start date: Jun 15 00:00:00 2024 GMT
*  expire date: Jul 14 23:59:59 2025 GMT
*  subjectAltName: host "api.assemblyai.com" matched cert's "*.assemblyai.com"
*  issuer: C=US; O=Amazon; CN=Amazon RSA 2048 M02
*  SSL certificate verify ok.
> GET /v2/transcript/a34d43be-0c31-48e5-8802-e8d7cb121341 HTTP/1.1
Host: api.assemblyai.com
Accept: */*
authorization: 7da2fc6e2f084d17a6696d5e67395bad

< HTTP/1.1 200 OK
< Date: Tue, 29 Apr 2025 09:14:05 GMT
< Content-Type: application/json; charset=UTF-8
< Content-Length: 2296
< Connection: keep-alive
< Set-Cookie: AWSALBTG=+mS5KO+1ZMIYTHWalKruVAUwqhSCicZ6VbIIql+GvTYk5kr649Zvxt5cd7BZS2tKx/tKeapPhXRQSVE1Cg5TcpEWgrsntZKuMtQR8VBrG3OMAO3lXeZ8sJ+Ac3zUaN09fT93OAbHmGQcgPbbxKEdQu97P2U6+F2VhrlE4K/75YAk; Expires=Tue, 06 May 2025 09:14:05 GMT; Path=/
< Set-Cookie: AWSALBTGCORS=+mS5KO+1ZMIYTHWalKruVAUwqhSCicZ6VbIIql+GvTYk5kr649Zvxt5cd7BZS2tKx/tKeapPhXRQSVE1Cg5TcpEWgrsntZKuMtQR8VBrG3OMAO3lXeZ8sJ+Ac3zUaN09fT93OAbHmGQcgPbbxKEdQu97P2U6+F2VhrlE4K/75YAk; Expires=Tue, 06 May 2025 09:14:05 GMT; Path=/; SameSite=None; Secure
< Set-Cookie: AWSALB=+X1Gib4mpF4f8D0sUtvOZMJG+gWoHNf+K92e24CbIhrtBTRfR/LJSxoRVoIp+IhMyXUimNlpvyiPuSIdr26qiufnm4EVwRLYdQlo+mLCgO/y62lkbdetgI+V27tc; Expires=Tue, 06 May 2025 09:14:05 GMT; Path=/
< Set-Cookie: AWSALBCORS=+X1Gib4mpF4f8D0sUtvOZMJG+gWoHNf+K92e24CbIhrtBTRfR/LJSxoRVoIp+IhMyXUimNlpvyiPuSIdr26qiufnm4EVwRLYdQlo+mLCgO/y62lkbdetgI+V27tc; Expires=Tue, 06 May 2025 09:14:05 GMT; Path=/; SameSite=None; Secure
< Access-Control-Allow-Origin: *
< Access-Control-Allow-Headers: Content-Type, Authorization, X-Requested-With, User-Agent, AssemblyAI-Agent
< Access-Control-Allow-Methods: POST, PUT, GET, OPTIONS
< Strict-Transport-Security: max-age=31536000; includeSubDomains; preload
< Etag: "a3ea02224443c6faf2ecc40ee39bbc001d855b7d"
< 
* Connection #0 to host api.assemblyai.com left intact

[2025-04-29 11:14:05] HTTP Response Code: 200
[2025-04-29 11:14:05] Response: {"id": "a34d43be-0c31-48e5-8802-e8d7cb121341", "language_model": "assemblyai_default", "acoustic_model": "assemblyai_default", "language_code": "en_us", "status": "completed", "audio_url": "https://cdn.assemblyai.com/upload/07849701-911d-4a7a-a35a-755f0bf59e60", "text": "I am very happy right now.", "words": [{"text": "I", "start": 960, "end": 1120, "confidence": 0.97966, "speaker": null}, {"text": "am", "start": 1120, "end": 1320, "confidence": 0.89924, "speaker": null}, {"text": "very", "start": 1360, "end": 1512, "confidence": 0.99863, "speaker": null}, {"text": "happy", "start": 1536, "end": 1896, "confidence": 0.99898, "speaker": null}, {"text": "right", "start": 1928, "end": 2120, "confidence": 0.99865, "speaker": null}, {"text": "now.", "start": 2160, "end": 2240, "confidence": 0.99778, "speaker": null}], "utterances": null, "confidence": 0.9788233, "audio_duration": 4, "punctuate": true, "format_text": true, "dual_channel": null, "webhook_url": null, "webhook_status_code": null, "webhook_auth": false, "webhook_auth_header_name": null, "speed_boost": false, "auto_highlights_result": null, "auto_highlights": false, "audio_start_from": null, "audio_end_at": null, "word_boost": [], "boost_param": null, "prompt": null, "keyterms_prompt": [], "filter_profanity": false, "redact_pii": false, "redact_pii_audio": false, "redact_pii_audio_quality": null, "redact_pii_policies": null, "redact_pii_sub": null, "speaker_labels": false, "content_safety": false, "iab_categories": false, "content_safety_labels": {"status": "unavailable", "results": [], "summary": {}}, "iab_categories_result": {"status": "unavailable", "results": [], "summary": {}}, "language_detection": false, "language_confidence_threshold": null, "language_confidence": null, "custom_spelling": null, "throttled": false, "auto_chapters": false, "summarization": false, "summary_type": null, "summary_model": null, "custom_topics": false, "topics": [], "speech_threshold": null, "speech_model": null, "chapters": null, "disfluencies": false, "entity_detection": false, "sentiment_analysis": false, "sentiment_analysis_results": null, "entities": null, "speakers_expected": null, "summary": null, "custom_topics_results": null, "is_deleted": null, "multichannel": null, "project_id": 546162, "token_id": 547942}
[2025-04-29 11:19:24] API key found in .env file
[2025-04-29 11:19:52] API key found in .env file
[2025-04-29 11:23:51] API key found in .env file
[2025-04-29 11:23:51] === Starting AssemblyAI Upload ===
[2025-04-29 11:23:51] Audio file path: uploads/recording_1745918631.wav
[2025-04-29 11:23:51] Detected MIME type: audio/wav
[2025-04-29 11:23:51] Sending file to AssemblyAI upload endpoint...
[2025-04-29 11:23:55] HTTP Response Code: 200
[2025-04-29 11:23:55] Raw Response: {"upload_url":"https://cdn.assemblyai.com/upload/cf1caf33-780b-4842-8f61-758515baebd6"}

[2025-04-29 11:23:55] Upload URL received: https://cdn.assemblyai.com/upload/cf1caf33-780b-4842-8f61-758515baebd6
[2025-04-29 11:23:55] Starting transcription job...
[2025-04-29 11:23:55] Request body: {"audio_url":"https:\/\/cdn.assemblyai.com\/upload\/cf1caf33-780b-4842-8f61-758515baebd6"}
[2025-04-29 11:23:56] HTTP Response Code: 200
[2025-04-29 11:23:56] Raw Response: {"id": "bb9e826d-257a-4feb-8856-75add058da8c", "language_model": "assemblyai_default", "acoustic_model": "assemblyai_default", "language_code": "en_us", "status": "queued", "audio_url": "https://cdn.assemblyai.com/upload/cf1caf33-780b-4842-8f61-758515baebd6", "text": null, "words": null, "utterances": null, "confidence": null, "audio_duration": null, "punctuate": true, "format_text": true, "dual_channel": null, "webhook_url": null, "webhook_status_code": null, "webhook_auth": false, "webhook_auth_header_name": null, "speed_boost": false, "auto_highlights_result": null, "auto_highlights": false, "audio_start_from": null, "audio_end_at": null, "word_boost": [], "boost_param": null, "prompt": null, "keyterms_prompt": null, "filter_profanity": false, "redact_pii": false, "redact_pii_audio": false, "redact_pii_audio_quality": null, "redact_pii_policies": null, "redact_pii_sub": null, "speaker_labels": false, "content_safety": false, "iab_categories": false, "content_safety_labels": {}, "iab_categories_result": {}, "language_detection": false, "language_confidence_threshold": null, "language_confidence": null, "custom_spelling": null, "throttled": false, "auto_chapters": false, "summarization": false, "summary_type": null, "summary_model": null, "custom_topics": false, "topics": [], "speech_threshold": null, "speech_model": null, "chapters": null, "disfluencies": false, "entity_detection": false, "sentiment_analysis": false, "sentiment_analysis_results": null, "entities": null, "speakers_expected": null, "summary": null, "custom_topics_results": null, "is_deleted": null, "multichannel": null, "project_id": 546162, "token_id": 547942}
[2025-04-29 11:23:56] === Checking Transcription Status ===
[2025-04-29 11:23:56] Transcript ID: bb9e826d-257a-4feb-8856-75add058da8c
[2025-04-29 11:23:57] cURL verbose output: * Hostname api.assemblyai.com was found in DNS cache
*   Trying 44.238.42.242...
* TCP_NODELAY set
* Connected to api.assemblyai.com (44.238.42.242) port 443 (#0)
* ALPN, offering http/1.1
* Cipher selection: ALL:!EXPORT:!EXPORT40:!EXPORT56:!aNULL:!LOW:!RC4:@STRENGTH
* successfully set certificate verify locations:
*   CAfile: /Applications/XAMPP/xamppfiles/share/curl/curl-ca-bundle.crt
  CApath: none
* SSL connection using TLSv1.3 / TLS_AES_128_GCM_SHA256
* ALPN, server accepted to use http/1.1
* Server certificate:
*  subject: CN=*.assemblyai.com
*  start date: Jun 15 00:00:00 2024 GMT
*  expire date: Jul 14 23:59:59 2025 GMT
*  subjectAltName: host "api.assemblyai.com" matched cert's "*.assemblyai.com"
*  issuer: C=US; O=Amazon; CN=Amazon RSA 2048 M02
*  SSL certificate verify ok.
> GET /v2/transcript/bb9e826d-257a-4feb-8856-75add058da8c HTTP/1.1
Host: api.assemblyai.com
Accept: */*
authorization: 7da2fc6e2f084d17a6696d5e67395bad

< HTTP/1.1 200 OK
< Date: Tue, 29 Apr 2025 09:23:57 GMT
< Content-Type: application/json; charset=UTF-8
< Content-Length: 2294
< Connection: keep-alive
< Set-Cookie: AWSALBTG=9nPQmyxogybL3RVcjrE8ofHDPWpkf2tVu014ce4ISFloXEfaJRo0vTPbtUPxsxgaVSx7xHEexuajKxtpWP+p6IiaXxEGmz8CVhyi5JESbVC2vM0R9u0RQJPB32mk3Gm0z1e/n9DY8hdmIPQnbtLZtKmi4HvnCyAfGAEHNSBMvgnW; Expires=Tue, 06 May 2025 09:23:57 GMT; Path=/
< Set-Cookie: AWSALBTGCORS=9nPQmyxogybL3RVcjrE8ofHDPWpkf2tVu014ce4ISFloXEfaJRo0vTPbtUPxsxgaVSx7xHEexuajKxtpWP+p6IiaXxEGmz8CVhyi5JESbVC2vM0R9u0RQJPB32mk3Gm0z1e/n9DY8hdmIPQnbtLZtKmi4HvnCyAfGAEHNSBMvgnW; Expires=Tue, 06 May 2025 09:23:57 GMT; Path=/; SameSite=None; Secure
< Set-Cookie: AWSALB=nnf6PhajCKtNhu3YFR19j5QVxeX0fpR2F2zht1GugQ0fF1xCU7f66hmyscUTxz5DcU07Y0nl8mTODSUlKR/Jf5/5kxBQYaqJfORuIev3VDVAcPsscVYPSwPmkRek; Expires=Tue, 06 May 2025 09:23:57 GMT; Path=/
< Set-Cookie: AWSALBCORS=nnf6PhajCKtNhu3YFR19j5QVxeX0fpR2F2zht1GugQ0fF1xCU7f66hmyscUTxz5DcU07Y0nl8mTODSUlKR/Jf5/5kxBQYaqJfORuIev3VDVAcPsscVYPSwPmkRek; Expires=Tue, 06 May 2025 09:23:57 GMT; Path=/; SameSite=None; Secure
< Access-Control-Allow-Origin: *
< Access-Control-Allow-Headers: Content-Type, Authorization, X-Requested-With, User-Agent, AssemblyAI-Agent
< Access-Control-Allow-Methods: POST, PUT, GET, OPTIONS
< Strict-Transport-Security: max-age=31536000; includeSubDomains; preload
< Etag: "4f2738208865ffdeb4dc93a4005c8df3b7b09eac"
< 
* Connection #0 to host api.assemblyai.com left intact

[2025-04-29 11:23:57] HTTP Response Code: 200
[2025-04-29 11:23:57] Response: {"id": "bb9e826d-257a-4feb-8856-75add058da8c", "language_model": "assemblyai_default", "acoustic_model": "assemblyai_default", "language_code": "en_us", "status": "completed", "audio_url": "https://cdn.assemblyai.com/upload/cf1caf33-780b-4842-8f61-758515baebd6", "text": "I am very happy right now.", "words": [{"text": "I", "start": 960, "end": 1312, "confidence": 0.99804, "speaker": null}, {"text": "am", "start": 1376, "end": 1832, "confidence": 0.99371, "speaker": null}, {"text": "very", "start": 1936, "end": 2248, "confidence": 0.9987, "speaker": null}, {"text": "happy", "start": 2304, "end": 2616, "confidence": 0.99955, "speaker": null}, {"text": "right", "start": 2648, "end": 2888, "confidence": 0.99949, "speaker": null}, {"text": "now.", "start": 2944, "end": 3040, "confidence": 0.99854, "speaker": null}], "utterances": null, "confidence": 0.998005, "audio_duration": 8, "punctuate": true, "format_text": true, "dual_channel": null, "webhook_url": null, "webhook_status_code": null, "webhook_auth": false, "webhook_auth_header_name": null, "speed_boost": false, "auto_highlights_result": null, "auto_highlights": false, "audio_start_from": null, "audio_end_at": null, "word_boost": [], "boost_param": null, "prompt": null, "keyterms_prompt": [], "filter_profanity": false, "redact_pii": false, "redact_pii_audio": false, "redact_pii_audio_quality": null, "redact_pii_policies": null, "redact_pii_sub": null, "speaker_labels": false, "content_safety": false, "iab_categories": false, "content_safety_labels": {"status": "unavailable", "results": [], "summary": {}}, "iab_categories_result": {"status": "unavailable", "results": [], "summary": {}}, "language_detection": false, "language_confidence_threshold": null, "language_confidence": null, "custom_spelling": null, "throttled": false, "auto_chapters": false, "summarization": false, "summary_type": null, "summary_model": null, "custom_topics": false, "topics": [], "speech_threshold": null, "speech_model": null, "chapters": null, "disfluencies": false, "entity_detection": false, "sentiment_analysis": false, "sentiment_analysis_results": null, "entities": null, "speakers_expected": null, "summary": null, "custom_topics_results": null, "is_deleted": null, "multichannel": null, "project_id": 546162, "token_id": 547942}
[2025-04-29 11:24:23] API key found in .env file
[2025-04-29 11:25:36] API key found in .env file
[2025-04-29 11:25:36] === Starting AssemblyAI Upload ===
[2025-04-29 11:25:36] Audio file path: uploads/1745918736_WhatsApp Audio 2025-04-24 at 2.08.05 PM.mpeg.wav
[2025-04-29 11:25:36] Detected MIME type: audio/wav
[2025-04-29 11:25:36] Sending file to AssemblyAI upload endpoint...
[2025-04-29 11:25:42] HTTP Response Code: 200
[2025-04-29 11:25:42] Raw Response: {"upload_url":"https://cdn.assemblyai.com/upload/438bce6e-81ea-41ad-8e7f-2bdea347c17d"}

[2025-04-29 11:25:42] Upload URL received: https://cdn.assemblyai.com/upload/438bce6e-81ea-41ad-8e7f-2bdea347c17d
[2025-04-29 11:25:42] Starting transcription job...
[2025-04-29 11:25:42] Request body: {"audio_url":"https:\/\/cdn.assemblyai.com\/upload\/438bce6e-81ea-41ad-8e7f-2bdea347c17d"}
[2025-04-29 11:25:44] HTTP Response Code: 200
[2025-04-29 11:25:44] Raw Response: {"id": "c9eb213e-b436-444c-ab71-8d0840c0ac8f", "language_model": "assemblyai_default", "acoustic_model": "assemblyai_default", "language_code": "en_us", "status": "queued", "audio_url": "https://cdn.assemblyai.com/upload/438bce6e-81ea-41ad-8e7f-2bdea347c17d", "text": null, "words": null, "utterances": null, "confidence": null, "audio_duration": null, "punctuate": true, "format_text": true, "dual_channel": null, "webhook_url": null, "webhook_status_code": null, "webhook_auth": false, "webhook_auth_header_name": null, "speed_boost": false, "auto_highlights_result": null, "auto_highlights": false, "audio_start_from": null, "audio_end_at": null, "word_boost": [], "boost_param": null, "prompt": null, "keyterms_prompt": null, "filter_profanity": false, "redact_pii": false, "redact_pii_audio": false, "redact_pii_audio_quality": null, "redact_pii_policies": null, "redact_pii_sub": null, "speaker_labels": false, "content_safety": false, "iab_categories": false, "content_safety_labels": {}, "iab_categories_result": {}, "language_detection": false, "language_confidence_threshold": null, "language_confidence": null, "custom_spelling": null, "throttled": false, "auto_chapters": false, "summarization": false, "summary_type": null, "summary_model": null, "custom_topics": false, "topics": [], "speech_threshold": null, "speech_model": null, "chapters": null, "disfluencies": false, "entity_detection": false, "sentiment_analysis": false, "sentiment_analysis_results": null, "entities": null, "speakers_expected": null, "summary": null, "custom_topics_results": null, "is_deleted": null, "multichannel": null, "project_id": 546162, "token_id": 547942}
[2025-04-29 11:25:44] === Checking Transcription Status ===
[2025-04-29 11:25:44] Transcript ID: c9eb213e-b436-444c-ab71-8d0840c0ac8f
[2025-04-29 11:25:45] cURL verbose output: * Hostname api.assemblyai.com was found in DNS cache
*   Trying 44.238.42.242...
* TCP_NODELAY set
* Connected to api.assemblyai.com (44.238.42.242) port 443 (#0)
* ALPN, offering http/1.1
* Cipher selection: ALL:!EXPORT:!EXPORT40:!EXPORT56:!aNULL:!LOW:!RC4:@STRENGTH
* successfully set certificate verify locations:
*   CAfile: /Applications/XAMPP/xamppfiles/share/curl/curl-ca-bundle.crt
  CApath: none
* SSL connection using TLSv1.3 / TLS_AES_128_GCM_SHA256
* ALPN, server accepted to use http/1.1
* Server certificate:
*  subject: CN=*.assemblyai.com
*  start date: Jun 15 00:00:00 2024 GMT
*  expire date: Jul 14 23:59:59 2025 GMT
*  subjectAltName: host "api.assemblyai.com" matched cert's "*.assemblyai.com"
*  issuer: C=US; O=Amazon; CN=Amazon RSA 2048 M02
*  SSL certificate verify ok.
> GET /v2/transcript/c9eb213e-b436-444c-ab71-8d0840c0ac8f HTTP/1.1
Host: api.assemblyai.com
Accept: */*
authorization: 7da2fc6e2f084d17a6696d5e67395bad

< HTTP/1.1 200 OK
< Date: Tue, 29 Apr 2025 09:25:45 GMT
< Content-Type: application/json; charset=UTF-8
< Content-Length: 2863
< Connection: keep-alive
< Set-Cookie: AWSALBTG=fxAok1Hd1nTsdLmncuHRYYz1EPSGOYHaFKjEjgi8yCqivI4PPJtolbgv13JnEmRHScfAssasKHKn5FWWl8dmTR26BYGbwjuibGVGNp9pXeqxJbnmAqU7464dpIiOa04YiBjZ+a9D2QMOayWwGR8OJzMoHUKbsEtg5yeSaigVH7S8; Expires=Tue, 06 May 2025 09:25:45 GMT; Path=/
< Set-Cookie: AWSALBTGCORS=fxAok1Hd1nTsdLmncuHRYYz1EPSGOYHaFKjEjgi8yCqivI4PPJtolbgv13JnEmRHScfAssasKHKn5FWWl8dmTR26BYGbwjuibGVGNp9pXeqxJbnmAqU7464dpIiOa04YiBjZ+a9D2QMOayWwGR8OJzMoHUKbsEtg5yeSaigVH7S8; Expires=Tue, 06 May 2025 09:25:45 GMT; Path=/; SameSite=None; Secure
< Set-Cookie: AWSALB=l+ndfd+vx2GJDlu3pRU+5ojiDarR1iQuHsxgKxoLPEKAEmTDYwe0ErjGIHX7MFqaEtbWLBR3pLxMx0WM3F2mItlbNbICudupBGTXdErn1Bj3DiMFeP8J/fpKzbay; Expires=Tue, 06 May 2025 09:25:45 GMT; Path=/
< Set-Cookie: AWSALBCORS=l+ndfd+vx2GJDlu3pRU+5ojiDarR1iQuHsxgKxoLPEKAEmTDYwe0ErjGIHX7MFqaEtbWLBR3pLxMx0WM3F2mItlbNbICudupBGTXdErn1Bj3DiMFeP8J/fpKzbay; Expires=Tue, 06 May 2025 09:25:45 GMT; Path=/; SameSite=None; Secure
< Access-Control-Allow-Origin: *
< Access-Control-Allow-Headers: Content-Type, Authorization, X-Requested-With, User-Agent, AssemblyAI-Agent
< Access-Control-Allow-Methods: POST, PUT, GET, OPTIONS
< Strict-Transport-Security: max-age=31536000; includeSubDomains; preload
< Etag: "03c75660c8c3e0a90e243141be8746e5f3fdd8af"
< 
* Connection #0 to host api.assemblyai.com left intact

[2025-04-29 11:25:45] HTTP Response Code: 200
[2025-04-29 11:25:45] Response: {"id": "c9eb213e-b436-444c-ab71-8d0840c0ac8f", "language_model": "assemblyai_default", "acoustic_model": "assemblyai_default", "language_code": "en_us", "status": "completed", "audio_url": "https://cdn.assemblyai.com/upload/438bce6e-81ea-41ad-8e7f-2bdea347c17d", "text": "This is the audio that I'm recording for the website sentiment analyzer.", "words": [{"text": "This", "start": 480, "end": 592, "confidence": 0.99998, "speaker": null}, {"text": "is", "start": 592, "end": 680, "confidence": 1.0, "speaker": null}, {"text": "the", "start": 680, "end": 800, "confidence": 0.99999, "speaker": null}, {"text": "audio", "start": 816, "end": 1016, "confidence": 0.99085, "speaker": null}, {"text": "that", "start": 1048, "end": 1240, "confidence": 0.99995, "speaker": null}, {"text": "I'm", "start": 1280, "end": 1448, "confidence": 0.97458, "speaker": null}, {"text": "recording", "start": 1464, "end": 1784, "confidence": 0.9149, "speaker": null}, {"text": "for", "start": 1832, "end": 1992, "confidence": 0.99997, "speaker": null}, {"text": "the", "start": 2016, "end": 2152, "confidence": 0.99999, "speaker": null}, {"text": "website", "start": 2176, "end": 2744, "confidence": 0.99992, "speaker": null}, {"text": "sentiment", "start": 2912, "end": 3656, "confidence": 0.42807, "speaker": null}, {"text": "analyzer.", "start": 3688, "end": 4200, "confidence": 0.88026, "speaker": null}], "utterances": null, "confidence": 0.9323717, "audio_duration": 6, "punctuate": true, "format_text": true, "dual_channel": null, "webhook_url": null, "webhook_status_code": null, "webhook_auth": false, "webhook_auth_header_name": null, "speed_boost": false, "auto_highlights_result": null, "auto_highlights": false, "audio_start_from": null, "audio_end_at": null, "word_boost": [], "boost_param": null, "prompt": null, "keyterms_prompt": [], "filter_profanity": false, "redact_pii": false, "redact_pii_audio": false, "redact_pii_audio_quality": null, "redact_pii_policies": null, "redact_pii_sub": null, "speaker_labels": false, "content_safety": false, "iab_categories": false, "content_safety_labels": {"status": "unavailable", "results": [], "summary": {}}, "iab_categories_result": {"status": "unavailable", "results": [], "summary": {}}, "language_detection": false, "language_confidence_threshold": null, "language_confidence": null, "custom_spelling": null, "throttled": false, "auto_chapters": false, "summarization": false, "summary_type": null, "summary_model": null, "custom_topics": false, "topics": [], "speech_threshold": null, "speech_model": null, "chapters": null, "disfluencies": false, "entity_detection": false, "sentiment_analysis": false, "sentiment_analysis_results": null, "entities": null, "speakers_expected": null, "summary": null, "custom_topics_results": null, "is_deleted": null, "multichannel": null, "project_id": 546162, "token_id": 547942}
[2025-04-29 11:26:10] API key found in .env file
[2025-04-29 11:27:42] API key found in .env file
[2025-04-29 11:27:42] === Starting AssemblyAI Upload ===
[2025-04-29 11:27:42] Audio file path: uploads/recording_1745918862.wav
[2025-04-29 11:27:42] Detected MIME type: audio/wav
[2025-04-29 11:27:42] Sending file to AssemblyAI upload endpoint...
[2025-04-29 11:27:48] HTTP Response Code: 200
[2025-04-29 11:27:48] Raw Response: {"upload_url":"https://cdn.assemblyai.com/upload/b415d7e1-4c0a-4f7e-9904-217ce0ac6ef0"}

[2025-04-29 11:27:48] Upload URL received: https://cdn.assemblyai.com/upload/b415d7e1-4c0a-4f7e-9904-217ce0ac6ef0
[2025-04-29 11:27:48] Starting transcription job...
[2025-04-29 11:27:48] Request body: {"audio_url":"https:\/\/cdn.assemblyai.com\/upload\/b415d7e1-4c0a-4f7e-9904-217ce0ac6ef0"}
[2025-04-29 11:27:49] HTTP Response Code: 200
[2025-04-29 11:27:49] Raw Response: {"id": "8b03e2fc-df61-4934-9fc8-a2cc60782034", "language_model": "assemblyai_default", "acoustic_model": "assemblyai_default", "language_code": "en_us", "status": "queued", "audio_url": "https://cdn.assemblyai.com/upload/b415d7e1-4c0a-4f7e-9904-217ce0ac6ef0", "text": null, "words": null, "utterances": null, "confidence": null, "audio_duration": null, "punctuate": true, "format_text": true, "dual_channel": null, "webhook_url": null, "webhook_status_code": null, "webhook_auth": false, "webhook_auth_header_name": null, "speed_boost": false, "auto_highlights_result": null, "auto_highlights": false, "audio_start_from": null, "audio_end_at": null, "word_boost": [], "boost_param": null, "prompt": null, "keyterms_prompt": null, "filter_profanity": false, "redact_pii": false, "redact_pii_audio": false, "redact_pii_audio_quality": null, "redact_pii_policies": null, "redact_pii_sub": null, "speaker_labels": false, "content_safety": false, "iab_categories": false, "content_safety_labels": {}, "iab_categories_result": {}, "language_detection": false, "language_confidence_threshold": null, "language_confidence": null, "custom_spelling": null, "throttled": false, "auto_chapters": false, "summarization": false, "summary_type": null, "summary_model": null, "custom_topics": false, "topics": [], "speech_threshold": null, "speech_model": null, "chapters": null, "disfluencies": false, "entity_detection": false, "sentiment_analysis": false, "sentiment_analysis_results": null, "entities": null, "speakers_expected": null, "summary": null, "custom_topics_results": null, "is_deleted": null, "multichannel": null, "project_id": 546162, "token_id": 547942}
[2025-04-29 11:27:49] === Checking Transcription Status ===
[2025-04-29 11:27:49] Transcript ID: 8b03e2fc-df61-4934-9fc8-a2cc60782034
[2025-04-29 11:27:51] cURL verbose output: * Hostname api.assemblyai.com was found in DNS cache
*   Trying 34.214.32.69...
* TCP_NODELAY set
* Connected to api.assemblyai.com (34.214.32.69) port 443 (#0)
* ALPN, offering http/1.1
* Cipher selection: ALL:!EXPORT:!EXPORT40:!EXPORT56:!aNULL:!LOW:!RC4:@STRENGTH
* successfully set certificate verify locations:
*   CAfile: /Applications/XAMPP/xamppfiles/share/curl/curl-ca-bundle.crt
  CApath: none
* SSL connection using TLSv1.3 / TLS_AES_128_GCM_SHA256
* ALPN, server accepted to use http/1.1
* Server certificate:
*  subject: CN=*.assemblyai.com
*  start date: Jun 15 00:00:00 2024 GMT
*  expire date: Jul 14 23:59:59 2025 GMT
*  subjectAltName: host "api.assemblyai.com" matched cert's "*.assemblyai.com"
*  issuer: C=US; O=Amazon; CN=Amazon RSA 2048 M02
*  SSL certificate verify ok.
> GET /v2/transcript/8b03e2fc-df61-4934-9fc8-a2cc60782034 HTTP/1.1
Host: api.assemblyai.com
Accept: */*
authorization: 7da2fc6e2f084d17a6696d5e67395bad

< HTTP/1.1 200 OK
< Date: Tue, 29 Apr 2025 09:27:50 GMT
< Content-Type: application/json; charset=UTF-8
< Content-Length: 2294
< Connection: keep-alive
< Set-Cookie: AWSALBTG=QIiKhCoQZGiKABL8Nusa+TpVpaxjkmXNX8SIXC9B5mpcKlciJrzRIYbM4c8e8PKy4cYdxIA4I5JK186CkO0Y4ORJ/0XLl1SAy1g9YNe3FQaDT5x8pdGDuk6Gb9QPljQZ4zFGjKFLrmwVh2x2pLIK4S5+6d1Lg59i+DcRISNHuALr; Expires=Tue, 06 May 2025 09:27:50 GMT; Path=/
< Set-Cookie: AWSALBTGCORS=QIiKhCoQZGiKABL8Nusa+TpVpaxjkmXNX8SIXC9B5mpcKlciJrzRIYbM4c8e8PKy4cYdxIA4I5JK186CkO0Y4ORJ/0XLl1SAy1g9YNe3FQaDT5x8pdGDuk6Gb9QPljQZ4zFGjKFLrmwVh2x2pLIK4S5+6d1Lg59i+DcRISNHuALr; Expires=Tue, 06 May 2025 09:27:50 GMT; Path=/; SameSite=None; Secure
< Set-Cookie: AWSALB=7UNJiwcHxls3wDAdM0ml/6RfJ7rWxJLNRL+FDpoFN92MpINnXHo6JTT5+FD8TX6csJyPInhVWQuHbjCZybeNuGDat0Dc4NiahZnKv6yuBT6Tro1nW2eG7UoJVV4a; Expires=Tue, 06 May 2025 09:27:50 GMT; Path=/
< Set-Cookie: AWSALBCORS=7UNJiwcHxls3wDAdM0ml/6RfJ7rWxJLNRL+FDpoFN92MpINnXHo6JTT5+FD8TX6csJyPInhVWQuHbjCZybeNuGDat0Dc4NiahZnKv6yuBT6Tro1nW2eG7UoJVV4a; Expires=Tue, 06 May 2025 09:27:50 GMT; Path=/; SameSite=None; Secure
< Access-Control-Allow-Origin: *
< Access-Control-Allow-Headers: Content-Type, Authorization, X-Requested-With, User-Agent, AssemblyAI-Agent
< Access-Control-Allow-Methods: POST, PUT, GET, OPTIONS
< Strict-Transport-Security: max-age=31536000; includeSubDomains; preload
< Etag: "c509dcef6288a202e03f4f4dc1a030fb7c6f4fb3"
< 
* Connection #0 to host api.assemblyai.com left intact

[2025-04-29 11:27:51] HTTP Response Code: 200
[2025-04-29 11:27:51] Response: {"id": "8b03e2fc-df61-4934-9fc8-a2cc60782034", "language_model": "assemblyai_default", "acoustic_model": "assemblyai_default", "language_code": "en_us", "status": "completed", "audio_url": "https://cdn.assemblyai.com/upload/b415d7e1-4c0a-4f7e-9904-217ce0ac6ef0", "text": "I am very happy right now.", "words": [{"text": "I", "start": 960, "end": 1072, "confidence": 0.99285, "speaker": null}, {"text": "am", "start": 1072, "end": 1208, "confidence": 0.99988, "speaker": null}, {"text": "very", "start": 1216, "end": 1352, "confidence": 0.99999, "speaker": null}, {"text": "happy", "start": 1376, "end": 1656, "confidence": 0.9999, "speaker": null}, {"text": "right", "start": 1688, "end": 1832, "confidence": 0.99998, "speaker": null}, {"text": "now.", "start": 1856, "end": 1920, "confidence": 0.99975, "speaker": null}], "utterances": null, "confidence": 0.998725, "audio_duration": 5, "punctuate": true, "format_text": true, "dual_channel": null, "webhook_url": null, "webhook_status_code": null, "webhook_auth": false, "webhook_auth_header_name": null, "speed_boost": false, "auto_highlights_result": null, "auto_highlights": false, "audio_start_from": null, "audio_end_at": null, "word_boost": [], "boost_param": null, "prompt": null, "keyterms_prompt": [], "filter_profanity": false, "redact_pii": false, "redact_pii_audio": false, "redact_pii_audio_quality": null, "redact_pii_policies": null, "redact_pii_sub": null, "speaker_labels": false, "content_safety": false, "iab_categories": false, "content_safety_labels": {"status": "unavailable", "results": [], "summary": {}}, "iab_categories_result": {"status": "unavailable", "results": [], "summary": {}}, "language_detection": false, "language_confidence_threshold": null, "language_confidence": null, "custom_spelling": null, "throttled": false, "auto_chapters": false, "summarization": false, "summary_type": null, "summary_model": null, "custom_topics": false, "topics": [], "speech_threshold": null, "speech_model": null, "chapters": null, "disfluencies": false, "entity_detection": false, "sentiment_analysis": false, "sentiment_analysis_results": null, "entities": null, "speakers_expected": null, "summary": null, "custom_topics_results": null, "is_deleted": null, "multichannel": null, "project_id": 546162, "token_id": 547942}
[2025-04-29 11:28:08] API key found in .env file
[2025-04-29 11:28:08] === Starting AssemblyAI Upload ===
[2025-04-29 11:28:08] Audio file path: uploads/1745918888_WhatsApp Audio 2025-04-24 at 2.08.05 PM.mpeg.wav
[2025-04-29 11:28:08] Detected MIME type: audio/wav
[2025-04-29 11:28:08] Sending file to AssemblyAI upload endpoint...
[2025-04-29 11:28:13] HTTP Response Code: 200
[2025-04-29 11:28:13] Raw Response: {"upload_url":"https://cdn.assemblyai.com/upload/5ee2a52c-cd0c-4583-bb76-267f7ccfe551"}

[2025-04-29 11:28:13] Upload URL received: https://cdn.assemblyai.com/upload/5ee2a52c-cd0c-4583-bb76-267f7ccfe551
[2025-04-29 11:28:13] Starting transcription job...
[2025-04-29 11:28:13] Request body: {"audio_url":"https:\/\/cdn.assemblyai.com\/upload\/5ee2a52c-cd0c-4583-bb76-267f7ccfe551"}
[2025-04-29 11:28:14] HTTP Response Code: 200
[2025-04-29 11:28:14] Raw Response: {"id": "09c1f0af-7052-4e7a-bc30-ca34320574b6", "language_model": "assemblyai_default", "acoustic_model": "assemblyai_default", "language_code": "en_us", "status": "queued", "audio_url": "https://cdn.assemblyai.com/upload/5ee2a52c-cd0c-4583-bb76-267f7ccfe551", "text": null, "words": null, "utterances": null, "confidence": null, "audio_duration": null, "punctuate": true, "format_text": true, "dual_channel": null, "webhook_url": null, "webhook_status_code": null, "webhook_auth": false, "webhook_auth_header_name": null, "speed_boost": false, "auto_highlights_result": null, "auto_highlights": false, "audio_start_from": null, "audio_end_at": null, "word_boost": [], "boost_param": null, "prompt": null, "keyterms_prompt": null, "filter_profanity": false, "redact_pii": false, "redact_pii_audio": false, "redact_pii_audio_quality": null, "redact_pii_policies": null, "redact_pii_sub": null, "speaker_labels": false, "content_safety": false, "iab_categories": false, "content_safety_labels": {}, "iab_categories_result": {}, "language_detection": false, "language_confidence_threshold": null, "language_confidence": null, "custom_spelling": null, "throttled": false, "auto_chapters": false, "summarization": false, "summary_type": null, "summary_model": null, "custom_topics": false, "topics": [], "speech_threshold": null, "speech_model": null, "chapters": null, "disfluencies": false, "entity_detection": false, "sentiment_analysis": false, "sentiment_analysis_results": null, "entities": null, "speakers_expected": null, "summary": null, "custom_topics_results": null, "is_deleted": null, "multichannel": null, "project_id": 546162, "token_id": 547942}
[2025-04-29 11:28:14] === Checking Transcription Status ===
[2025-04-29 11:28:14] Transcript ID: 09c1f0af-7052-4e7a-bc30-ca34320574b6
[2025-04-29 11:28:15] cURL verbose output: * Hostname api.assemblyai.com was found in DNS cache
*   Trying 34.214.32.69...
* TCP_NODELAY set
* Connected to api.assemblyai.com (34.214.32.69) port 443 (#0)
* ALPN, offering http/1.1
* Cipher selection: ALL:!EXPORT:!EXPORT40:!EXPORT56:!aNULL:!LOW:!RC4:@STRENGTH
* successfully set certificate verify locations:
*   CAfile: /Applications/XAMPP/xamppfiles/share/curl/curl-ca-bundle.crt
  CApath: none
* SSL connection using TLSv1.3 / TLS_AES_128_GCM_SHA256
* ALPN, server accepted to use http/1.1
* Server certificate:
*  subject: CN=*.assemblyai.com
*  start date: Jun 15 00:00:00 2024 GMT
*  expire date: Jul 14 23:59:59 2025 GMT
*  subjectAltName: host "api.assemblyai.com" matched cert's "*.assemblyai.com"
*  issuer: C=US; O=Amazon; CN=Amazon RSA 2048 M02
*  SSL certificate verify ok.
> GET /v2/transcript/09c1f0af-7052-4e7a-bc30-ca34320574b6 HTTP/1.1
Host: api.assemblyai.com
Accept: */*
authorization: 7da2fc6e2f084d17a6696d5e67395bad

< HTTP/1.1 200 OK
< Date: Tue, 29 Apr 2025 09:28:15 GMT
< Content-Type: application/json; charset=UTF-8
< Content-Length: 2864
< Connection: keep-alive
< Set-Cookie: AWSALBTG=U7+08ERyx/UcR5NyYLFOKAfZe9tnDb1D5vK2kOrhaEH+usQjuQFuP//8dOCGVnFrGxctqYwo+Zcm6XaWY+yR3kqx7GAg5GAGt4AzgJ9/pFig6rmjKjpaChC2FCX4qpn2lzQx4E4sG3YKopigg4KgWaVzFKLf+San1MOl70DLSmuu; Expires=Tue, 06 May 2025 09:28:15 GMT; Path=/
< Set-Cookie: AWSALBTGCORS=U7+08ERyx/UcR5NyYLFOKAfZe9tnDb1D5vK2kOrhaEH+usQjuQFuP//8dOCGVnFrGxctqYwo+Zcm6XaWY+yR3kqx7GAg5GAGt4AzgJ9/pFig6rmjKjpaChC2FCX4qpn2lzQx4E4sG3YKopigg4KgWaVzFKLf+San1MOl70DLSmuu; Expires=Tue, 06 May 2025 09:28:15 GMT; Path=/; SameSite=None; Secure
< Set-Cookie: AWSALB=8nq/zwxYJOMErP9bzKmJi1dULF3agYE7cokSN3xqUcNiFbPOQkexYU1l+kd6n/Ly26447pZVQYBPAtA2Ke0kdYxInBbE5e3jgU5bLezXybn6Cs1BAuveiC7Vnh4b; Expires=Tue, 06 May 2025 09:28:15 GMT; Path=/
< Set-Cookie: AWSALBCORS=8nq/zwxYJOMErP9bzKmJi1dULF3agYE7cokSN3xqUcNiFbPOQkexYU1l+kd6n/Ly26447pZVQYBPAtA2Ke0kdYxInBbE5e3jgU5bLezXybn6Cs1BAuveiC7Vnh4b; Expires=Tue, 06 May 2025 09:28:15 GMT; Path=/; SameSite=None; Secure
< Access-Control-Allow-Origin: *
< Access-Control-Allow-Headers: Content-Type, Authorization, X-Requested-With, User-Agent, AssemblyAI-Agent
< Access-Control-Allow-Methods: POST, PUT, GET, OPTIONS
< Strict-Transport-Security: max-age=31536000; includeSubDomains; preload
< Etag: "bafbed2f1361c533408203442fdd69cd41a98ee5"
< 
* Connection #0 to host api.assemblyai.com left intact

[2025-04-29 11:28:15] HTTP Response Code: 200
[2025-04-29 11:28:15] Response: {"id": "09c1f0af-7052-4e7a-bc30-ca34320574b6", "language_model": "assemblyai_default", "acoustic_model": "assemblyai_default", "language_code": "en_us", "status": "completed", "audio_url": "https://cdn.assemblyai.com/upload/5ee2a52c-cd0c-4583-bb76-267f7ccfe551", "text": "This is the audio that I'm recording for the website sentiment analyzer.", "words": [{"text": "This", "start": 480, "end": 592, "confidence": 0.99998, "speaker": null}, {"text": "is", "start": 592, "end": 680, "confidence": 1.0, "speaker": null}, {"text": "the", "start": 680, "end": 800, "confidence": 0.99999, "speaker": null}, {"text": "audio", "start": 816, "end": 1016, "confidence": 0.99085, "speaker": null}, {"text": "that", "start": 1048, "end": 1240, "confidence": 0.99995, "speaker": null}, {"text": "I'm", "start": 1280, "end": 1448, "confidence": 0.97459, "speaker": null}, {"text": "recording", "start": 1464, "end": 1784, "confidence": 0.9149, "speaker": null}, {"text": "for", "start": 1832, "end": 1992, "confidence": 0.99998, "speaker": null}, {"text": "the", "start": 2016, "end": 2152, "confidence": 0.99999, "speaker": null}, {"text": "website", "start": 2176, "end": 2744, "confidence": 0.99991, "speaker": null}, {"text": "sentiment", "start": 2912, "end": 3656, "confidence": 0.43069, "speaker": null}, {"text": "analyzer.", "start": 3688, "end": 4200, "confidence": 0.88026, "speaker": null}], "utterances": null, "confidence": 0.93259084, "audio_duration": 6, "punctuate": true, "format_text": true, "dual_channel": null, "webhook_url": null, "webhook_status_code": null, "webhook_auth": false, "webhook_auth_header_name": null, "speed_boost": false, "auto_highlights_result": null, "auto_highlights": false, "audio_start_from": null, "audio_end_at": null, "word_boost": [], "boost_param": null, "prompt": null, "keyterms_prompt": [], "filter_profanity": false, "redact_pii": false, "redact_pii_audio": false, "redact_pii_audio_quality": null, "redact_pii_policies": null, "redact_pii_sub": null, "speaker_labels": false, "content_safety": false, "iab_categories": false, "content_safety_labels": {"status": "unavailable", "results": [], "summary": {}}, "iab_categories_result": {"status": "unavailable", "results": [], "summary": {}}, "language_detection": false, "language_confidence_threshold": null, "language_confidence": null, "custom_spelling": null, "throttled": false, "auto_chapters": false, "summarization": false, "summary_type": null, "summary_model": null, "custom_topics": false, "topics": [], "speech_threshold": null, "speech_model": null, "chapters": null, "disfluencies": false, "entity_detection": false, "sentiment_analysis": false, "sentiment_analysis_results": null, "entities": null, "speakers_expected": null, "summary": null, "custom_topics_results": null, "is_deleted": null, "multichannel": null, "project_id": 546162, "token_id": 547942}
[2025-04-29 11:34:02] API key found in .env file
[2025-04-29 11:34:02] === Starting AssemblyAI Upload ===
[2025-04-29 11:34:02] Audio file path: uploads/recording_1745919242.wav
[2025-04-29 11:34:02] Detected MIME type: audio/wav
[2025-04-29 11:34:02] Sending file to AssemblyAI upload endpoint...
[2025-04-29 11:34:08] HTTP Response Code: 200
[2025-04-29 11:34:08] Raw Response: {"upload_url":"https://cdn.assemblyai.com/upload/e71ebd24-d94a-4529-bd8b-496c6e411f85"}

[2025-04-29 11:34:08] Upload URL received: https://cdn.assemblyai.com/upload/e71ebd24-d94a-4529-bd8b-496c6e411f85
[2025-04-29 11:34:08] Starting transcription job...
[2025-04-29 11:34:08] Request body: {"audio_url":"https:\/\/cdn.assemblyai.com\/upload\/e71ebd24-d94a-4529-bd8b-496c6e411f85"}
[2025-04-29 11:34:09] HTTP Response Code: 200
[2025-04-29 11:34:09] Raw Response: {"id": "85e38391-5565-4958-89be-58774f60dc16", "language_model": "assemblyai_default", "acoustic_model": "assemblyai_default", "language_code": "en_us", "status": "queued", "audio_url": "https://cdn.assemblyai.com/upload/e71ebd24-d94a-4529-bd8b-496c6e411f85", "text": null, "words": null, "utterances": null, "confidence": null, "audio_duration": null, "punctuate": true, "format_text": true, "dual_channel": null, "webhook_url": null, "webhook_status_code": null, "webhook_auth": false, "webhook_auth_header_name": null, "speed_boost": false, "auto_highlights_result": null, "auto_highlights": false, "audio_start_from": null, "audio_end_at": null, "word_boost": [], "boost_param": null, "prompt": null, "keyterms_prompt": null, "filter_profanity": false, "redact_pii": false, "redact_pii_audio": false, "redact_pii_audio_quality": null, "redact_pii_policies": null, "redact_pii_sub": null, "speaker_labels": false, "content_safety": false, "iab_categories": false, "content_safety_labels": {}, "iab_categories_result": {}, "language_detection": false, "language_confidence_threshold": null, "language_confidence": null, "custom_spelling": null, "throttled": false, "auto_chapters": false, "summarization": false, "summary_type": null, "summary_model": null, "custom_topics": false, "topics": [], "speech_threshold": null, "speech_model": null, "chapters": null, "disfluencies": false, "entity_detection": false, "sentiment_analysis": false, "sentiment_analysis_results": null, "entities": null, "speakers_expected": null, "summary": null, "custom_topics_results": null, "is_deleted": null, "multichannel": null, "project_id": 546162, "token_id": 547942}
[2025-04-29 11:34:09] === Checking Transcription Status ===
[2025-04-29 11:34:09] Transcript ID: 85e38391-5565-4958-89be-58774f60dc16
[2025-04-29 11:34:11] cURL verbose output: * Hostname api.assemblyai.com was found in DNS cache
*   Trying 54.191.221.63...
* TCP_NODELAY set
* Connected to api.assemblyai.com (54.191.221.63) port 443 (#0)
* ALPN, offering http/1.1
* Cipher selection: ALL:!EXPORT:!EXPORT40:!EXPORT56:!aNULL:!LOW:!RC4:@STRENGTH
* successfully set certificate verify locations:
*   CAfile: /Applications/XAMPP/xamppfiles/share/curl/curl-ca-bundle.crt
  CApath: none
* SSL connection using TLSv1.3 / TLS_AES_128_GCM_SHA256
* ALPN, server accepted to use http/1.1
* Server certificate:
*  subject: CN=*.assemblyai.com
*  start date: Jun 15 00:00:00 2024 GMT
*  expire date: Jul 14 23:59:59 2025 GMT
*  subjectAltName: host "api.assemblyai.com" matched cert's "*.assemblyai.com"
*  issuer: C=US; O=Amazon; CN=Amazon RSA 2048 M02
*  SSL certificate verify ok.
> GET /v2/transcript/85e38391-5565-4958-89be-58774f60dc16 HTTP/1.1
Host: api.assemblyai.com
Accept: */*
authorization: 7da2fc6e2f084d17a6696d5e67395bad

< HTTP/1.1 200 OK
< Date: Tue, 29 Apr 2025 09:34:10 GMT
< Content-Type: application/json; charset=UTF-8
< Content-Length: 2297
< Connection: keep-alive
< Set-Cookie: AWSALBTG=2L2Oe5aTxZTeaN6KZ3Q3eCHf8t+ZzGCkfJZ9WEsMnjtZ+rIIoU4FRKM6YNT5RE52uAITGN44+NU8kCgnYH24zyiPmNckoa7lggEQVPjqAdu7JWAUPwllNgmghNnDgXLuMTbik3p/SVs0XrKqkwbxJaz5KKdEm5qqT2LKj0IT5y3O; Expires=Tue, 06 May 2025 09:34:10 GMT; Path=/
< Set-Cookie: AWSALBTGCORS=2L2Oe5aTxZTeaN6KZ3Q3eCHf8t+ZzGCkfJZ9WEsMnjtZ+rIIoU4FRKM6YNT5RE52uAITGN44+NU8kCgnYH24zyiPmNckoa7lggEQVPjqAdu7JWAUPwllNgmghNnDgXLuMTbik3p/SVs0XrKqkwbxJaz5KKdEm5qqT2LKj0IT5y3O; Expires=Tue, 06 May 2025 09:34:10 GMT; Path=/; SameSite=None; Secure
< Set-Cookie: AWSALB=2GuMQssyVZtVkqOXPqgydcxxTYxnvLFfylb/U/3XL07W2K64IsRbPmnM8y4nkmCA1XvK8Tok1OdD4GHGRp9j9dxA6JV6MnjvNi4JG7vmCAi4oF/GypoSEXa2zYnz; Expires=Tue, 06 May 2025 09:34:10 GMT; Path=/
< Set-Cookie: AWSALBCORS=2GuMQssyVZtVkqOXPqgydcxxTYxnvLFfylb/U/3XL07W2K64IsRbPmnM8y4nkmCA1XvK8Tok1OdD4GHGRp9j9dxA6JV6MnjvNi4JG7vmCAi4oF/GypoSEXa2zYnz; Expires=Tue, 06 May 2025 09:34:10 GMT; Path=/; SameSite=None; Secure
< Access-Control-Allow-Origin: *
< Access-Control-Allow-Headers: Content-Type, Authorization, X-Requested-With, User-Agent, AssemblyAI-Agent
< Access-Control-Allow-Methods: POST, PUT, GET, OPTIONS
< Strict-Transport-Security: max-age=31536000; includeSubDomains; preload
< Etag: "e9c9f3910e00305371e2ecc09e833e10b9cc0210"
< 
* Connection #0 to host api.assemblyai.com left intact

[2025-04-29 11:34:11] HTTP Response Code: 200
[2025-04-29 11:34:11] Response: {"id": "85e38391-5565-4958-89be-58774f60dc16", "language_model": "assemblyai_default", "acoustic_model": "assemblyai_default", "language_code": "en_us", "status": "completed", "audio_url": "https://cdn.assemblyai.com/upload/e71ebd24-d94a-4529-bd8b-496c6e411f85", "text": "I am very happy right now.", "words": [{"text": "I", "start": 1120, "end": 1232, "confidence": 0.99637, "speaker": null}, {"text": "am", "start": 1232, "end": 1368, "confidence": 0.99985, "speaker": null}, {"text": "very", "start": 1376, "end": 1512, "confidence": 0.9998, "speaker": null}, {"text": "happy", "start": 1536, "end": 1816, "confidence": 0.99932, "speaker": null}, {"text": "right", "start": 1848, "end": 1992, "confidence": 0.99989, "speaker": null}, {"text": "now.", "start": 2016, "end": 2080, "confidence": 0.99833, "speaker": null}], "utterances": null, "confidence": 0.99892664, "audio_duration": 4, "punctuate": true, "format_text": true, "dual_channel": null, "webhook_url": null, "webhook_status_code": null, "webhook_auth": false, "webhook_auth_header_name": null, "speed_boost": false, "auto_highlights_result": null, "auto_highlights": false, "audio_start_from": null, "audio_end_at": null, "word_boost": [], "boost_param": null, "prompt": null, "keyterms_prompt": [], "filter_profanity": false, "redact_pii": false, "redact_pii_audio": false, "redact_pii_audio_quality": null, "redact_pii_policies": null, "redact_pii_sub": null, "speaker_labels": false, "content_safety": false, "iab_categories": false, "content_safety_labels": {"status": "unavailable", "results": [], "summary": {}}, "iab_categories_result": {"status": "unavailable", "results": [], "summary": {}}, "language_detection": false, "language_confidence_threshold": null, "language_confidence": null, "custom_spelling": null, "throttled": false, "auto_chapters": false, "summarization": false, "summary_type": null, "summary_model": null, "custom_topics": false, "topics": [], "speech_threshold": null, "speech_model": null, "chapters": null, "disfluencies": false, "entity_detection": false, "sentiment_analysis": false, "sentiment_analysis_results": null, "entities": null, "speakers_expected": null, "summary": null, "custom_topics_results": null, "is_deleted": null, "multichannel": null, "project_id": 546162, "token_id": 547942}
[2025-04-29 11:34:41] API key found in .env file
[2025-04-29 11:34:41] === Starting AssemblyAI Upload ===
[2025-04-29 11:34:41] Audio file path: uploads/recording_1745919281.wav
[2025-04-29 11:34:41] Detected MIME type: audio/wav
[2025-04-29 11:34:41] Sending file to AssemblyAI upload endpoint...
[2025-04-29 11:34:43] HTTP Response Code: 200
[2025-04-29 11:34:43] Raw Response: {"upload_url":"https://cdn.assemblyai.com/upload/138510cb-9365-4053-8055-410b3a7a665e"}

[2025-04-29 11:34:43] Upload URL received: https://cdn.assemblyai.com/upload/138510cb-9365-4053-8055-410b3a7a665e
[2025-04-29 11:34:43] Starting transcription job...
[2025-04-29 11:34:43] Request body: {"audio_url":"https:\/\/cdn.assemblyai.com\/upload\/138510cb-9365-4053-8055-410b3a7a665e"}
[2025-04-29 11:34:45] HTTP Response Code: 200
[2025-04-29 11:34:45] Raw Response: {"id": "705e2e21-0cad-47ef-943b-4a667967ac72", "language_model": "assemblyai_default", "acoustic_model": "assemblyai_default", "language_code": "en_us", "status": "queued", "audio_url": "https://cdn.assemblyai.com/upload/138510cb-9365-4053-8055-410b3a7a665e", "text": null, "words": null, "utterances": null, "confidence": null, "audio_duration": null, "punctuate": true, "format_text": true, "dual_channel": null, "webhook_url": null, "webhook_status_code": null, "webhook_auth": false, "webhook_auth_header_name": null, "speed_boost": false, "auto_highlights_result": null, "auto_highlights": false, "audio_start_from": null, "audio_end_at": null, "word_boost": [], "boost_param": null, "prompt": null, "keyterms_prompt": null, "filter_profanity": false, "redact_pii": false, "redact_pii_audio": false, "redact_pii_audio_quality": null, "redact_pii_policies": null, "redact_pii_sub": null, "speaker_labels": false, "content_safety": false, "iab_categories": false, "content_safety_labels": {}, "iab_categories_result": {}, "language_detection": false, "language_confidence_threshold": null, "language_confidence": null, "custom_spelling": null, "throttled": false, "auto_chapters": false, "summarization": false, "summary_type": null, "summary_model": null, "custom_topics": false, "topics": [], "speech_threshold": null, "speech_model": null, "chapters": null, "disfluencies": false, "entity_detection": false, "sentiment_analysis": false, "sentiment_analysis_results": null, "entities": null, "speakers_expected": null, "summary": null, "custom_topics_results": null, "is_deleted": null, "multichannel": null, "project_id": 546162, "token_id": 547942}
[2025-04-29 11:34:45] === Checking Transcription Status ===
[2025-04-29 11:34:45] Transcript ID: 705e2e21-0cad-47ef-943b-4a667967ac72
[2025-04-29 11:34:46] cURL verbose output: * Hostname api.assemblyai.com was found in DNS cache
*   Trying 54.191.221.63...
* TCP_NODELAY set
* Connected to api.assemblyai.com (54.191.221.63) port 443 (#0)
* ALPN, offering http/1.1
* Cipher selection: ALL:!EXPORT:!EXPORT40:!EXPORT56:!aNULL:!LOW:!RC4:@STRENGTH
* successfully set certificate verify locations:
*   CAfile: /Applications/XAMPP/xamppfiles/share/curl/curl-ca-bundle.crt
  CApath: none
* SSL connection using TLSv1.3 / TLS_AES_128_GCM_SHA256
* ALPN, server accepted to use http/1.1
* Server certificate:
*  subject: CN=*.assemblyai.com
*  start date: Jun 15 00:00:00 2024 GMT
*  expire date: Jul 14 23:59:59 2025 GMT
*  subjectAltName: host "api.assemblyai.com" matched cert's "*.assemblyai.com"
*  issuer: C=US; O=Amazon; CN=Amazon RSA 2048 M02
*  SSL certificate verify ok.
> GET /v2/transcript/705e2e21-0cad-47ef-943b-4a667967ac72 HTTP/1.1
Host: api.assemblyai.com
Accept: */*
authorization: 7da2fc6e2f084d17a6696d5e67395bad

< HTTP/1.1 200 OK
< Date: Tue, 29 Apr 2025 09:34:46 GMT
< Content-Type: application/json; charset=UTF-8
< Content-Length: 2292
< Connection: keep-alive
< Set-Cookie: AWSALBTG=hrxgRrRUGfi/vYc/SME3372P6e/qsGMDgKnR7SPmL32EEKZMgoSX2BH4jwxvwWbmJn3Lk2Axz42B27TGGFQVOmEo5zFnwG/b7BNkrbVD89er7op8dnaNKcj5QLZsSauoRFDCiywAp3DkCURM3Q8ToAmOzuYbUAY13TKMZ9+xuNiI; Expires=Tue, 06 May 2025 09:34:46 GMT; Path=/
< Set-Cookie: AWSALBTGCORS=hrxgRrRUGfi/vYc/SME3372P6e/qsGMDgKnR7SPmL32EEKZMgoSX2BH4jwxvwWbmJn3Lk2Axz42B27TGGFQVOmEo5zFnwG/b7BNkrbVD89er7op8dnaNKcj5QLZsSauoRFDCiywAp3DkCURM3Q8ToAmOzuYbUAY13TKMZ9+xuNiI; Expires=Tue, 06 May 2025 09:34:46 GMT; Path=/; SameSite=None; Secure
< Set-Cookie: AWSALB=8/3fKaEAp0OjFREUAReM6FrTWkw6qY+4nUasYK94mYaCLbnkVlOJUd3rF82XrMollGI8XVBEXbyOY9nNrspCOpeq+3QQYviah7pk5moXc3g1HWkGUzpNnWnR7I71; Expires=Tue, 06 May 2025 09:34:46 GMT; Path=/
< Set-Cookie: AWSALBCORS=8/3fKaEAp0OjFREUAReM6FrTWkw6qY+4nUasYK94mYaCLbnkVlOJUd3rF82XrMollGI8XVBEXbyOY9nNrspCOpeq+3QQYviah7pk5moXc3g1HWkGUzpNnWnR7I71; Expires=Tue, 06 May 2025 09:34:46 GMT; Path=/; SameSite=None; Secure
< Access-Control-Allow-Origin: *
< Access-Control-Allow-Headers: Content-Type, Authorization, X-Requested-With, User-Agent, AssemblyAI-Agent
< Access-Control-Allow-Methods: POST, PUT, GET, OPTIONS
< Strict-Transport-Security: max-age=31536000; includeSubDomains; preload
< Etag: "933d6e626a0d96611a24a10b853ff36704805bcf"
< 
* Connection #0 to host api.assemblyai.com left intact

[2025-04-29 11:34:46] HTTP Response Code: 200
[2025-04-29 11:34:46] Response: {"id": "705e2e21-0cad-47ef-943b-4a667967ac72", "language_model": "assemblyai_default", "acoustic_model": "assemblyai_default", "language_code": "en_us", "status": "completed", "audio_url": "https://cdn.assemblyai.com/upload/138510cb-9365-4053-8055-410b3a7a665e", "text": "I am very happy right now.", "words": [{"text": "I", "start": 640, "end": 752, "confidence": 0.99976, "speaker": null}, {"text": "am", "start": 752, "end": 936, "confidence": 0.51551, "speaker": null}, {"text": "very", "start": 960, "end": 1160, "confidence": 0.99995, "speaker": null}, {"text": "happy", "start": 1200, "end": 1496, "confidence": 0.99993, "speaker": null}, {"text": "right", "start": 1528, "end": 1720, "confidence": 0.99992, "speaker": null}, {"text": "now.", "start": 1760, "end": 1840, "confidence": 0.9996, "speaker": null}], "utterances": null, "confidence": 0.91911167, "audio_duration": 5, "punctuate": true, "format_text": true, "dual_channel": null, "webhook_url": null, "webhook_status_code": null, "webhook_auth": false, "webhook_auth_header_name": null, "speed_boost": false, "auto_highlights_result": null, "auto_highlights": false, "audio_start_from": null, "audio_end_at": null, "word_boost": [], "boost_param": null, "prompt": null, "keyterms_prompt": [], "filter_profanity": false, "redact_pii": false, "redact_pii_audio": false, "redact_pii_audio_quality": null, "redact_pii_policies": null, "redact_pii_sub": null, "speaker_labels": false, "content_safety": false, "iab_categories": false, "content_safety_labels": {"status": "unavailable", "results": [], "summary": {}}, "iab_categories_result": {"status": "unavailable", "results": [], "summary": {}}, "language_detection": false, "language_confidence_threshold": null, "language_confidence": null, "custom_spelling": null, "throttled": false, "auto_chapters": false, "summarization": false, "summary_type": null, "summary_model": null, "custom_topics": false, "topics": [], "speech_threshold": null, "speech_model": null, "chapters": null, "disfluencies": false, "entity_detection": false, "sentiment_analysis": false, "sentiment_analysis_results": null, "entities": null, "speakers_expected": null, "summary": null, "custom_topics_results": null, "is_deleted": null, "multichannel": null, "project_id": 546162, "token_id": 547942}
[2025-04-29 11:37:43] API key found in .env file
[2025-04-29 11:37:43] === Starting AssemblyAI Upload ===
[2025-04-29 11:37:43] Audio file path: uploads/recording_1745919463.wav
[2025-04-29 11:37:43] Detected MIME type: audio/wav
[2025-04-29 11:37:43] Sending file to AssemblyAI upload endpoint...
[2025-04-29 11:37:45] HTTP Response Code: 200
[2025-04-29 11:37:45] Raw Response: {"upload_url":"https://cdn.assemblyai.com/upload/8399d718-4e99-43d2-8b22-cca843122a9f"}

[2025-04-29 11:37:45] Upload URL received: https://cdn.assemblyai.com/upload/8399d718-4e99-43d2-8b22-cca843122a9f
[2025-04-29 11:37:45] Starting transcription job...
[2025-04-29 11:37:45] Request body: {"audio_url":"https:\/\/cdn.assemblyai.com\/upload\/8399d718-4e99-43d2-8b22-cca843122a9f"}
[2025-04-29 11:37:46] HTTP Response Code: 200
[2025-04-29 11:37:46] Raw Response: {"id": "462d81e2-c52c-4125-a564-341b39e0c12a", "language_model": "assemblyai_default", "acoustic_model": "assemblyai_default", "language_code": "en_us", "status": "queued", "audio_url": "https://cdn.assemblyai.com/upload/8399d718-4e99-43d2-8b22-cca843122a9f", "text": null, "words": null, "utterances": null, "confidence": null, "audio_duration": null, "punctuate": true, "format_text": true, "dual_channel": null, "webhook_url": null, "webhook_status_code": null, "webhook_auth": false, "webhook_auth_header_name": null, "speed_boost": false, "auto_highlights_result": null, "auto_highlights": false, "audio_start_from": null, "audio_end_at": null, "word_boost": [], "boost_param": null, "prompt": null, "keyterms_prompt": null, "filter_profanity": false, "redact_pii": false, "redact_pii_audio": false, "redact_pii_audio_quality": null, "redact_pii_policies": null, "redact_pii_sub": null, "speaker_labels": false, "content_safety": false, "iab_categories": false, "content_safety_labels": {}, "iab_categories_result": {}, "language_detection": false, "language_confidence_threshold": null, "language_confidence": null, "custom_spelling": null, "throttled": false, "auto_chapters": false, "summarization": false, "summary_type": null, "summary_model": null, "custom_topics": false, "topics": [], "speech_threshold": null, "speech_model": null, "chapters": null, "disfluencies": false, "entity_detection": false, "sentiment_analysis": false, "sentiment_analysis_results": null, "entities": null, "speakers_expected": null, "summary": null, "custom_topics_results": null, "is_deleted": null, "multichannel": null, "project_id": 546162, "token_id": 547942}
[2025-04-29 11:37:46] === Checking Transcription Status ===
[2025-04-29 11:37:46] Transcript ID: 462d81e2-c52c-4125-a564-341b39e0c12a
[2025-04-29 11:37:48] cURL verbose output: * Hostname api.assemblyai.com was found in DNS cache
*   Trying 44.238.42.242...
* TCP_NODELAY set
* Connected to api.assemblyai.com (44.238.42.242) port 443 (#0)
* ALPN, offering http/1.1
* Cipher selection: ALL:!EXPORT:!EXPORT40:!EXPORT56:!aNULL:!LOW:!RC4:@STRENGTH
* successfully set certificate verify locations:
*   CAfile: /Applications/XAMPP/xamppfiles/share/curl/curl-ca-bundle.crt
  CApath: none
* SSL connection using TLSv1.3 / TLS_AES_128_GCM_SHA256
* ALPN, server accepted to use http/1.1
* Server certificate:
*  subject: CN=*.assemblyai.com
*  start date: Jun 15 00:00:00 2024 GMT
*  expire date: Jul 14 23:59:59 2025 GMT
*  subjectAltName: host "api.assemblyai.com" matched cert's "*.assemblyai.com"
*  issuer: C=US; O=Amazon; CN=Amazon RSA 2048 M02
*  SSL certificate verify ok.
> GET /v2/transcript/462d81e2-c52c-4125-a564-341b39e0c12a HTTP/1.1
Host: api.assemblyai.com
Accept: */*
authorization: 7da2fc6e2f084d17a6696d5e67395bad

< HTTP/1.1 200 OK
< Date: Tue, 29 Apr 2025 09:37:47 GMT
< Content-Type: application/json; charset=UTF-8
< Content-Length: 2289
< Connection: keep-alive
< Set-Cookie: AWSALBTG=tbJwOFjsb3ObKT0egIlyMIjiONeSv8dXCq+Ts9Rsb3rxqJYw24Y5fCQV/CnWF6YW4ReuCubZiJV4kBgPZ3RYtwFFFHO4Q24qjciYq5tBcCnofX76Mqtzof9kjJwwZ1kZWpARpuRD3QIaF6mF5PydLwh7JOPezupBxBzRCFYTDtfp; Expires=Tue, 06 May 2025 09:37:47 GMT; Path=/
< Set-Cookie: AWSALBTGCORS=tbJwOFjsb3ObKT0egIlyMIjiONeSv8dXCq+Ts9Rsb3rxqJYw24Y5fCQV/CnWF6YW4ReuCubZiJV4kBgPZ3RYtwFFFHO4Q24qjciYq5tBcCnofX76Mqtzof9kjJwwZ1kZWpARpuRD3QIaF6mF5PydLwh7JOPezupBxBzRCFYTDtfp; Expires=Tue, 06 May 2025 09:37:47 GMT; Path=/; SameSite=None; Secure
< Set-Cookie: AWSALB=5GFadHSxyju7IuA1VyGY+t94ZpKE/hmyVqyR5sot5csaDjo32OhBmP7PuRBUmrrmXsD6nps5EzpX71EnpVlBKmNDlWLUY7mTnPj+H8MBGutd/I7VDwYE15eOaGBC; Expires=Tue, 06 May 2025 09:37:47 GMT; Path=/
< Set-Cookie: AWSALBCORS=5GFadHSxyju7IuA1VyGY+t94ZpKE/hmyVqyR5sot5csaDjo32OhBmP7PuRBUmrrmXsD6nps5EzpX71EnpVlBKmNDlWLUY7mTnPj+H8MBGutd/I7VDwYE15eOaGBC; Expires=Tue, 06 May 2025 09:37:47 GMT; Path=/; SameSite=None; Secure
< Access-Control-Allow-Origin: *
< Access-Control-Allow-Headers: Content-Type, Authorization, X-Requested-With, User-Agent, AssemblyAI-Agent
< Access-Control-Allow-Methods: POST, PUT, GET, OPTIONS
< Strict-Transport-Security: max-age=31536000; includeSubDomains; preload
< Etag: "226e9bfefb1cbcac1f81ec265da498690b5c362b"
< 
* Connection #0 to host api.assemblyai.com left intact

[2025-04-29 11:37:48] HTTP Response Code: 200
[2025-04-29 11:37:48] Response: {"id": "462d81e2-c52c-4125-a564-341b39e0c12a", "language_model": "assemblyai_default", "acoustic_model": "assemblyai_default", "language_code": "en_us", "status": "completed", "audio_url": "https://cdn.assemblyai.com/upload/8399d718-4e99-43d2-8b22-cca843122a9f", "text": "I am very sad right now.", "words": [{"text": "I", "start": 720, "end": 832, "confidence": 0.97996, "speaker": null}, {"text": "am", "start": 832, "end": 968, "confidence": 0.91872, "speaker": null}, {"text": "very", "start": 976, "end": 1160, "confidence": 0.99913, "speaker": null}, {"text": "sad", "start": 1200, "end": 1464, "confidence": 0.96359, "speaker": null}, {"text": "right", "start": 1512, "end": 1720, "confidence": 0.99579, "speaker": null}, {"text": "now.", "start": 1760, "end": 1840, "confidence": 0.99759, "speaker": null}], "utterances": null, "confidence": 0.97579664, "audio_duration": 4, "punctuate": true, "format_text": true, "dual_channel": null, "webhook_url": null, "webhook_status_code": null, "webhook_auth": false, "webhook_auth_header_name": null, "speed_boost": false, "auto_highlights_result": null, "auto_highlights": false, "audio_start_from": null, "audio_end_at": null, "word_boost": [], "boost_param": null, "prompt": null, "keyterms_prompt": [], "filter_profanity": false, "redact_pii": false, "redact_pii_audio": false, "redact_pii_audio_quality": null, "redact_pii_policies": null, "redact_pii_sub": null, "speaker_labels": false, "content_safety": false, "iab_categories": false, "content_safety_labels": {"status": "unavailable", "results": [], "summary": {}}, "iab_categories_result": {"status": "unavailable", "results": [], "summary": {}}, "language_detection": false, "language_confidence_threshold": null, "language_confidence": null, "custom_spelling": null, "throttled": false, "auto_chapters": false, "summarization": false, "summary_type": null, "summary_model": null, "custom_topics": false, "topics": [], "speech_threshold": null, "speech_model": null, "chapters": null, "disfluencies": false, "entity_detection": false, "sentiment_analysis": false, "sentiment_analysis_results": null, "entities": null, "speakers_expected": null, "summary": null, "custom_topics_results": null, "is_deleted": null, "multichannel": null, "project_id": 546162, "token_id": 547942}
[2025-04-29 11:38:11] API key found in .env file
[2025-04-29 11:38:11] === Starting AssemblyAI Upload ===
[2025-04-29 11:38:11] Audio file path: uploads/1745919491_WhatsApp Audio 2025-04-24 at 2.08.05 PM.mpeg.wav
[2025-04-29 11:38:11] Detected MIME type: audio/wav
[2025-04-29 11:38:11] Sending file to AssemblyAI upload endpoint...
[2025-04-29 11:38:16] HTTP Response Code: 200
[2025-04-29 11:38:16] Raw Response: {"upload_url":"https://cdn.assemblyai.com/upload/6dd7b046-6d03-46bb-a742-a8379f687cfc"}

[2025-04-29 11:38:16] Upload URL received: https://cdn.assemblyai.com/upload/6dd7b046-6d03-46bb-a742-a8379f687cfc
[2025-04-29 11:38:16] Starting transcription job...
[2025-04-29 11:38:16] Request body: {"audio_url":"https:\/\/cdn.assemblyai.com\/upload\/6dd7b046-6d03-46bb-a742-a8379f687cfc"}
[2025-04-29 11:38:17] HTTP Response Code: 200
[2025-04-29 11:38:17] Raw Response: {"id": "7d93f179-5cf7-494d-94da-9ee16bc875bc", "language_model": "assemblyai_default", "acoustic_model": "assemblyai_default", "language_code": "en_us", "status": "queued", "audio_url": "https://cdn.assemblyai.com/upload/6dd7b046-6d03-46bb-a742-a8379f687cfc", "text": null, "words": null, "utterances": null, "confidence": null, "audio_duration": null, "punctuate": true, "format_text": true, "dual_channel": null, "webhook_url": null, "webhook_status_code": null, "webhook_auth": false, "webhook_auth_header_name": null, "speed_boost": false, "auto_highlights_result": null, "auto_highlights": false, "audio_start_from": null, "audio_end_at": null, "word_boost": [], "boost_param": null, "prompt": null, "keyterms_prompt": null, "filter_profanity": false, "redact_pii": false, "redact_pii_audio": false, "redact_pii_audio_quality": null, "redact_pii_policies": null, "redact_pii_sub": null, "speaker_labels": false, "content_safety": false, "iab_categories": false, "content_safety_labels": {}, "iab_categories_result": {}, "language_detection": false, "language_confidence_threshold": null, "language_confidence": null, "custom_spelling": null, "throttled": false, "auto_chapters": false, "summarization": false, "summary_type": null, "summary_model": null, "custom_topics": false, "topics": [], "speech_threshold": null, "speech_model": null, "chapters": null, "disfluencies": false, "entity_detection": false, "sentiment_analysis": false, "sentiment_analysis_results": null, "entities": null, "speakers_expected": null, "summary": null, "custom_topics_results": null, "is_deleted": null, "multichannel": null, "project_id": 546162, "token_id": 547942}
[2025-04-29 11:38:17] === Checking Transcription Status ===
[2025-04-29 11:38:17] Transcript ID: 7d93f179-5cf7-494d-94da-9ee16bc875bc
[2025-04-29 11:38:20] cURL verbose output: * Hostname api.assemblyai.com was found in DNS cache
*   Trying 44.238.42.242...
* TCP_NODELAY set
* Connected to api.assemblyai.com (44.238.42.242) port 443 (#0)
* ALPN, offering http/1.1
* Cipher selection: ALL:!EXPORT:!EXPORT40:!EXPORT56:!aNULL:!LOW:!RC4:@STRENGTH
* successfully set certificate verify locations:
*   CAfile: /Applications/XAMPP/xamppfiles/share/curl/curl-ca-bundle.crt
  CApath: none
* SSL connection using TLSv1.3 / TLS_AES_128_GCM_SHA256
* ALPN, server accepted to use http/1.1
* Server certificate:
*  subject: CN=*.assemblyai.com
*  start date: Jun 15 00:00:00 2024 GMT
*  expire date: Jul 14 23:59:59 2025 GMT
*  subjectAltName: host "api.assemblyai.com" matched cert's "*.assemblyai.com"
*  issuer: C=US; O=Amazon; CN=Amazon RSA 2048 M02
*  SSL certificate verify ok.
> GET /v2/transcript/7d93f179-5cf7-494d-94da-9ee16bc875bc HTTP/1.1
Host: api.assemblyai.com
Accept: */*
authorization: 7da2fc6e2f084d17a6696d5e67395bad

< HTTP/1.1 200 OK
< Date: Tue, 29 Apr 2025 09:38:20 GMT
< Content-Type: application/json; charset=UTF-8
< Content-Length: 2862
< Connection: keep-alive
< Set-Cookie: AWSALBTG=rUQ6047lYO+O/ntjYSYZzRHAJ5EtZ9znuehj3Y2QTz7HtFPYdYlo5iiv4Kvn5uEYpa1ix/8u0G+UOzKLf9yynEurMUlBKl5ZC2grAWEJ28Okz+o0iMvf44+xwh4fYeiWf8ze+lEgBaV0LshzmjgG05N5pT20bmzan7s+KX65M5s5; Expires=Tue, 06 May 2025 09:38:20 GMT; Path=/
< Set-Cookie: AWSALBTGCORS=rUQ6047lYO+O/ntjYSYZzRHAJ5EtZ9znuehj3Y2QTz7HtFPYdYlo5iiv4Kvn5uEYpa1ix/8u0G+UOzKLf9yynEurMUlBKl5ZC2grAWEJ28Okz+o0iMvf44+xwh4fYeiWf8ze+lEgBaV0LshzmjgG05N5pT20bmzan7s+KX65M5s5; Expires=Tue, 06 May 2025 09:38:20 GMT; Path=/; SameSite=None; Secure
< Set-Cookie: AWSALB=408KOC3g2F1p+FvMQP7GjWX5xTlekhnUhauwj4t9WujZuiq2IL3dicHQ2yeQ3DPnPj+jJBr93kdhDeA75jV9j5xZwnP84NJWzWhZnglH4HCcaXspDdEQ39tg8/Z+; Expires=Tue, 06 May 2025 09:38:20 GMT; Path=/
< Set-Cookie: AWSALBCORS=408KOC3g2F1p+FvMQP7GjWX5xTlekhnUhauwj4t9WujZuiq2IL3dicHQ2yeQ3DPnPj+jJBr93kdhDeA75jV9j5xZwnP84NJWzWhZnglH4HCcaXspDdEQ39tg8/Z+; Expires=Tue, 06 May 2025 09:38:20 GMT; Path=/; SameSite=None; Secure
< Access-Control-Allow-Origin: *
< Access-Control-Allow-Headers: Content-Type, Authorization, X-Requested-With, User-Agent, AssemblyAI-Agent
< Access-Control-Allow-Methods: POST, PUT, GET, OPTIONS
< Strict-Transport-Security: max-age=31536000; includeSubDomains; preload
< Etag: "53c6bdfd7a4094f397aa196cb1e6b9098642ffd7"
< 
* Connection #0 to host api.assemblyai.com left intact

[2025-04-29 11:38:20] HTTP Response Code: 200
[2025-04-29 11:38:20] Response: {"id": "7d93f179-5cf7-494d-94da-9ee16bc875bc", "language_model": "assemblyai_default", "acoustic_model": "assemblyai_default", "language_code": "en_us", "status": "completed", "audio_url": "https://cdn.assemblyai.com/upload/6dd7b046-6d03-46bb-a742-a8379f687cfc", "text": "This is the audio that I'm recording for the website sentiment analyzer.", "words": [{"text": "This", "start": 480, "end": 592, "confidence": 0.99999, "speaker": null}, {"text": "is", "start": 592, "end": 680, "confidence": 1.0, "speaker": null}, {"text": "the", "start": 680, "end": 800, "confidence": 0.99999, "speaker": null}, {"text": "audio", "start": 816, "end": 1016, "confidence": 0.99085, "speaker": null}, {"text": "that", "start": 1048, "end": 1240, "confidence": 0.99995, "speaker": null}, {"text": "I'm", "start": 1280, "end": 1448, "confidence": 0.97456, "speaker": null}, {"text": "recording", "start": 1464, "end": 1784, "confidence": 0.90988, "speaker": null}, {"text": "for", "start": 1832, "end": 1992, "confidence": 0.99997, "speaker": null}, {"text": "the", "start": 2016, "end": 2152, "confidence": 0.99999, "speaker": null}, {"text": "website", "start": 2176, "end": 2744, "confidence": 0.99992, "speaker": null}, {"text": "sentiment", "start": 2912, "end": 3656, "confidence": 0.42805, "speaker": null}, {"text": "analyzer.", "start": 3688, "end": 4200, "confidence": 0.88025, "speaker": null}], "utterances": null, "confidence": 0.93195, "audio_duration": 6, "punctuate": true, "format_text": true, "dual_channel": null, "webhook_url": null, "webhook_status_code": null, "webhook_auth": false, "webhook_auth_header_name": null, "speed_boost": false, "auto_highlights_result": null, "auto_highlights": false, "audio_start_from": null, "audio_end_at": null, "word_boost": [], "boost_param": null, "prompt": null, "keyterms_prompt": [], "filter_profanity": false, "redact_pii": false, "redact_pii_audio": false, "redact_pii_audio_quality": null, "redact_pii_policies": null, "redact_pii_sub": null, "speaker_labels": false, "content_safety": false, "iab_categories": false, "content_safety_labels": {"status": "unavailable", "results": [], "summary": {}}, "iab_categories_result": {"status": "unavailable", "results": [], "summary": {}}, "language_detection": false, "language_confidence_threshold": null, "language_confidence": null, "custom_spelling": null, "throttled": false, "auto_chapters": false, "summarization": false, "summary_type": null, "summary_model": null, "custom_topics": false, "topics": [], "speech_threshold": null, "speech_model": null, "chapters": null, "disfluencies": false, "entity_detection": false, "sentiment_analysis": false, "sentiment_analysis_results": null, "entities": null, "speakers_expected": null, "summary": null, "custom_topics_results": null, "is_deleted": null, "multichannel": null, "project_id": 546162, "token_id": 547942}
[2025-04-29 11:40:22] API key found in .env file
[2025-04-29 11:40:22] === Starting AssemblyAI Upload ===
[2025-04-29 11:40:22] Audio file path: uploads/recording_1745919622.wav
[2025-04-29 11:40:22] Detected MIME type: audio/wav
[2025-04-29 11:40:22] Sending file to AssemblyAI upload endpoint...
[2025-04-29 11:40:25] HTTP Response Code: 200
[2025-04-29 11:40:25] Raw Response: {"upload_url":"https://cdn.assemblyai.com/upload/a80c53a7-0122-485b-b2f6-950b50b35028"}

[2025-04-29 11:40:25] Upload URL received: https://cdn.assemblyai.com/upload/a80c53a7-0122-485b-b2f6-950b50b35028
[2025-04-29 11:40:25] Starting transcription job...
[2025-04-29 11:40:25] Request body: {"audio_url":"https:\/\/cdn.assemblyai.com\/upload\/a80c53a7-0122-485b-b2f6-950b50b35028"}
[2025-04-29 11:40:26] HTTP Response Code: 200
[2025-04-29 11:40:26] Raw Response: {"id": "e117772a-5304-46cf-8fe5-84f97a4c74d7", "language_model": "assemblyai_default", "acoustic_model": "assemblyai_default", "language_code": "en_us", "status": "queued", "audio_url": "https://cdn.assemblyai.com/upload/a80c53a7-0122-485b-b2f6-950b50b35028", "text": null, "words": null, "utterances": null, "confidence": null, "audio_duration": null, "punctuate": true, "format_text": true, "dual_channel": null, "webhook_url": null, "webhook_status_code": null, "webhook_auth": false, "webhook_auth_header_name": null, "speed_boost": false, "auto_highlights_result": null, "auto_highlights": false, "audio_start_from": null, "audio_end_at": null, "word_boost": [], "boost_param": null, "prompt": null, "keyterms_prompt": null, "filter_profanity": false, "redact_pii": false, "redact_pii_audio": false, "redact_pii_audio_quality": null, "redact_pii_policies": null, "redact_pii_sub": null, "speaker_labels": false, "content_safety": false, "iab_categories": false, "content_safety_labels": {}, "iab_categories_result": {}, "language_detection": false, "language_confidence_threshold": null, "language_confidence": null, "custom_spelling": null, "throttled": false, "auto_chapters": false, "summarization": false, "summary_type": null, "summary_model": null, "custom_topics": false, "topics": [], "speech_threshold": null, "speech_model": null, "chapters": null, "disfluencies": false, "entity_detection": false, "sentiment_analysis": false, "sentiment_analysis_results": null, "entities": null, "speakers_expected": null, "summary": null, "custom_topics_results": null, "is_deleted": null, "multichannel": null, "project_id": 546162, "token_id": 547942}
[2025-04-29 11:40:26] === Checking Transcription Status ===
[2025-04-29 11:40:26] Transcript ID: e117772a-5304-46cf-8fe5-84f97a4c74d7
[2025-04-29 11:40:27] cURL verbose output: * Hostname api.assemblyai.com was found in DNS cache
*   Trying 44.238.42.242...
* TCP_NODELAY set
* Connected to api.assemblyai.com (44.238.42.242) port 443 (#0)
* ALPN, offering http/1.1
* Cipher selection: ALL:!EXPORT:!EXPORT40:!EXPORT56:!aNULL:!LOW:!RC4:@STRENGTH
* successfully set certificate verify locations:
*   CAfile: /Applications/XAMPP/xamppfiles/share/curl/curl-ca-bundle.crt
  CApath: none
* SSL connection using TLSv1.3 / TLS_AES_128_GCM_SHA256
* ALPN, server accepted to use http/1.1
* Server certificate:
*  subject: CN=*.assemblyai.com
*  start date: Jun 15 00:00:00 2024 GMT
*  expire date: Jul 14 23:59:59 2025 GMT
*  subjectAltName: host "api.assemblyai.com" matched cert's "*.assemblyai.com"
*  issuer: C=US; O=Amazon; CN=Amazon RSA 2048 M02
*  SSL certificate verify ok.
> GET /v2/transcript/e117772a-5304-46cf-8fe5-84f97a4c74d7 HTTP/1.1
Host: api.assemblyai.com
Accept: */*
authorization: 7da2fc6e2f084d17a6696d5e67395bad

< HTTP/1.1 200 OK
< Date: Tue, 29 Apr 2025 09:40:27 GMT
< Content-Type: application/json; charset=UTF-8
< Content-Length: 1657
< Connection: keep-alive
< Set-Cookie: AWSALBTG=H0qTsVPN34zGLXzcUdrgWLmHMCAU1BNWad/Q52FSMMKay7Mzw/DwZty4+d1vQBY5X2gYu6L3eFxPC69OWOGH9FwegzfpykMv/sjiYTJVPsUiirl3f5wGy8g8HZ69UJgA0P/L5cwvkpm3gQFHFvP9UybsllWi/YNl3ZI+EuTgqpDZ; Expires=Tue, 06 May 2025 09:40:27 GMT; Path=/
< Set-Cookie: AWSALBTGCORS=H0qTsVPN34zGLXzcUdrgWLmHMCAU1BNWad/Q52FSMMKay7Mzw/DwZty4+d1vQBY5X2gYu6L3eFxPC69OWOGH9FwegzfpykMv/sjiYTJVPsUiirl3f5wGy8g8HZ69UJgA0P/L5cwvkpm3gQFHFvP9UybsllWi/YNl3ZI+EuTgqpDZ; Expires=Tue, 06 May 2025 09:40:27 GMT; Path=/; SameSite=None; Secure
< Set-Cookie: AWSALB=pI5f7SZ6/uv0BD/kpyWI1kDoqOMt2g4hhJ5v751+11Y43Ta3UQKCKlDtMF1a0EElTW9rkG+GUxGFg/0o8aKHcpS2vSt2J33shqSOqz49iToSSW/dZ/H6zgBvcLDS; Expires=Tue, 06 May 2025 09:40:27 GMT; Path=/
< Set-Cookie: AWSALBCORS=pI5f7SZ6/uv0BD/kpyWI1kDoqOMt2g4hhJ5v751+11Y43Ta3UQKCKlDtMF1a0EElTW9rkG+GUxGFg/0o8aKHcpS2vSt2J33shqSOqz49iToSSW/dZ/H6zgBvcLDS; Expires=Tue, 06 May 2025 09:40:27 GMT; Path=/; SameSite=None; Secure
< Access-Control-Allow-Origin: *
< Access-Control-Allow-Headers: Content-Type, Authorization, X-Requested-With, User-Agent, AssemblyAI-Agent
< Access-Control-Allow-Methods: POST, PUT, GET, OPTIONS
< Strict-Transport-Security: max-age=31536000; includeSubDomains; preload
< Etag: "7cbeb6d72176a0dc49762f264c09db8c2d09cde1"
< 
* Connection #0 to host api.assemblyai.com left intact

[2025-04-29 11:40:27] HTTP Response Code: 200
[2025-04-29 11:40:27] Response: {"id": "e117772a-5304-46cf-8fe5-84f97a4c74d7", "language_model": "assemblyai_default", "acoustic_model": "assemblyai_default", "language_code": "en_us", "status": "processing", "audio_url": "https://cdn.assemblyai.com/upload/a80c53a7-0122-485b-b2f6-950b50b35028", "text": null, "words": null, "utterances": null, "confidence": null, "audio_duration": null, "punctuate": true, "format_text": true, "dual_channel": null, "webhook_url": null, "webhook_status_code": null, "webhook_auth": false, "webhook_auth_header_name": null, "speed_boost": false, "auto_highlights_result": null, "auto_highlights": false, "audio_start_from": null, "audio_end_at": null, "word_boost": [], "boost_param": null, "prompt": null, "keyterms_prompt": [], "filter_profanity": false, "redact_pii": false, "redact_pii_audio": false, "redact_pii_audio_quality": null, "redact_pii_policies": null, "redact_pii_sub": null, "speaker_labels": false, "content_safety": false, "iab_categories": false, "content_safety_labels": {}, "iab_categories_result": {}, "language_detection": false, "language_confidence_threshold": null, "language_confidence": null, "custom_spelling": null, "throttled": false, "auto_chapters": false, "summarization": false, "summary_type": null, "summary_model": null, "custom_topics": false, "topics": [], "speech_threshold": null, "speech_model": null, "chapters": null, "disfluencies": false, "entity_detection": false, "sentiment_analysis": false, "sentiment_analysis_results": null, "entities": null, "speakers_expected": null, "summary": null, "custom_topics_results": null, "is_deleted": null, "multichannel": null, "project_id": 546162, "token_id": 547942}
[2025-04-29 11:40:27] API key found in .env file
[2025-04-29 11:40:27] === Starting AssemblyAI Upload ===
[2025-04-29 11:40:27] Audio file path: uploads/recording_1745919627.wav
[2025-04-29 11:40:27] Detected MIME type: audio/wav
[2025-04-29 11:40:27] Sending file to AssemblyAI upload endpoint...
[2025-04-29 11:40:30] HTTP Response Code: 200
[2025-04-29 11:40:30] Raw Response: {"upload_url":"https://cdn.assemblyai.com/upload/b7f157b0-7ff7-492b-a489-c2289c1e6783"}

[2025-04-29 11:40:30] Upload URL received: https://cdn.assemblyai.com/upload/b7f157b0-7ff7-492b-a489-c2289c1e6783
[2025-04-29 11:40:30] Starting transcription job...
[2025-04-29 11:40:30] Request body: {"audio_url":"https:\/\/cdn.assemblyai.com\/upload\/b7f157b0-7ff7-492b-a489-c2289c1e6783"}
[2025-04-29 11:40:31] HTTP Response Code: 200
[2025-04-29 11:40:31] Raw Response: {"id": "29cf90b6-c482-4b4e-9432-67b32c0077b2", "language_model": "assemblyai_default", "acoustic_model": "assemblyai_default", "language_code": "en_us", "status": "queued", "audio_url": "https://cdn.assemblyai.com/upload/b7f157b0-7ff7-492b-a489-c2289c1e6783", "text": null, "words": null, "utterances": null, "confidence": null, "audio_duration": null, "punctuate": true, "format_text": true, "dual_channel": null, "webhook_url": null, "webhook_status_code": null, "webhook_auth": false, "webhook_auth_header_name": null, "speed_boost": false, "auto_highlights_result": null, "auto_highlights": false, "audio_start_from": null, "audio_end_at": null, "word_boost": [], "boost_param": null, "prompt": null, "keyterms_prompt": null, "filter_profanity": false, "redact_pii": false, "redact_pii_audio": false, "redact_pii_audio_quality": null, "redact_pii_policies": null, "redact_pii_sub": null, "speaker_labels": false, "content_safety": false, "iab_categories": false, "content_safety_labels": {}, "iab_categories_result": {}, "language_detection": false, "language_confidence_threshold": null, "language_confidence": null, "custom_spelling": null, "throttled": false, "auto_chapters": false, "summarization": false, "summary_type": null, "summary_model": null, "custom_topics": false, "topics": [], "speech_threshold": null, "speech_model": null, "chapters": null, "disfluencies": false, "entity_detection": false, "sentiment_analysis": false, "sentiment_analysis_results": null, "entities": null, "speakers_expected": null, "summary": null, "custom_topics_results": null, "is_deleted": null, "multichannel": null, "project_id": 546162, "token_id": 547942}
[2025-04-29 11:40:31] === Checking Transcription Status ===
[2025-04-29 11:40:31] Transcript ID: 29cf90b6-c482-4b4e-9432-67b32c0077b2
[2025-04-29 11:40:32] cURL verbose output: * Hostname api.assemblyai.com was found in DNS cache
*   Trying 44.238.42.242...
* TCP_NODELAY set
* Connected to api.assemblyai.com (44.238.42.242) port 443 (#0)
* ALPN, offering http/1.1
* Cipher selection: ALL:!EXPORT:!EXPORT40:!EXPORT56:!aNULL:!LOW:!RC4:@STRENGTH
* successfully set certificate verify locations:
*   CAfile: /Applications/XAMPP/xamppfiles/share/curl/curl-ca-bundle.crt
  CApath: none
* SSL connection using TLSv1.3 / TLS_AES_128_GCM_SHA256
* ALPN, server accepted to use http/1.1
* Server certificate:
*  subject: CN=*.assemblyai.com
*  start date: Jun 15 00:00:00 2024 GMT
*  expire date: Jul 14 23:59:59 2025 GMT
*  subjectAltName: host "api.assemblyai.com" matched cert's "*.assemblyai.com"
*  issuer: C=US; O=Amazon; CN=Amazon RSA 2048 M02
*  SSL certificate verify ok.
> GET /v2/transcript/29cf90b6-c482-4b4e-9432-67b32c0077b2 HTTP/1.1
Host: api.assemblyai.com
Accept: */*
authorization: 7da2fc6e2f084d17a6696d5e67395bad

< HTTP/1.1 200 OK
< Date: Tue, 29 Apr 2025 09:40:32 GMT
< Content-Type: application/json; charset=UTF-8
< Content-Length: 1657
< Connection: keep-alive
< Set-Cookie: AWSALBTG=hCIW9b4Z3WsgMAKVE3lb0B/mwRIqi90/+VAvlj54MguQB6Ppw6TEpz0tQvZEiYKOzXhii5DWRgNe5kcuepRrxSPKLafpdf2JAeksc7Df6xKlfgCvErLx/974LP0cHxnkDQtE1dsgOtXRmikh2egjzTZynViI8CJrfXs5TxBrcrOk; Expires=Tue, 06 May 2025 09:40:32 GMT; Path=/
< Set-Cookie: AWSALBTGCORS=hCIW9b4Z3WsgMAKVE3lb0B/mwRIqi90/+VAvlj54MguQB6Ppw6TEpz0tQvZEiYKOzXhii5DWRgNe5kcuepRrxSPKLafpdf2JAeksc7Df6xKlfgCvErLx/974LP0cHxnkDQtE1dsgOtXRmikh2egjzTZynViI8CJrfXs5TxBrcrOk; Expires=Tue, 06 May 2025 09:40:32 GMT; Path=/; SameSite=None; Secure
< Set-Cookie: AWSALB=jJDwS3H+ITf8gKCeyRLy+eEUvTRxmExYvszgOL8vKVW+82EDTpznNV21awa35R5xZRNZ5Kd42vGcqf52qX1uz0b3P3lujXIQBbTbe76nECgiv6aA/lqiQU7QSNaX; Expires=Tue, 06 May 2025 09:40:32 GMT; Path=/
< Set-Cookie: AWSALBCORS=jJDwS3H+ITf8gKCeyRLy+eEUvTRxmExYvszgOL8vKVW+82EDTpznNV21awa35R5xZRNZ5Kd42vGcqf52qX1uz0b3P3lujXIQBbTbe76nECgiv6aA/lqiQU7QSNaX; Expires=Tue, 06 May 2025 09:40:32 GMT; Path=/; SameSite=None; Secure
< Access-Control-Allow-Origin: *
< Access-Control-Allow-Headers: Content-Type, Authorization, X-Requested-With, User-Agent, AssemblyAI-Agent
< Access-Control-Allow-Methods: POST, PUT, GET, OPTIONS
< Strict-Transport-Security: max-age=31536000; includeSubDomains; preload
< Etag: "1cc6f933061f31f32e9d85339575cd60e4a27e2c"
< 
* Connection #0 to host api.assemblyai.com left intact

[2025-04-29 11:40:32] HTTP Response Code: 200
[2025-04-29 11:40:32] Response: {"id": "29cf90b6-c482-4b4e-9432-67b32c0077b2", "language_model": "assemblyai_default", "acoustic_model": "assemblyai_default", "language_code": "en_us", "status": "processing", "audio_url": "https://cdn.assemblyai.com/upload/b7f157b0-7ff7-492b-a489-c2289c1e6783", "text": null, "words": null, "utterances": null, "confidence": null, "audio_duration": null, "punctuate": true, "format_text": true, "dual_channel": null, "webhook_url": null, "webhook_status_code": null, "webhook_auth": false, "webhook_auth_header_name": null, "speed_boost": false, "auto_highlights_result": null, "auto_highlights": false, "audio_start_from": null, "audio_end_at": null, "word_boost": [], "boost_param": null, "prompt": null, "keyterms_prompt": [], "filter_profanity": false, "redact_pii": false, "redact_pii_audio": false, "redact_pii_audio_quality": null, "redact_pii_policies": null, "redact_pii_sub": null, "speaker_labels": false, "content_safety": false, "iab_categories": false, "content_safety_labels": {}, "iab_categories_result": {}, "language_detection": false, "language_confidence_threshold": null, "language_confidence": null, "custom_spelling": null, "throttled": false, "auto_chapters": false, "summarization": false, "summary_type": null, "summary_model": null, "custom_topics": false, "topics": [], "speech_threshold": null, "speech_model": null, "chapters": null, "disfluencies": false, "entity_detection": false, "sentiment_analysis": false, "sentiment_analysis_results": null, "entities": null, "speakers_expected": null, "summary": null, "custom_topics_results": null, "is_deleted": null, "multichannel": null, "project_id": 546162, "token_id": 547942}
[2025-04-29 11:41:01] API key found in .env file
[2025-04-29 11:41:01] === Starting AssemblyAI Upload ===
[2025-04-29 11:41:01] Audio file path: uploads/1745919661_WhatsApp Audio 2025-04-24 at 2.08.05 PM.mpeg.wav
[2025-04-29 11:41:01] Detected MIME type: audio/wav
[2025-04-29 11:41:01] Sending file to AssemblyAI upload endpoint...
[2025-04-29 11:41:07] HTTP Response Code: 200
[2025-04-29 11:41:07] Raw Response: {"upload_url":"https://cdn.assemblyai.com/upload/e7b4c713-2a82-4119-8f62-6c2fc26e1248"}

[2025-04-29 11:41:07] Upload URL received: https://cdn.assemblyai.com/upload/e7b4c713-2a82-4119-8f62-6c2fc26e1248
[2025-04-29 11:41:07] Starting transcription job...
[2025-04-29 11:41:07] Request body: {"audio_url":"https:\/\/cdn.assemblyai.com\/upload\/e7b4c713-2a82-4119-8f62-6c2fc26e1248"}
[2025-04-29 11:41:08] HTTP Response Code: 200
[2025-04-29 11:41:08] Raw Response: {"id": "46544930-94ad-4011-8776-2efa57ecffb1", "language_model": "assemblyai_default", "acoustic_model": "assemblyai_default", "language_code": "en_us", "status": "queued", "audio_url": "https://cdn.assemblyai.com/upload/e7b4c713-2a82-4119-8f62-6c2fc26e1248", "text": null, "words": null, "utterances": null, "confidence": null, "audio_duration": null, "punctuate": true, "format_text": true, "dual_channel": null, "webhook_url": null, "webhook_status_code": null, "webhook_auth": false, "webhook_auth_header_name": null, "speed_boost": false, "auto_highlights_result": null, "auto_highlights": false, "audio_start_from": null, "audio_end_at": null, "word_boost": [], "boost_param": null, "prompt": null, "keyterms_prompt": null, "filter_profanity": false, "redact_pii": false, "redact_pii_audio": false, "redact_pii_audio_quality": null, "redact_pii_policies": null, "redact_pii_sub": null, "speaker_labels": false, "content_safety": false, "iab_categories": false, "content_safety_labels": {}, "iab_categories_result": {}, "language_detection": false, "language_confidence_threshold": null, "language_confidence": null, "custom_spelling": null, "throttled": false, "auto_chapters": false, "summarization": false, "summary_type": null, "summary_model": null, "custom_topics": false, "topics": [], "speech_threshold": null, "speech_model": null, "chapters": null, "disfluencies": false, "entity_detection": false, "sentiment_analysis": false, "sentiment_analysis_results": null, "entities": null, "speakers_expected": null, "summary": null, "custom_topics_results": null, "is_deleted": null, "multichannel": null, "project_id": 546162, "token_id": 547942}
[2025-04-29 11:41:08] === Checking Transcription Status ===
[2025-04-29 11:41:08] Transcript ID: 46544930-94ad-4011-8776-2efa57ecffb1
[2025-04-29 11:41:09] cURL verbose output: * Hostname api.assemblyai.com was found in DNS cache
*   Trying 44.238.42.242...
* TCP_NODELAY set
* Connected to api.assemblyai.com (44.238.42.242) port 443 (#0)
* ALPN, offering http/1.1
* Cipher selection: ALL:!EXPORT:!EXPORT40:!EXPORT56:!aNULL:!LOW:!RC4:@STRENGTH
* successfully set certificate verify locations:
*   CAfile: /Applications/XAMPP/xamppfiles/share/curl/curl-ca-bundle.crt
  CApath: none
* SSL connection using TLSv1.3 / TLS_AES_128_GCM_SHA256
* ALPN, server accepted to use http/1.1
* Server certificate:
*  subject: CN=*.assemblyai.com
*  start date: Jun 15 00:00:00 2024 GMT
*  expire date: Jul 14 23:59:59 2025 GMT
*  subjectAltName: host "api.assemblyai.com" matched cert's "*.assemblyai.com"
*  issuer: C=US; O=Amazon; CN=Amazon RSA 2048 M02
*  SSL certificate verify ok.
> GET /v2/transcript/46544930-94ad-4011-8776-2efa57ecffb1 HTTP/1.1
Host: api.assemblyai.com
Accept: */*
authorization: 7da2fc6e2f084d17a6696d5e67395bad

< HTTP/1.1 200 OK
< Date: Tue, 29 Apr 2025 09:41:09 GMT
< Content-Type: application/json; charset=UTF-8
< Content-Length: 2862
< Connection: keep-alive
< Set-Cookie: AWSALBTG=LaNXEgVwtlYe4+LtBu4HUVIR6+sBUTXFxQViMork16WZKH5qLw/ciqeQ+2ysuxcQxfFcQbzUgmv6BAyQalBgnjs9yqI4lHWocmKHmi77IZV3v7NS+0/N/YIdWe1xAD2waAHiI7OxRJEN7gTX8FXL9ccttDXwyAKrEDVhuv7J2zI4; Expires=Tue, 06 May 2025 09:41:09 GMT; Path=/
< Set-Cookie: AWSALBTGCORS=LaNXEgVwtlYe4+LtBu4HUVIR6+sBUTXFxQViMork16WZKH5qLw/ciqeQ+2ysuxcQxfFcQbzUgmv6BAyQalBgnjs9yqI4lHWocmKHmi77IZV3v7NS+0/N/YIdWe1xAD2waAHiI7OxRJEN7gTX8FXL9ccttDXwyAKrEDVhuv7J2zI4; Expires=Tue, 06 May 2025 09:41:09 GMT; Path=/; SameSite=None; Secure
< Set-Cookie: AWSALB=UFZ8O71vXEZhidifCFfFplDOqRt5p9RWlTJbYt8Wtwtc0O/v838787M1+azyMgXZ9JaTKk12Baf7nXI0HtxwtBF3mqFrSkwL/uwU4UIva/sMKwNyBNRHXmpAQkfx; Expires=Tue, 06 May 2025 09:41:09 GMT; Path=/
< Set-Cookie: AWSALBCORS=UFZ8O71vXEZhidifCFfFplDOqRt5p9RWlTJbYt8Wtwtc0O/v838787M1+azyMgXZ9JaTKk12Baf7nXI0HtxwtBF3mqFrSkwL/uwU4UIva/sMKwNyBNRHXmpAQkfx; Expires=Tue, 06 May 2025 09:41:09 GMT; Path=/; SameSite=None; Secure
< Access-Control-Allow-Origin: *
< Access-Control-Allow-Headers: Content-Type, Authorization, X-Requested-With, User-Agent, AssemblyAI-Agent
< Access-Control-Allow-Methods: POST, PUT, GET, OPTIONS
< Strict-Transport-Security: max-age=31536000; includeSubDomains; preload
< Etag: "971c33fac3dd8c369af4d0d74fa26c6c0dc4a888"
< 
* Connection #0 to host api.assemblyai.com left intact

[2025-04-29 11:41:09] HTTP Response Code: 200
[2025-04-29 11:41:09] Response: {"id": "46544930-94ad-4011-8776-2efa57ecffb1", "language_model": "assemblyai_default", "acoustic_model": "assemblyai_default", "language_code": "en_us", "status": "completed", "audio_url": "https://cdn.assemblyai.com/upload/e7b4c713-2a82-4119-8f62-6c2fc26e1248", "text": "This is the audio that I'm recording for the website sentiment analyzer.", "words": [{"text": "This", "start": 480, "end": 592, "confidence": 0.99999, "speaker": null}, {"text": "is", "start": 592, "end": 680, "confidence": 1.0, "speaker": null}, {"text": "the", "start": 680, "end": 800, "confidence": 0.99999, "speaker": null}, {"text": "audio", "start": 816, "end": 1016, "confidence": 0.99085, "speaker": null}, {"text": "that", "start": 1048, "end": 1240, "confidence": 0.99995, "speaker": null}, {"text": "I'm", "start": 1280, "end": 1448, "confidence": 0.97456, "speaker": null}, {"text": "recording", "start": 1464, "end": 1784, "confidence": 0.90988, "speaker": null}, {"text": "for", "start": 1832, "end": 1992, "confidence": 0.99997, "speaker": null}, {"text": "the", "start": 2016, "end": 2152, "confidence": 0.99999, "speaker": null}, {"text": "website", "start": 2176, "end": 2744, "confidence": 0.99992, "speaker": null}, {"text": "sentiment", "start": 2912, "end": 3656, "confidence": 0.42805, "speaker": null}, {"text": "analyzer.", "start": 3688, "end": 4200, "confidence": 0.88025, "speaker": null}], "utterances": null, "confidence": 0.93195, "audio_duration": 6, "punctuate": true, "format_text": true, "dual_channel": null, "webhook_url": null, "webhook_status_code": null, "webhook_auth": false, "webhook_auth_header_name": null, "speed_boost": false, "auto_highlights_result": null, "auto_highlights": false, "audio_start_from": null, "audio_end_at": null, "word_boost": [], "boost_param": null, "prompt": null, "keyterms_prompt": [], "filter_profanity": false, "redact_pii": false, "redact_pii_audio": false, "redact_pii_audio_quality": null, "redact_pii_policies": null, "redact_pii_sub": null, "speaker_labels": false, "content_safety": false, "iab_categories": false, "content_safety_labels": {"status": "unavailable", "results": [], "summary": {}}, "iab_categories_result": {"status": "unavailable", "results": [], "summary": {}}, "language_detection": false, "language_confidence_threshold": null, "language_confidence": null, "custom_spelling": null, "throttled": false, "auto_chapters": false, "summarization": false, "summary_type": null, "summary_model": null, "custom_topics": false, "topics": [], "speech_threshold": null, "speech_model": null, "chapters": null, "disfluencies": false, "entity_detection": false, "sentiment_analysis": false, "sentiment_analysis_results": null, "entities": null, "speakers_expected": null, "summary": null, "custom_topics_results": null, "is_deleted": null, "multichannel": null, "project_id": 546162, "token_id": 547942}
[2025-04-29 11:41:19] API key found in .env file
[2025-04-29 11:41:19] === Starting AssemblyAI Upload ===
[2025-04-29 11:41:19] Audio file path: uploads/recording_1745919679.wav
[2025-04-29 11:41:19] Detected MIME type: audio/wav
[2025-04-29 11:41:19] Sending file to AssemblyAI upload endpoint...
[2025-04-29 11:41:21] HTTP Response Code: 200
[2025-04-29 11:41:21] Raw Response: {"upload_url":"https://cdn.assemblyai.com/upload/c40992a2-5ccb-4f6f-a4a2-01e182d7103a"}

[2025-04-29 11:41:21] Upload URL received: https://cdn.assemblyai.com/upload/c40992a2-5ccb-4f6f-a4a2-01e182d7103a
[2025-04-29 11:41:21] Starting transcription job...
[2025-04-29 11:41:21] Request body: {"audio_url":"https:\/\/cdn.assemblyai.com\/upload\/c40992a2-5ccb-4f6f-a4a2-01e182d7103a"}
[2025-04-29 11:41:22] HTTP Response Code: 200
[2025-04-29 11:41:22] Raw Response: {"id": "633f590f-2484-4770-8574-6aed9436cb33", "language_model": "assemblyai_default", "acoustic_model": "assemblyai_default", "language_code": "en_us", "status": "queued", "audio_url": "https://cdn.assemblyai.com/upload/c40992a2-5ccb-4f6f-a4a2-01e182d7103a", "text": null, "words": null, "utterances": null, "confidence": null, "audio_duration": null, "punctuate": true, "format_text": true, "dual_channel": null, "webhook_url": null, "webhook_status_code": null, "webhook_auth": false, "webhook_auth_header_name": null, "speed_boost": false, "auto_highlights_result": null, "auto_highlights": false, "audio_start_from": null, "audio_end_at": null, "word_boost": [], "boost_param": null, "prompt": null, "keyterms_prompt": null, "filter_profanity": false, "redact_pii": false, "redact_pii_audio": false, "redact_pii_audio_quality": null, "redact_pii_policies": null, "redact_pii_sub": null, "speaker_labels": false, "content_safety": false, "iab_categories": false, "content_safety_labels": {}, "iab_categories_result": {}, "language_detection": false, "language_confidence_threshold": null, "language_confidence": null, "custom_spelling": null, "throttled": false, "auto_chapters": false, "summarization": false, "summary_type": null, "summary_model": null, "custom_topics": false, "topics": [], "speech_threshold": null, "speech_model": null, "chapters": null, "disfluencies": false, "entity_detection": false, "sentiment_analysis": false, "sentiment_analysis_results": null, "entities": null, "speakers_expected": null, "summary": null, "custom_topics_results": null, "is_deleted": null, "multichannel": null, "project_id": 546162, "token_id": 547942}
[2025-04-29 11:41:22] === Checking Transcription Status ===
[2025-04-29 11:41:22] Transcript ID: 633f590f-2484-4770-8574-6aed9436cb33
[2025-04-29 11:41:24] cURL verbose output: * Hostname api.assemblyai.com was found in DNS cache
*   Trying 44.238.42.242...
* TCP_NODELAY set
* Connected to api.assemblyai.com (44.238.42.242) port 443 (#0)
* ALPN, offering http/1.1
* Cipher selection: ALL:!EXPORT:!EXPORT40:!EXPORT56:!aNULL:!LOW:!RC4:@STRENGTH
* successfully set certificate verify locations:
*   CAfile: /Applications/XAMPP/xamppfiles/share/curl/curl-ca-bundle.crt
  CApath: none
* SSL connection using TLSv1.3 / TLS_AES_128_GCM_SHA256
* ALPN, server accepted to use http/1.1
* Server certificate:
*  subject: CN=*.assemblyai.com
*  start date: Jun 15 00:00:00 2024 GMT
*  expire date: Jul 14 23:59:59 2025 GMT
*  subjectAltName: host "api.assemblyai.com" matched cert's "*.assemblyai.com"
*  issuer: C=US; O=Amazon; CN=Amazon RSA 2048 M02
*  SSL certificate verify ok.
> GET /v2/transcript/633f590f-2484-4770-8574-6aed9436cb33 HTTP/1.1
Host: api.assemblyai.com
Accept: */*
authorization: 7da2fc6e2f084d17a6696d5e67395bad

< HTTP/1.1 200 OK
< Date: Tue, 29 Apr 2025 09:41:23 GMT
< Content-Type: application/json; charset=UTF-8
< Content-Length: 2110
< Connection: keep-alive
< Set-Cookie: AWSALBTG=ShqIx+6UuMImo4Ywe3BidCJAcutUm2IDD2FkEy08qnX6dKm6KFS6imMcjOb2SPn6v/DJ40ol4WS8n+4HoId4OUoFPLfFxO/YhWalMPxmIRJev1i0xDU0XrXIk8VkYE/4RebmSL3qbCq+cJZJwsPLKdYPjT6BZJ7iQOcxzaSo77GS; Expires=Tue, 06 May 2025 09:41:23 GMT; Path=/
< Set-Cookie: AWSALBTGCORS=ShqIx+6UuMImo4Ywe3BidCJAcutUm2IDD2FkEy08qnX6dKm6KFS6imMcjOb2SPn6v/DJ40ol4WS8n+4HoId4OUoFPLfFxO/YhWalMPxmIRJev1i0xDU0XrXIk8VkYE/4RebmSL3qbCq+cJZJwsPLKdYPjT6BZJ7iQOcxzaSo77GS; Expires=Tue, 06 May 2025 09:41:23 GMT; Path=/; SameSite=None; Secure
< Set-Cookie: AWSALB=Q4PfK5wq4d1AGKmd+wT3osFdWL8i47b6frq/qX5agtQRJkQ7yxFR6926I0lVDqFyi4GmT2WaXGjR6GS78XS/P6YOf6fe907V5DMGl/muEooJS4Sijxhy/7b1wtAU; Expires=Tue, 06 May 2025 09:41:23 GMT; Path=/
< Set-Cookie: AWSALBCORS=Q4PfK5wq4d1AGKmd+wT3osFdWL8i47b6frq/qX5agtQRJkQ7yxFR6926I0lVDqFyi4GmT2WaXGjR6GS78XS/P6YOf6fe907V5DMGl/muEooJS4Sijxhy/7b1wtAU; Expires=Tue, 06 May 2025 09:41:23 GMT; Path=/; SameSite=None; Secure
< Access-Control-Allow-Origin: *
< Access-Control-Allow-Headers: Content-Type, Authorization, X-Requested-With, User-Agent, AssemblyAI-Agent
< Access-Control-Allow-Methods: POST, PUT, GET, OPTIONS
< Strict-Transport-Security: max-age=31536000; includeSubDomains; preload
< Etag: "f19e592ffffdcedf31a0a42fecb636f94f2991f1"
< 
* Connection #0 to host api.assemblyai.com left intact

[2025-04-29 11:41:24] HTTP Response Code: 200
[2025-04-29 11:41:24] Response: {"id": "633f590f-2484-4770-8574-6aed9436cb33", "language_model": "assemblyai_default", "acoustic_model": "assemblyai_default", "language_code": "en_us", "status": "completed", "audio_url": "https://cdn.assemblyai.com/upload/c40992a2-5ccb-4f6f-a4a2-01e182d7103a", "text": "I am very sad.", "words": [{"text": "I", "start": 960, "end": 1072, "confidence": 0.92932, "speaker": null}, {"text": "am", "start": 1072, "end": 1256, "confidence": 0.86617, "speaker": null}, {"text": "very", "start": 1280, "end": 1480, "confidence": 0.99975, "speaker": null}, {"text": "sad.", "start": 1520, "end": 1640, "confidence": 0.99207, "speaker": null}], "utterances": null, "confidence": 0.9468275, "audio_duration": 4, "punctuate": true, "format_text": true, "dual_channel": null, "webhook_url": null, "webhook_status_code": null, "webhook_auth": false, "webhook_auth_header_name": null, "speed_boost": false, "auto_highlights_result": null, "auto_highlights": false, "audio_start_from": null, "audio_end_at": null, "word_boost": [], "boost_param": null, "prompt": null, "keyterms_prompt": [], "filter_profanity": false, "redact_pii": false, "redact_pii_audio": false, "redact_pii_audio_quality": null, "redact_pii_policies": null, "redact_pii_sub": null, "speaker_labels": false, "content_safety": false, "iab_categories": false, "content_safety_labels": {"status": "unavailable", "results": [], "summary": {}}, "iab_categories_result": {"status": "unavailable", "results": [], "summary": {}}, "language_detection": false, "language_confidence_threshold": null, "language_confidence": null, "custom_spelling": null, "throttled": false, "auto_chapters": false, "summarization": false, "summary_type": null, "summary_model": null, "custom_topics": false, "topics": [], "speech_threshold": null, "speech_model": null, "chapters": null, "disfluencies": false, "entity_detection": false, "sentiment_analysis": false, "sentiment_analysis_results": null, "entities": null, "speakers_expected": null, "summary": null, "custom_topics_results": null, "is_deleted": null, "multichannel": null, "project_id": 546162, "token_id": 547942}
[2025-04-29 11:42:20] API key found in .env file
[2025-04-29 11:42:20] === Starting AssemblyAI Upload ===
[2025-04-29 11:42:20] Audio file path: uploads/recording_1745919740.wav
[2025-04-29 11:42:20] Detected MIME type: audio/wav
[2025-04-29 11:42:20] Sending file to AssemblyAI upload endpoint...
[2025-04-29 11:42:23] HTTP Response Code: 200
[2025-04-29 11:42:23] Raw Response: {"upload_url":"https://cdn.assemblyai.com/upload/eaae9485-5da5-4383-ab69-7fcd259df982"}

[2025-04-29 11:42:23] Upload URL received: https://cdn.assemblyai.com/upload/eaae9485-5da5-4383-ab69-7fcd259df982
[2025-04-29 11:42:23] Starting transcription job...
[2025-04-29 11:42:23] Request body: {"audio_url":"https:\/\/cdn.assemblyai.com\/upload\/eaae9485-5da5-4383-ab69-7fcd259df982"}
[2025-04-29 11:42:24] HTTP Response Code: 200
[2025-04-29 11:42:24] Raw Response: {"id": "ad84ad44-d5fa-4b4a-8ca9-46f0f43e5cbc", "language_model": "assemblyai_default", "acoustic_model": "assemblyai_default", "language_code": "en_us", "status": "queued", "audio_url": "https://cdn.assemblyai.com/upload/eaae9485-5da5-4383-ab69-7fcd259df982", "text": null, "words": null, "utterances": null, "confidence": null, "audio_duration": null, "punctuate": true, "format_text": true, "dual_channel": null, "webhook_url": null, "webhook_status_code": null, "webhook_auth": false, "webhook_auth_header_name": null, "speed_boost": false, "auto_highlights_result": null, "auto_highlights": false, "audio_start_from": null, "audio_end_at": null, "word_boost": [], "boost_param": null, "prompt": null, "keyterms_prompt": null, "filter_profanity": false, "redact_pii": false, "redact_pii_audio": false, "redact_pii_audio_quality": null, "redact_pii_policies": null, "redact_pii_sub": null, "speaker_labels": false, "content_safety": false, "iab_categories": false, "content_safety_labels": {}, "iab_categories_result": {}, "language_detection": false, "language_confidence_threshold": null, "language_confidence": null, "custom_spelling": null, "throttled": false, "auto_chapters": false, "summarization": false, "summary_type": null, "summary_model": null, "custom_topics": false, "topics": [], "speech_threshold": null, "speech_model": null, "chapters": null, "disfluencies": false, "entity_detection": false, "sentiment_analysis": false, "sentiment_analysis_results": null, "entities": null, "speakers_expected": null, "summary": null, "custom_topics_results": null, "is_deleted": null, "multichannel": null, "project_id": 546162, "token_id": 547942}
[2025-04-29 11:42:24] === Checking Transcription Status ===
[2025-04-29 11:42:24] Transcript ID: ad84ad44-d5fa-4b4a-8ca9-46f0f43e5cbc
[2025-04-29 11:42:25] cURL verbose output: * Hostname api.assemblyai.com was found in DNS cache
*   Trying 44.238.42.242...
* TCP_NODELAY set
* Connected to api.assemblyai.com (44.238.42.242) port 443 (#0)
* ALPN, offering http/1.1
* Cipher selection: ALL:!EXPORT:!EXPORT40:!EXPORT56:!aNULL:!LOW:!RC4:@STRENGTH
* successfully set certificate verify locations:
*   CAfile: /Applications/XAMPP/xamppfiles/share/curl/curl-ca-bundle.crt
  CApath: none
* SSL connection using TLSv1.3 / TLS_AES_128_GCM_SHA256
* ALPN, server accepted to use http/1.1
* Server certificate:
*  subject: CN=*.assemblyai.com
*  start date: Jun 15 00:00:00 2024 GMT
*  expire date: Jul 14 23:59:59 2025 GMT
*  subjectAltName: host "api.assemblyai.com" matched cert's "*.assemblyai.com"
*  issuer: C=US; O=Amazon; CN=Amazon RSA 2048 M02
*  SSL certificate verify ok.
> GET /v2/transcript/ad84ad44-d5fa-4b4a-8ca9-46f0f43e5cbc HTTP/1.1
Host: api.assemblyai.com
Accept: */*
authorization: 7da2fc6e2f084d17a6696d5e67395bad

< HTTP/1.1 200 OK
< Date: Tue, 29 Apr 2025 09:42:25 GMT
< Content-Type: application/json; charset=UTF-8
< Content-Length: 2108
< Connection: keep-alive
< Set-Cookie: AWSALBTG=qJXGAu8bykuSpfQFs1KCcC6APm29lkCGZ9otVX7OaeoDQdiVCBqeaFEvApAxPSnzYJiti7RXQFhoZR0XHpcO5bmGfGwVHbxaxqHIjhTodkBAVA8FXVl+17UGXE7zDAQbOPR6ppOrXokTk4pK34b3GtEjmM5NRfc1l/2GLZjJ652i; Expires=Tue, 06 May 2025 09:42:25 GMT; Path=/
< Set-Cookie: AWSALBTGCORS=qJXGAu8bykuSpfQFs1KCcC6APm29lkCGZ9otVX7OaeoDQdiVCBqeaFEvApAxPSnzYJiti7RXQFhoZR0XHpcO5bmGfGwVHbxaxqHIjhTodkBAVA8FXVl+17UGXE7zDAQbOPR6ppOrXokTk4pK34b3GtEjmM5NRfc1l/2GLZjJ652i; Expires=Tue, 06 May 2025 09:42:25 GMT; Path=/; SameSite=None; Secure
< Set-Cookie: AWSALB=+OA5mqHyHZq7g9YZQ0wtZvLOiQ//xZJyxwsZ0gWU5keRmEn//OaCujRdK9lL8hQRu9Ufn96E/vaVfaVPNb5jUQQxnZeX0i5D0Vgxeh+bAgzlUpjdyB2x951749qK; Expires=Tue, 06 May 2025 09:42:25 GMT; Path=/
< Set-Cookie: AWSALBCORS=+OA5mqHyHZq7g9YZQ0wtZvLOiQ//xZJyxwsZ0gWU5keRmEn//OaCujRdK9lL8hQRu9Ufn96E/vaVfaVPNb5jUQQxnZeX0i5D0Vgxeh+bAgzlUpjdyB2x951749qK; Expires=Tue, 06 May 2025 09:42:25 GMT; Path=/; SameSite=None; Secure
< Access-Control-Allow-Origin: *
< Access-Control-Allow-Headers: Content-Type, Authorization, X-Requested-With, User-Agent, AssemblyAI-Agent
< Access-Control-Allow-Methods: POST, PUT, GET, OPTIONS
< Strict-Transport-Security: max-age=31536000; includeSubDomains; preload
< Etag: "cbc380df69c5a0d7160e76952ba3e65b662da29f"
< 
* Connection #0 to host api.assemblyai.com left intact

[2025-04-29 11:42:25] HTTP Response Code: 200
[2025-04-29 11:42:25] Response: {"id": "ad84ad44-d5fa-4b4a-8ca9-46f0f43e5cbc", "language_model": "assemblyai_default", "acoustic_model": "assemblyai_default", "language_code": "en_us", "status": "completed", "audio_url": "https://cdn.assemblyai.com/upload/eaae9485-5da5-4383-ab69-7fcd259df982", "text": "I am very sad.", "words": [{"text": "I", "start": 880, "end": 992, "confidence": 0.99807, "speaker": null}, {"text": "am", "start": 992, "end": 1128, "confidence": 0.99994, "speaker": null}, {"text": "very", "start": 1136, "end": 1320, "confidence": 0.99997, "speaker": null}, {"text": "sad.", "start": 1360, "end": 1480, "confidence": 0.90971, "speaker": null}], "utterances": null, "confidence": 0.9769225, "audio_duration": 3, "punctuate": true, "format_text": true, "dual_channel": null, "webhook_url": null, "webhook_status_code": null, "webhook_auth": false, "webhook_auth_header_name": null, "speed_boost": false, "auto_highlights_result": null, "auto_highlights": false, "audio_start_from": null, "audio_end_at": null, "word_boost": [], "boost_param": null, "prompt": null, "keyterms_prompt": [], "filter_profanity": false, "redact_pii": false, "redact_pii_audio": false, "redact_pii_audio_quality": null, "redact_pii_policies": null, "redact_pii_sub": null, "speaker_labels": false, "content_safety": false, "iab_categories": false, "content_safety_labels": {"status": "unavailable", "results": [], "summary": {}}, "iab_categories_result": {"status": "unavailable", "results": [], "summary": {}}, "language_detection": false, "language_confidence_threshold": null, "language_confidence": null, "custom_spelling": null, "throttled": false, "auto_chapters": false, "summarization": false, "summary_type": null, "summary_model": null, "custom_topics": false, "topics": [], "speech_threshold": null, "speech_model": null, "chapters": null, "disfluencies": false, "entity_detection": false, "sentiment_analysis": false, "sentiment_analysis_results": null, "entities": null, "speakers_expected": null, "summary": null, "custom_topics_results": null, "is_deleted": null, "multichannel": null, "project_id": 546162, "token_id": 547942}
[2025-04-29 11:42:47] API key found in .env file
[2025-04-29 11:42:47] === Starting AssemblyAI Upload ===
[2025-04-29 11:42:47] Audio file path: uploads/recording_1745919767.wav
[2025-04-29 11:42:47] Detected MIME type: audio/wav
[2025-04-29 11:42:47] Sending file to AssemblyAI upload endpoint...
[2025-04-29 11:42:50] HTTP Response Code: 200
[2025-04-29 11:42:50] Raw Response: {"upload_url":"https://cdn.assemblyai.com/upload/8b507270-c93e-46bb-985a-504f695b803a"}

[2025-04-29 11:42:50] Upload URL received: https://cdn.assemblyai.com/upload/8b507270-c93e-46bb-985a-504f695b803a
[2025-04-29 11:42:50] Starting transcription job...
[2025-04-29 11:42:50] Request body: {"audio_url":"https:\/\/cdn.assemblyai.com\/upload\/8b507270-c93e-46bb-985a-504f695b803a"}
[2025-04-29 11:42:51] HTTP Response Code: 200
[2025-04-29 11:42:51] Raw Response: {"id": "b7441e5e-9195-4a6d-a22f-6f0923abe53e", "language_model": "assemblyai_default", "acoustic_model": "assemblyai_default", "language_code": "en_us", "status": "queued", "audio_url": "https://cdn.assemblyai.com/upload/8b507270-c93e-46bb-985a-504f695b803a", "text": null, "words": null, "utterances": null, "confidence": null, "audio_duration": null, "punctuate": true, "format_text": true, "dual_channel": null, "webhook_url": null, "webhook_status_code": null, "webhook_auth": false, "webhook_auth_header_name": null, "speed_boost": false, "auto_highlights_result": null, "auto_highlights": false, "audio_start_from": null, "audio_end_at": null, "word_boost": [], "boost_param": null, "prompt": null, "keyterms_prompt": null, "filter_profanity": false, "redact_pii": false, "redact_pii_audio": false, "redact_pii_audio_quality": null, "redact_pii_policies": null, "redact_pii_sub": null, "speaker_labels": false, "content_safety": false, "iab_categories": false, "content_safety_labels": {}, "iab_categories_result": {}, "language_detection": false, "language_confidence_threshold": null, "language_confidence": null, "custom_spelling": null, "throttled": false, "auto_chapters": false, "summarization": false, "summary_type": null, "summary_model": null, "custom_topics": false, "topics": [], "speech_threshold": null, "speech_model": null, "chapters": null, "disfluencies": false, "entity_detection": false, "sentiment_analysis": false, "sentiment_analysis_results": null, "entities": null, "speakers_expected": null, "summary": null, "custom_topics_results": null, "is_deleted": null, "multichannel": null, "project_id": 546162, "token_id": 547942}
[2025-04-29 11:42:51] === Checking Transcription Status ===
[2025-04-29 11:42:51] Transcript ID: b7441e5e-9195-4a6d-a22f-6f0923abe53e
[2025-04-29 11:42:52] cURL verbose output: * Hostname api.assemblyai.com was found in DNS cache
*   Trying 44.238.42.242...
* TCP_NODELAY set
* Connected to api.assemblyai.com (44.238.42.242) port 443 (#0)
* ALPN, offering http/1.1
* Cipher selection: ALL:!EXPORT:!EXPORT40:!EXPORT56:!aNULL:!LOW:!RC4:@STRENGTH
* successfully set certificate verify locations:
*   CAfile: /Applications/XAMPP/xamppfiles/share/curl/curl-ca-bundle.crt
  CApath: none
* SSL connection using TLSv1.3 / TLS_AES_128_GCM_SHA256
* ALPN, server accepted to use http/1.1
* Server certificate:
*  subject: CN=*.assemblyai.com
*  start date: Jun 15 00:00:00 2024 GMT
*  expire date: Jul 14 23:59:59 2025 GMT
*  subjectAltName: host "api.assemblyai.com" matched cert's "*.assemblyai.com"
*  issuer: C=US; O=Amazon; CN=Amazon RSA 2048 M02
*  SSL certificate verify ok.
> GET /v2/transcript/b7441e5e-9195-4a6d-a22f-6f0923abe53e HTTP/1.1
Host: api.assemblyai.com
Accept: */*
authorization: 7da2fc6e2f084d17a6696d5e67395bad

< HTTP/1.1 200 OK
< Date: Tue, 29 Apr 2025 09:42:52 GMT
< Content-Type: application/json; charset=UTF-8
< Content-Length: 1657
< Connection: keep-alive
< Set-Cookie: AWSALBTG=71KXb7QdsBVI2Bd+UfcTm6htbxl1zh3cveBF9N6Q6dRGUiBoztDFm5KgORKxPWMbpy9CT0Z8wXHg5H+a+pSgIXJonkbPP+yIsDXTFMUegxfDERsfcsahHMVAzhusvzLGDsl3Lf0TBSqHpkZJPM8RzgBN+u6w0WR7IkuYV3pNVzQN; Expires=Tue, 06 May 2025 09:42:52 GMT; Path=/
< Set-Cookie: AWSALBTGCORS=71KXb7QdsBVI2Bd+UfcTm6htbxl1zh3cveBF9N6Q6dRGUiBoztDFm5KgORKxPWMbpy9CT0Z8wXHg5H+a+pSgIXJonkbPP+yIsDXTFMUegxfDERsfcsahHMVAzhusvzLGDsl3Lf0TBSqHpkZJPM8RzgBN+u6w0WR7IkuYV3pNVzQN; Expires=Tue, 06 May 2025 09:42:52 GMT; Path=/; SameSite=None; Secure
< Set-Cookie: AWSALB=VPeXXA0v+2Igvi/p7XLowCm6vQSjaXBBXGkHZapRiV7+eNEcE4wymjZCeMlVWM5jzthrRrMOGCwKn433ak4sUqFF0Bh9zrSi1i7LuHzPjGLJpOg3uLruQ9hLks/v; Expires=Tue, 06 May 2025 09:42:52 GMT; Path=/
< Set-Cookie: AWSALBCORS=VPeXXA0v+2Igvi/p7XLowCm6vQSjaXBBXGkHZapRiV7+eNEcE4wymjZCeMlVWM5jzthrRrMOGCwKn433ak4sUqFF0Bh9zrSi1i7LuHzPjGLJpOg3uLruQ9hLks/v; Expires=Tue, 06 May 2025 09:42:52 GMT; Path=/; SameSite=None; Secure
< Access-Control-Allow-Origin: *
< Access-Control-Allow-Headers: Content-Type, Authorization, X-Requested-With, User-Agent, AssemblyAI-Agent
< Access-Control-Allow-Methods: POST, PUT, GET, OPTIONS
< Strict-Transport-Security: max-age=31536000; includeSubDomains; preload
< Etag: "bf83ed547dca2778899f0106bf18c771ae67ca0d"
< 
* Connection #0 to host api.assemblyai.com left intact

[2025-04-29 11:42:52] HTTP Response Code: 200
[2025-04-29 11:42:52] Response: {"id": "b7441e5e-9195-4a6d-a22f-6f0923abe53e", "language_model": "assemblyai_default", "acoustic_model": "assemblyai_default", "language_code": "en_us", "status": "processing", "audio_url": "https://cdn.assemblyai.com/upload/8b507270-c93e-46bb-985a-504f695b803a", "text": null, "words": null, "utterances": null, "confidence": null, "audio_duration": null, "punctuate": true, "format_text": true, "dual_channel": null, "webhook_url": null, "webhook_status_code": null, "webhook_auth": false, "webhook_auth_header_name": null, "speed_boost": false, "auto_highlights_result": null, "auto_highlights": false, "audio_start_from": null, "audio_end_at": null, "word_boost": [], "boost_param": null, "prompt": null, "keyterms_prompt": [], "filter_profanity": false, "redact_pii": false, "redact_pii_audio": false, "redact_pii_audio_quality": null, "redact_pii_policies": null, "redact_pii_sub": null, "speaker_labels": false, "content_safety": false, "iab_categories": false, "content_safety_labels": {}, "iab_categories_result": {}, "language_detection": false, "language_confidence_threshold": null, "language_confidence": null, "custom_spelling": null, "throttled": false, "auto_chapters": false, "summarization": false, "summary_type": null, "summary_model": null, "custom_topics": false, "topics": [], "speech_threshold": null, "speech_model": null, "chapters": null, "disfluencies": false, "entity_detection": false, "sentiment_analysis": false, "sentiment_analysis_results": null, "entities": null, "speakers_expected": null, "summary": null, "custom_topics_results": null, "is_deleted": null, "multichannel": null, "project_id": 546162, "token_id": 547942}
[2025-04-29 11:43:07] API key found in .env file
[2025-04-29 11:43:07] === Starting AssemblyAI Upload ===
[2025-04-29 11:43:07] Audio file path: uploads/1745919787_WhatsApp Audio 2025-04-24 at 2.08.05 PM.mpeg.wav
[2025-04-29 11:43:07] Detected MIME type: audio/wav
[2025-04-29 11:43:07] Sending file to AssemblyAI upload endpoint...
[2025-04-29 11:43:13] HTTP Response Code: 200
[2025-04-29 11:43:13] Raw Response: {"upload_url":"https://cdn.assemblyai.com/upload/de974fc4-e01f-42af-a255-b12c75c8f962"}

[2025-04-29 11:43:13] Upload URL received: https://cdn.assemblyai.com/upload/de974fc4-e01f-42af-a255-b12c75c8f962
[2025-04-29 11:43:13] Starting transcription job...
[2025-04-29 11:43:13] Request body: {"audio_url":"https:\/\/cdn.assemblyai.com\/upload\/de974fc4-e01f-42af-a255-b12c75c8f962"}
[2025-04-29 11:43:15] HTTP Response Code: 200
[2025-04-29 11:43:15] Raw Response: {"id": "e3007ee5-07ed-4330-973b-2f2bcb78c748", "language_model": "assemblyai_default", "acoustic_model": "assemblyai_default", "language_code": "en_us", "status": "queued", "audio_url": "https://cdn.assemblyai.com/upload/de974fc4-e01f-42af-a255-b12c75c8f962", "text": null, "words": null, "utterances": null, "confidence": null, "audio_duration": null, "punctuate": true, "format_text": true, "dual_channel": null, "webhook_url": null, "webhook_status_code": null, "webhook_auth": false, "webhook_auth_header_name": null, "speed_boost": false, "auto_highlights_result": null, "auto_highlights": false, "audio_start_from": null, "audio_end_at": null, "word_boost": [], "boost_param": null, "prompt": null, "keyterms_prompt": null, "filter_profanity": false, "redact_pii": false, "redact_pii_audio": false, "redact_pii_audio_quality": null, "redact_pii_policies": null, "redact_pii_sub": null, "speaker_labels": false, "content_safety": false, "iab_categories": false, "content_safety_labels": {}, "iab_categories_result": {}, "language_detection": false, "language_confidence_threshold": null, "language_confidence": null, "custom_spelling": null, "throttled": false, "auto_chapters": false, "summarization": false, "summary_type": null, "summary_model": null, "custom_topics": false, "topics": [], "speech_threshold": null, "speech_model": null, "chapters": null, "disfluencies": false, "entity_detection": false, "sentiment_analysis": false, "sentiment_analysis_results": null, "entities": null, "speakers_expected": null, "summary": null, "custom_topics_results": null, "is_deleted": null, "multichannel": null, "project_id": 546162, "token_id": 547942}
[2025-04-29 11:43:15] === Checking Transcription Status ===
[2025-04-29 11:43:15] Transcript ID: e3007ee5-07ed-4330-973b-2f2bcb78c748
[2025-04-29 11:43:16] cURL verbose output: * Hostname api.assemblyai.com was found in DNS cache
*   Trying 44.238.42.242...
* TCP_NODELAY set
* Connected to api.assemblyai.com (44.238.42.242) port 443 (#0)
* ALPN, offering http/1.1
* Cipher selection: ALL:!EXPORT:!EXPORT40:!EXPORT56:!aNULL:!LOW:!RC4:@STRENGTH
* successfully set certificate verify locations:
*   CAfile: /Applications/XAMPP/xamppfiles/share/curl/curl-ca-bundle.crt
  CApath: none
* SSL connection using TLSv1.3 / TLS_AES_128_GCM_SHA256
* ALPN, server accepted to use http/1.1
* Server certificate:
*  subject: CN=*.assemblyai.com
*  start date: Jun 15 00:00:00 2024 GMT
*  expire date: Jul 14 23:59:59 2025 GMT
*  subjectAltName: host "api.assemblyai.com" matched cert's "*.assemblyai.com"
*  issuer: C=US; O=Amazon; CN=Amazon RSA 2048 M02
*  SSL certificate verify ok.
> GET /v2/transcript/e3007ee5-07ed-4330-973b-2f2bcb78c748 HTTP/1.1
Host: api.assemblyai.com
Accept: */*
authorization: 7da2fc6e2f084d17a6696d5e67395bad

< HTTP/1.1 200 OK
< Date: Tue, 29 Apr 2025 09:43:16 GMT
< Content-Type: application/json; charset=UTF-8
< Content-Length: 1657
< Connection: keep-alive
< Set-Cookie: AWSALBTG=bu040n6ZujLCmhIwZ2z1YPM3Fi1raP61aLGZ8Hv4dCPgg1TE5j6sF+vBLGxWC2Ditq9IcgY00xlyCw5LBlZVKG6e/cBeaYzpF/XKtyGN3lKVyTWTmvliMMflgbm0InbEknpsJI2oxnehT6STnAaB5H5pL9ZwmYFRKc6oGrGpTg9y; Expires=Tue, 06 May 2025 09:43:16 GMT; Path=/
< Set-Cookie: AWSALBTGCORS=bu040n6ZujLCmhIwZ2z1YPM3Fi1raP61aLGZ8Hv4dCPgg1TE5j6sF+vBLGxWC2Ditq9IcgY00xlyCw5LBlZVKG6e/cBeaYzpF/XKtyGN3lKVyTWTmvliMMflgbm0InbEknpsJI2oxnehT6STnAaB5H5pL9ZwmYFRKc6oGrGpTg9y; Expires=Tue, 06 May 2025 09:43:16 GMT; Path=/; SameSite=None; Secure
< Set-Cookie: AWSALB=38PE6zY01Z1fDVjZlXRCXkN+nwwdKnfRHzq/kvj/olJOr0Anj/YUOt2YAuQXq67hSWw8/Fnqjjx+q97tzHDuXlg07icbR18B2IRnwN6RJMf1t0uAAKPNGYwvSuYO; Expires=Tue, 06 May 2025 09:43:16 GMT; Path=/
< Set-Cookie: AWSALBCORS=38PE6zY01Z1fDVjZlXRCXkN+nwwdKnfRHzq/kvj/olJOr0Anj/YUOt2YAuQXq67hSWw8/Fnqjjx+q97tzHDuXlg07icbR18B2IRnwN6RJMf1t0uAAKPNGYwvSuYO; Expires=Tue, 06 May 2025 09:43:16 GMT; Path=/; SameSite=None; Secure
< Access-Control-Allow-Origin: *
< Access-Control-Allow-Headers: Content-Type, Authorization, X-Requested-With, User-Agent, AssemblyAI-Agent
< Access-Control-Allow-Methods: POST, PUT, GET, OPTIONS
< Strict-Transport-Security: max-age=31536000; includeSubDomains; preload
< Etag: "49beb413e0c0f42d7bddb90c33770e473150ff37"
< 
* Connection #0 to host api.assemblyai.com left intact

[2025-04-29 11:43:16] HTTP Response Code: 200
[2025-04-29 11:43:16] Response: {"id": "e3007ee5-07ed-4330-973b-2f2bcb78c748", "language_model": "assemblyai_default", "acoustic_model": "assemblyai_default", "language_code": "en_us", "status": "processing", "audio_url": "https://cdn.assemblyai.com/upload/de974fc4-e01f-42af-a255-b12c75c8f962", "text": null, "words": null, "utterances": null, "confidence": null, "audio_duration": null, "punctuate": true, "format_text": true, "dual_channel": null, "webhook_url": null, "webhook_status_code": null, "webhook_auth": false, "webhook_auth_header_name": null, "speed_boost": false, "auto_highlights_result": null, "auto_highlights": false, "audio_start_from": null, "audio_end_at": null, "word_boost": [], "boost_param": null, "prompt": null, "keyterms_prompt": [], "filter_profanity": false, "redact_pii": false, "redact_pii_audio": false, "redact_pii_audio_quality": null, "redact_pii_policies": null, "redact_pii_sub": null, "speaker_labels": false, "content_safety": false, "iab_categories": false, "content_safety_labels": {}, "iab_categories_result": {}, "language_detection": false, "language_confidence_threshold": null, "language_confidence": null, "custom_spelling": null, "throttled": false, "auto_chapters": false, "summarization": false, "summary_type": null, "summary_model": null, "custom_topics": false, "topics": [], "speech_threshold": null, "speech_model": null, "chapters": null, "disfluencies": false, "entity_detection": false, "sentiment_analysis": false, "sentiment_analysis_results": null, "entities": null, "speakers_expected": null, "summary": null, "custom_topics_results": null, "is_deleted": null, "multichannel": null, "project_id": 546162, "token_id": 547942}
[2025-04-29 11:43:49] API key found in .env file
[2025-04-29 11:43:49] === Starting AssemblyAI Upload ===
[2025-04-29 11:43:49] Audio file path: uploads/recording_1745919829.wav
[2025-04-29 11:43:49] Detected MIME type: audio/wav
[2025-04-29 11:43:49] Sending file to AssemblyAI upload endpoint...
[2025-04-29 11:43:51] HTTP Response Code: 200
[2025-04-29 11:43:51] Raw Response: {"upload_url":"https://cdn.assemblyai.com/upload/5a6042d8-1fd6-4930-9d39-608b44e53375"}

[2025-04-29 11:43:51] Upload URL received: https://cdn.assemblyai.com/upload/5a6042d8-1fd6-4930-9d39-608b44e53375
[2025-04-29 11:43:52] Starting transcription job...
[2025-04-29 11:43:52] Request body: {"audio_url":"https:\/\/cdn.assemblyai.com\/upload\/5a6042d8-1fd6-4930-9d39-608b44e53375"}
[2025-04-29 11:43:53] HTTP Response Code: 200
[2025-04-29 11:43:53] Raw Response: {"id": "45a5d92f-f9e9-4e16-b71a-71fa507cc04a", "language_model": "assemblyai_default", "acoustic_model": "assemblyai_default", "language_code": "en_us", "status": "queued", "audio_url": "https://cdn.assemblyai.com/upload/5a6042d8-1fd6-4930-9d39-608b44e53375", "text": null, "words": null, "utterances": null, "confidence": null, "audio_duration": null, "punctuate": true, "format_text": true, "dual_channel": null, "webhook_url": null, "webhook_status_code": null, "webhook_auth": false, "webhook_auth_header_name": null, "speed_boost": false, "auto_highlights_result": null, "auto_highlights": false, "audio_start_from": null, "audio_end_at": null, "word_boost": [], "boost_param": null, "prompt": null, "keyterms_prompt": null, "filter_profanity": false, "redact_pii": false, "redact_pii_audio": false, "redact_pii_audio_quality": null, "redact_pii_policies": null, "redact_pii_sub": null, "speaker_labels": false, "content_safety": false, "iab_categories": false, "content_safety_labels": {}, "iab_categories_result": {}, "language_detection": false, "language_confidence_threshold": null, "language_confidence": null, "custom_spelling": null, "throttled": false, "auto_chapters": false, "summarization": false, "summary_type": null, "summary_model": null, "custom_topics": false, "topics": [], "speech_threshold": null, "speech_model": null, "chapters": null, "disfluencies": false, "entity_detection": false, "sentiment_analysis": false, "sentiment_analysis_results": null, "entities": null, "speakers_expected": null, "summary": null, "custom_topics_results": null, "is_deleted": null, "multichannel": null, "project_id": 546162, "token_id": 547942}
[2025-04-29 11:43:53] === Checking Transcription Status ===
[2025-04-29 11:43:53] Transcript ID: 45a5d92f-f9e9-4e16-b71a-71fa507cc04a
[2025-04-29 11:43:54] cURL verbose output: * Hostname api.assemblyai.com was found in DNS cache
*   Trying 44.238.42.242...
* TCP_NODELAY set
* Connected to api.assemblyai.com (44.238.42.242) port 443 (#0)
* ALPN, offering http/1.1
* Cipher selection: ALL:!EXPORT:!EXPORT40:!EXPORT56:!aNULL:!LOW:!RC4:@STRENGTH
* successfully set certificate verify locations:
*   CAfile: /Applications/XAMPP/xamppfiles/share/curl/curl-ca-bundle.crt
  CApath: none
* SSL connection using TLSv1.3 / TLS_AES_128_GCM_SHA256
* ALPN, server accepted to use http/1.1
* Server certificate:
*  subject: CN=*.assemblyai.com
*  start date: Jun 15 00:00:00 2024 GMT
*  expire date: Jul 14 23:59:59 2025 GMT
*  subjectAltName: host "api.assemblyai.com" matched cert's "*.assemblyai.com"
*  issuer: C=US; O=Amazon; CN=Amazon RSA 2048 M02
*  SSL certificate verify ok.
> GET /v2/transcript/45a5d92f-f9e9-4e16-b71a-71fa507cc04a HTTP/1.1
Host: api.assemblyai.com
Accept: */*
authorization: 7da2fc6e2f084d17a6696d5e67395bad

< HTTP/1.1 200 OK
< Date: Tue, 29 Apr 2025 09:43:54 GMT
< Content-Type: application/json; charset=UTF-8
< Content-Length: 1657
< Connection: keep-alive
< Set-Cookie: AWSALBTG=aI7oH/5QkS9JNf7ujFUHFS4bwoPrytTkdwAS9QkyGNophM2zthTiLNGgDotWhfbn5zBMAScqEMqM7uHR6vWxsAnYOkVMaBtwUQkLqXA/aFd3UfgrcvJ3gJDMUqy8wd6Qw+cz4rT12yAUtYBLvsRuAVyi/rNu8K1Ean232kJ09ZIY; Expires=Tue, 06 May 2025 09:43:54 GMT; Path=/
< Set-Cookie: AWSALBTGCORS=aI7oH/5QkS9JNf7ujFUHFS4bwoPrytTkdwAS9QkyGNophM2zthTiLNGgDotWhfbn5zBMAScqEMqM7uHR6vWxsAnYOkVMaBtwUQkLqXA/aFd3UfgrcvJ3gJDMUqy8wd6Qw+cz4rT12yAUtYBLvsRuAVyi/rNu8K1Ean232kJ09ZIY; Expires=Tue, 06 May 2025 09:43:54 GMT; Path=/; SameSite=None; Secure
< Set-Cookie: AWSALB=gY4QkFVCWf4aPPLD/qp2Dz003me5RG8yfJi8cKOJ9YMiYGw3CZH6n4OOe1HxQ0gVgyZTCM4Q6930cF7ycoYgCKP93hr8nUIygk6Yqp0fFG3askyEyNzcDv1SbWFV; Expires=Tue, 06 May 2025 09:43:54 GMT; Path=/
< Set-Cookie: AWSALBCORS=gY4QkFVCWf4aPPLD/qp2Dz003me5RG8yfJi8cKOJ9YMiYGw3CZH6n4OOe1HxQ0gVgyZTCM4Q6930cF7ycoYgCKP93hr8nUIygk6Yqp0fFG3askyEyNzcDv1SbWFV; Expires=Tue, 06 May 2025 09:43:54 GMT; Path=/; SameSite=None; Secure
< Access-Control-Allow-Origin: *
< Access-Control-Allow-Headers: Content-Type, Authorization, X-Requested-With, User-Agent, AssemblyAI-Agent
< Access-Control-Allow-Methods: POST, PUT, GET, OPTIONS
< Strict-Transport-Security: max-age=31536000; includeSubDomains; preload
< Etag: "257fce53d0fa967aab422f9923e4e20af59d25d2"
< 
* Connection #0 to host api.assemblyai.com left intact

[2025-04-29 11:43:54] HTTP Response Code: 200
[2025-04-29 11:43:54] Response: {"id": "45a5d92f-f9e9-4e16-b71a-71fa507cc04a", "language_model": "assemblyai_default", "acoustic_model": "assemblyai_default", "language_code": "en_us", "status": "processing", "audio_url": "https://cdn.assemblyai.com/upload/5a6042d8-1fd6-4930-9d39-608b44e53375", "text": null, "words": null, "utterances": null, "confidence": null, "audio_duration": null, "punctuate": true, "format_text": true, "dual_channel": null, "webhook_url": null, "webhook_status_code": null, "webhook_auth": false, "webhook_auth_header_name": null, "speed_boost": false, "auto_highlights_result": null, "auto_highlights": false, "audio_start_from": null, "audio_end_at": null, "word_boost": [], "boost_param": null, "prompt": null, "keyterms_prompt": [], "filter_profanity": false, "redact_pii": false, "redact_pii_audio": false, "redact_pii_audio_quality": null, "redact_pii_policies": null, "redact_pii_sub": null, "speaker_labels": false, "content_safety": false, "iab_categories": false, "content_safety_labels": {}, "iab_categories_result": {}, "language_detection": false, "language_confidence_threshold": null, "language_confidence": null, "custom_spelling": null, "throttled": false, "auto_chapters": false, "summarization": false, "summary_type": null, "summary_model": null, "custom_topics": false, "topics": [], "speech_threshold": null, "speech_model": null, "chapters": null, "disfluencies": false, "entity_detection": false, "sentiment_analysis": false, "sentiment_analysis_results": null, "entities": null, "speakers_expected": null, "summary": null, "custom_topics_results": null, "is_deleted": null, "multichannel": null, "project_id": 546162, "token_id": 547942}
[2025-04-29 11:44:30] API key found in .env file
[2025-04-29 11:44:30] === Starting AssemblyAI Upload ===
[2025-04-29 11:44:30] Audio file path: uploads/recording_1745919870.wav
[2025-04-29 11:44:30] Detected MIME type: audio/wav
[2025-04-29 11:44:30] Sending file to AssemblyAI upload endpoint...
[2025-04-29 11:44:32] HTTP Response Code: 200
[2025-04-29 11:44:32] Raw Response: {"upload_url":"https://cdn.assemblyai.com/upload/6fffd49b-1542-4bf5-b6c9-3244a3a272c2"}

[2025-04-29 11:44:32] Upload URL received: https://cdn.assemblyai.com/upload/6fffd49b-1542-4bf5-b6c9-3244a3a272c2
[2025-04-29 11:44:32] Starting transcription job...
[2025-04-29 11:44:32] Request body: {"audio_url":"https:\/\/cdn.assemblyai.com\/upload\/6fffd49b-1542-4bf5-b6c9-3244a3a272c2"}
[2025-04-29 11:44:33] HTTP Response Code: 200
[2025-04-29 11:44:33] Raw Response: {"id": "44869398-2494-4bde-b40b-6f9e74866211", "language_model": "assemblyai_default", "acoustic_model": "assemblyai_default", "language_code": "en_us", "status": "queued", "audio_url": "https://cdn.assemblyai.com/upload/6fffd49b-1542-4bf5-b6c9-3244a3a272c2", "text": null, "words": null, "utterances": null, "confidence": null, "audio_duration": null, "punctuate": true, "format_text": true, "dual_channel": null, "webhook_url": null, "webhook_status_code": null, "webhook_auth": false, "webhook_auth_header_name": null, "speed_boost": false, "auto_highlights_result": null, "auto_highlights": false, "audio_start_from": null, "audio_end_at": null, "word_boost": [], "boost_param": null, "prompt": null, "keyterms_prompt": null, "filter_profanity": false, "redact_pii": false, "redact_pii_audio": false, "redact_pii_audio_quality": null, "redact_pii_policies": null, "redact_pii_sub": null, "speaker_labels": false, "content_safety": false, "iab_categories": false, "content_safety_labels": {}, "iab_categories_result": {}, "language_detection": false, "language_confidence_threshold": null, "language_confidence": null, "custom_spelling": null, "throttled": false, "auto_chapters": false, "summarization": false, "summary_type": null, "summary_model": null, "custom_topics": false, "topics": [], "speech_threshold": null, "speech_model": null, "chapters": null, "disfluencies": false, "entity_detection": false, "sentiment_analysis": false, "sentiment_analysis_results": null, "entities": null, "speakers_expected": null, "summary": null, "custom_topics_results": null, "is_deleted": null, "multichannel": null, "project_id": 546162, "token_id": 547942}
[2025-04-29 11:44:33] === Checking Transcription Status ===
[2025-04-29 11:44:33] Transcript ID: 44869398-2494-4bde-b40b-6f9e74866211
[2025-04-29 11:44:34] cURL verbose output: * Hostname api.assemblyai.com was found in DNS cache
*   Trying 54.191.221.63...
* TCP_NODELAY set
* Connected to api.assemblyai.com (54.191.221.63) port 443 (#0)
* ALPN, offering http/1.1
* Cipher selection: ALL:!EXPORT:!EXPORT40:!EXPORT56:!aNULL:!LOW:!RC4:@STRENGTH
* successfully set certificate verify locations:
*   CAfile: /Applications/XAMPP/xamppfiles/share/curl/curl-ca-bundle.crt
  CApath: none
* SSL connection using TLSv1.3 / TLS_AES_128_GCM_SHA256
* ALPN, server accepted to use http/1.1
* Server certificate:
*  subject: CN=*.assemblyai.com
*  start date: Jun 15 00:00:00 2024 GMT
*  expire date: Jul 14 23:59:59 2025 GMT
*  subjectAltName: host "api.assemblyai.com" matched cert's "*.assemblyai.com"
*  issuer: C=US; O=Amazon; CN=Amazon RSA 2048 M02
*  SSL certificate verify ok.
> GET /v2/transcript/44869398-2494-4bde-b40b-6f9e74866211 HTTP/1.1
Host: api.assemblyai.com
Accept: */*
authorization: 7da2fc6e2f084d17a6696d5e67395bad

< HTTP/1.1 200 OK
< Date: Tue, 29 Apr 2025 09:44:34 GMT
< Content-Type: application/json; charset=UTF-8
< Content-Length: 1657
< Connection: keep-alive
< Set-Cookie: AWSALBTG=Wwvy83HVPSuFxvazpPn0RPwaFw29wzbRyVLWfUh7akKnwswI8HYy1eQCmS1+mYQqLVlc5WrjCQuEv19Tlun7s6T+X1sTPY3FVDOtv/UMeGZc9g03swgxHe7NQuNQpUOsypJSxJrHekjw4k/JvdAgaOYrrxhHHNkpwIaHDbpa2+RO; Expires=Tue, 06 May 2025 09:44:34 GMT; Path=/
< Set-Cookie: AWSALBTGCORS=Wwvy83HVPSuFxvazpPn0RPwaFw29wzbRyVLWfUh7akKnwswI8HYy1eQCmS1+mYQqLVlc5WrjCQuEv19Tlun7s6T+X1sTPY3FVDOtv/UMeGZc9g03swgxHe7NQuNQpUOsypJSxJrHekjw4k/JvdAgaOYrrxhHHNkpwIaHDbpa2+RO; Expires=Tue, 06 May 2025 09:44:34 GMT; Path=/; SameSite=None; Secure
< Set-Cookie: AWSALB=9dpFOFE/+Zpgmf6vRcQcPrCSbXVDV/XFJy5b+LroFgY3r+XpWuC5jsRo9CL4dd1i2bJUPruaPZaXtC4v97RRyF33gAXSUZDtDEZx3PjfAGEPtrRuA5RoOGZ/crR3; Expires=Tue, 06 May 2025 09:44:34 GMT; Path=/
< Set-Cookie: AWSALBCORS=9dpFOFE/+Zpgmf6vRcQcPrCSbXVDV/XFJy5b+LroFgY3r+XpWuC5jsRo9CL4dd1i2bJUPruaPZaXtC4v97RRyF33gAXSUZDtDEZx3PjfAGEPtrRuA5RoOGZ/crR3; Expires=Tue, 06 May 2025 09:44:34 GMT; Path=/; SameSite=None; Secure
< Access-Control-Allow-Origin: *
< Access-Control-Allow-Headers: Content-Type, Authorization, X-Requested-With, User-Agent, AssemblyAI-Agent
< Access-Control-Allow-Methods: POST, PUT, GET, OPTIONS
< Strict-Transport-Security: max-age=31536000; includeSubDomains; preload
< Etag: "4c114b6a8ae8612ccd2c95682806ccfc9efb79dc"
< 
* Connection #0 to host api.assemblyai.com left intact

[2025-04-29 11:44:34] HTTP Response Code: 200
[2025-04-29 11:44:34] Response: {"id": "44869398-2494-4bde-b40b-6f9e74866211", "language_model": "assemblyai_default", "acoustic_model": "assemblyai_default", "language_code": "en_us", "status": "processing", "audio_url": "https://cdn.assemblyai.com/upload/6fffd49b-1542-4bf5-b6c9-3244a3a272c2", "text": null, "words": null, "utterances": null, "confidence": null, "audio_duration": null, "punctuate": true, "format_text": true, "dual_channel": null, "webhook_url": null, "webhook_status_code": null, "webhook_auth": false, "webhook_auth_header_name": null, "speed_boost": false, "auto_highlights_result": null, "auto_highlights": false, "audio_start_from": null, "audio_end_at": null, "word_boost": [], "boost_param": null, "prompt": null, "keyterms_prompt": [], "filter_profanity": false, "redact_pii": false, "redact_pii_audio": false, "redact_pii_audio_quality": null, "redact_pii_policies": null, "redact_pii_sub": null, "speaker_labels": false, "content_safety": false, "iab_categories": false, "content_safety_labels": {}, "iab_categories_result": {}, "language_detection": false, "language_confidence_threshold": null, "language_confidence": null, "custom_spelling": null, "throttled": false, "auto_chapters": false, "summarization": false, "summary_type": null, "summary_model": null, "custom_topics": false, "topics": [], "speech_threshold": null, "speech_model": null, "chapters": null, "disfluencies": false, "entity_detection": false, "sentiment_analysis": false, "sentiment_analysis_results": null, "entities": null, "speakers_expected": null, "summary": null, "custom_topics_results": null, "is_deleted": null, "multichannel": null, "project_id": 546162, "token_id": 547942}
[2025-04-29 11:44:44] API key found in .env file
[2025-04-29 11:44:44] === Starting AssemblyAI Upload ===
[2025-04-29 11:44:44] Audio file path: uploads/1745919884_WhatsApp Audio 2025-04-24 at 2.08.05 PM.mpeg.wav
[2025-04-29 11:44:44] Detected MIME type: audio/wav
[2025-04-29 11:44:44] Sending file to AssemblyAI upload endpoint...
[2025-04-29 11:44:49] HTTP Response Code: 200
[2025-04-29 11:44:49] Raw Response: {"upload_url":"https://cdn.assemblyai.com/upload/0370f9df-eeca-4294-8fd8-bb21c38fb1c2"}

[2025-04-29 11:44:49] Upload URL received: https://cdn.assemblyai.com/upload/0370f9df-eeca-4294-8fd8-bb21c38fb1c2
[2025-04-29 11:44:49] Starting transcription job...
[2025-04-29 11:44:49] Request body: {"audio_url":"https:\/\/cdn.assemblyai.com\/upload\/0370f9df-eeca-4294-8fd8-bb21c38fb1c2"}
[2025-04-29 11:44:50] HTTP Response Code: 200
[2025-04-29 11:44:50] Raw Response: {"id": "3a5af9d1-c30e-4e39-bc49-d43c25a1dd5f", "language_model": "assemblyai_default", "acoustic_model": "assemblyai_default", "language_code": "en_us", "status": "queued", "audio_url": "https://cdn.assemblyai.com/upload/0370f9df-eeca-4294-8fd8-bb21c38fb1c2", "text": null, "words": null, "utterances": null, "confidence": null, "audio_duration": null, "punctuate": true, "format_text": true, "dual_channel": null, "webhook_url": null, "webhook_status_code": null, "webhook_auth": false, "webhook_auth_header_name": null, "speed_boost": false, "auto_highlights_result": null, "auto_highlights": false, "audio_start_from": null, "audio_end_at": null, "word_boost": [], "boost_param": null, "prompt": null, "keyterms_prompt": null, "filter_profanity": false, "redact_pii": false, "redact_pii_audio": false, "redact_pii_audio_quality": null, "redact_pii_policies": null, "redact_pii_sub": null, "speaker_labels": false, "content_safety": false, "iab_categories": false, "content_safety_labels": {}, "iab_categories_result": {}, "language_detection": false, "language_confidence_threshold": null, "language_confidence": null, "custom_spelling": null, "throttled": false, "auto_chapters": false, "summarization": false, "summary_type": null, "summary_model": null, "custom_topics": false, "topics": [], "speech_threshold": null, "speech_model": null, "chapters": null, "disfluencies": false, "entity_detection": false, "sentiment_analysis": false, "sentiment_analysis_results": null, "entities": null, "speakers_expected": null, "summary": null, "custom_topics_results": null, "is_deleted": null, "multichannel": null, "project_id": 546162, "token_id": 547942}
[2025-04-29 11:44:50] === Checking Transcription Status ===
[2025-04-29 11:44:50] Transcript ID: 3a5af9d1-c30e-4e39-bc49-d43c25a1dd5f
[2025-04-29 11:44:52] cURL verbose output: * Hostname api.assemblyai.com was found in DNS cache
*   Trying 54.191.221.63...
* TCP_NODELAY set
* Connected to api.assemblyai.com (54.191.221.63) port 443 (#0)
* ALPN, offering http/1.1
* Cipher selection: ALL:!EXPORT:!EXPORT40:!EXPORT56:!aNULL:!LOW:!RC4:@STRENGTH
* successfully set certificate verify locations:
*   CAfile: /Applications/XAMPP/xamppfiles/share/curl/curl-ca-bundle.crt
  CApath: none
* SSL connection using TLSv1.3 / TLS_AES_128_GCM_SHA256
* ALPN, server accepted to use http/1.1
* Server certificate:
*  subject: CN=*.assemblyai.com
*  start date: Jun 15 00:00:00 2024 GMT
*  expire date: Jul 14 23:59:59 2025 GMT
*  subjectAltName: host "api.assemblyai.com" matched cert's "*.assemblyai.com"
*  issuer: C=US; O=Amazon; CN=Amazon RSA 2048 M02
*  SSL certificate verify ok.
> GET /v2/transcript/3a5af9d1-c30e-4e39-bc49-d43c25a1dd5f HTTP/1.1
Host: api.assemblyai.com
Accept: */*
authorization: 7da2fc6e2f084d17a6696d5e67395bad

< HTTP/1.1 200 OK
< Date: Tue, 29 Apr 2025 09:44:52 GMT
< Content-Type: application/json; charset=UTF-8
< Content-Length: 1657
< Connection: keep-alive
< Set-Cookie: AWSALBTG=032LijybqDvg+2h+hU0T8yHeIFQ6j3KuyYmvgqP1lSWSHQOIF6N5DUtxpjK26OhOD63tV0VyQ2o9ZxBJNjwILuBqg480qPCkaulREQ33SUIha/XEoS3BlC8khVyneC9G76fKhbRgzs7t2ECs9nq5vTb4oHRaEpoHrP1OUNsjSpl5; Expires=Tue, 06 May 2025 09:44:52 GMT; Path=/
< Set-Cookie: AWSALBTGCORS=032LijybqDvg+2h+hU0T8yHeIFQ6j3KuyYmvgqP1lSWSHQOIF6N5DUtxpjK26OhOD63tV0VyQ2o9ZxBJNjwILuBqg480qPCkaulREQ33SUIha/XEoS3BlC8khVyneC9G76fKhbRgzs7t2ECs9nq5vTb4oHRaEpoHrP1OUNsjSpl5; Expires=Tue, 06 May 2025 09:44:52 GMT; Path=/; SameSite=None; Secure
< Set-Cookie: AWSALB=GlXUGFIgxxEmk82ZvNZ2xhLJRd8wNWekx5Q6zgB2iJFHZ9JyxX3ujnRXDN44iIWpqa3eDUaWi1nWOqDnTCEpHuWjGphVjhz7gpuvvULGU679YkP4tkfHg/kieLWS; Expires=Tue, 06 May 2025 09:44:52 GMT; Path=/
< Set-Cookie: AWSALBCORS=GlXUGFIgxxEmk82ZvNZ2xhLJRd8wNWekx5Q6zgB2iJFHZ9JyxX3ujnRXDN44iIWpqa3eDUaWi1nWOqDnTCEpHuWjGphVjhz7gpuvvULGU679YkP4tkfHg/kieLWS; Expires=Tue, 06 May 2025 09:44:52 GMT; Path=/; SameSite=None; Secure
< Access-Control-Allow-Origin: *
< Access-Control-Allow-Headers: Content-Type, Authorization, X-Requested-With, User-Agent, AssemblyAI-Agent
< Access-Control-Allow-Methods: POST, PUT, GET, OPTIONS
< Strict-Transport-Security: max-age=31536000; includeSubDomains; preload
< Etag: "25eae82323488510140992f575e44a2cc8f079ce"
< 
* Connection #0 to host api.assemblyai.com left intact

[2025-04-29 11:44:52] HTTP Response Code: 200
[2025-04-29 11:44:52] Response: {"id": "3a5af9d1-c30e-4e39-bc49-d43c25a1dd5f", "language_model": "assemblyai_default", "acoustic_model": "assemblyai_default", "language_code": "en_us", "status": "processing", "audio_url": "https://cdn.assemblyai.com/upload/0370f9df-eeca-4294-8fd8-bb21c38fb1c2", "text": null, "words": null, "utterances": null, "confidence": null, "audio_duration": null, "punctuate": true, "format_text": true, "dual_channel": null, "webhook_url": null, "webhook_status_code": null, "webhook_auth": false, "webhook_auth_header_name": null, "speed_boost": false, "auto_highlights_result": null, "auto_highlights": false, "audio_start_from": null, "audio_end_at": null, "word_boost": [], "boost_param": null, "prompt": null, "keyterms_prompt": [], "filter_profanity": false, "redact_pii": false, "redact_pii_audio": false, "redact_pii_audio_quality": null, "redact_pii_policies": null, "redact_pii_sub": null, "speaker_labels": false, "content_safety": false, "iab_categories": false, "content_safety_labels": {}, "iab_categories_result": {}, "language_detection": false, "language_confidence_threshold": null, "language_confidence": null, "custom_spelling": null, "throttled": false, "auto_chapters": false, "summarization": false, "summary_type": null, "summary_model": null, "custom_topics": false, "topics": [], "speech_threshold": null, "speech_model": null, "chapters": null, "disfluencies": false, "entity_detection": false, "sentiment_analysis": false, "sentiment_analysis_results": null, "entities": null, "speakers_expected": null, "summary": null, "custom_topics_results": null, "is_deleted": null, "multichannel": null, "project_id": 546162, "token_id": 547942}
[2025-04-29 11:45:43] API key found in .env file
[2025-04-29 11:45:43] === Starting AssemblyAI Upload ===
[2025-04-29 11:45:43] Audio file path: uploads/1745919943_WhatsApp Audio 2025-04-24 at 2.08.05 PM.mpeg.wav
[2025-04-29 11:45:43] Detected MIME type: audio/wav
[2025-04-29 11:45:43] Sending file to AssemblyAI upload endpoint...
[2025-04-29 11:45:47] HTTP Response Code: 200
[2025-04-29 11:45:47] Raw Response: {"upload_url":"https://cdn.assemblyai.com/upload/182d56fb-8da2-4322-8e65-c6a6c345d276"}

[2025-04-29 11:45:47] Upload URL received: https://cdn.assemblyai.com/upload/182d56fb-8da2-4322-8e65-c6a6c345d276
[2025-04-29 11:45:47] Starting transcription job...
[2025-04-29 11:45:47] Request body: {"audio_url":"https:\/\/cdn.assemblyai.com\/upload\/182d56fb-8da2-4322-8e65-c6a6c345d276"}
[2025-04-29 11:45:48] HTTP Response Code: 200
[2025-04-29 11:45:48] Raw Response: {"id": "1797646c-d147-4a2e-9ed9-d364b24f2fe1", "language_model": "assemblyai_default", "acoustic_model": "assemblyai_default", "language_code": "en_us", "status": "queued", "audio_url": "https://cdn.assemblyai.com/upload/182d56fb-8da2-4322-8e65-c6a6c345d276", "text": null, "words": null, "utterances": null, "confidence": null, "audio_duration": null, "punctuate": true, "format_text": true, "dual_channel": null, "webhook_url": null, "webhook_status_code": null, "webhook_auth": false, "webhook_auth_header_name": null, "speed_boost": false, "auto_highlights_result": null, "auto_highlights": false, "audio_start_from": null, "audio_end_at": null, "word_boost": [], "boost_param": null, "prompt": null, "keyterms_prompt": null, "filter_profanity": false, "redact_pii": false, "redact_pii_audio": false, "redact_pii_audio_quality": null, "redact_pii_policies": null, "redact_pii_sub": null, "speaker_labels": false, "content_safety": false, "iab_categories": false, "content_safety_labels": {}, "iab_categories_result": {}, "language_detection": false, "language_confidence_threshold": null, "language_confidence": null, "custom_spelling": null, "throttled": false, "auto_chapters": false, "summarization": false, "summary_type": null, "summary_model": null, "custom_topics": false, "topics": [], "speech_threshold": null, "speech_model": null, "chapters": null, "disfluencies": false, "entity_detection": false, "sentiment_analysis": false, "sentiment_analysis_results": null, "entities": null, "speakers_expected": null, "summary": null, "custom_topics_results": null, "is_deleted": null, "multichannel": null, "project_id": 546162, "token_id": 547942}
[2025-04-29 11:45:48] Attempting to get transcription results for ID: 1797646c-d147-4a2e-9ed9-d364b24f2fe1
[2025-04-29 11:45:48] === Checking Transcription Status ===
[2025-04-29 11:45:48] Transcript ID: 1797646c-d147-4a2e-9ed9-d364b24f2fe1
[2025-04-29 11:45:49] cURL verbose output: * Hostname api.assemblyai.com was found in DNS cache
*   Trying 44.238.42.242...
* TCP_NODELAY set
* Connected to api.assemblyai.com (44.238.42.242) port 443 (#0)
* ALPN, offering http/1.1
* Cipher selection: ALL:!EXPORT:!EXPORT40:!EXPORT56:!aNULL:!LOW:!RC4:@STRENGTH
* successfully set certificate verify locations:
*   CAfile: /Applications/XAMPP/xamppfiles/share/curl/curl-ca-bundle.crt
  CApath: none
* SSL connection using TLSv1.3 / TLS_AES_128_GCM_SHA256
* ALPN, server accepted to use http/1.1
* Server certificate:
*  subject: CN=*.assemblyai.com
*  start date: Jun 15 00:00:00 2024 GMT
*  expire date: Jul 14 23:59:59 2025 GMT
*  subjectAltName: host "api.assemblyai.com" matched cert's "*.assemblyai.com"
*  issuer: C=US; O=Amazon; CN=Amazon RSA 2048 M02
*  SSL certificate verify ok.
> GET /v2/transcript/1797646c-d147-4a2e-9ed9-d364b24f2fe1 HTTP/1.1
Host: api.assemblyai.com
Accept: */*
authorization: 7da2fc6e2f084d17a6696d5e67395bad

< HTTP/1.1 200 OK
< Date: Tue, 29 Apr 2025 09:45:49 GMT
< Content-Type: application/json; charset=UTF-8
< Content-Length: 2862
< Connection: keep-alive
< Set-Cookie: AWSALBTG=+t+/gxTFnqGBttcnh7xF2dzCnqFPjHy+Cv7VOnVJsQitoJvGXLS/UkMsaKMat1wFcK+/skOI2Lj2a7geIr8GzpJ7Emhv0xRg8Zku7U2JHZmff5iv/+Mwjr28fZe04GwW8+CthbynV3C5O37F4Fm80v6zfvHa9t98JY/MPzabbjyU; Expires=Tue, 06 May 2025 09:45:49 GMT; Path=/
< Set-Cookie: AWSALBTGCORS=+t+/gxTFnqGBttcnh7xF2dzCnqFPjHy+Cv7VOnVJsQitoJvGXLS/UkMsaKMat1wFcK+/skOI2Lj2a7geIr8GzpJ7Emhv0xRg8Zku7U2JHZmff5iv/+Mwjr28fZe04GwW8+CthbynV3C5O37F4Fm80v6zfvHa9t98JY/MPzabbjyU; Expires=Tue, 06 May 2025 09:45:49 GMT; Path=/; SameSite=None; Secure
< Set-Cookie: AWSALB=mv5jml6cU4SepqEt1dA7L0UiTywk43oJRtDBUTMvBV3YGjg4GiCgGAN4RijucX35bNV9Fxs0URmG4hkZbzNMDPkvtR17P3zOkQGqLhF/5FePpN8S2RuziQzpflNm; Expires=Tue, 06 May 2025 09:45:49 GMT; Path=/
< Set-Cookie: AWSALBCORS=mv5jml6cU4SepqEt1dA7L0UiTywk43oJRtDBUTMvBV3YGjg4GiCgGAN4RijucX35bNV9Fxs0URmG4hkZbzNMDPkvtR17P3zOkQGqLhF/5FePpN8S2RuziQzpflNm; Expires=Tue, 06 May 2025 09:45:49 GMT; Path=/; SameSite=None; Secure
< Access-Control-Allow-Origin: *
< Access-Control-Allow-Headers: Content-Type, Authorization, X-Requested-With, User-Agent, AssemblyAI-Agent
< Access-Control-Allow-Methods: POST, PUT, GET, OPTIONS
< Strict-Transport-Security: max-age=31536000; includeSubDomains; preload
< Etag: "5721139b65a15807970d354f1a1c1752ba627ac4"
< 
* Connection #0 to host api.assemblyai.com left intact

[2025-04-29 11:45:49] HTTP Response Code: 200
[2025-04-29 11:45:49] Response: {"id": "1797646c-d147-4a2e-9ed9-d364b24f2fe1", "language_model": "assemblyai_default", "acoustic_model": "assemblyai_default", "language_code": "en_us", "status": "completed", "audio_url": "https://cdn.assemblyai.com/upload/182d56fb-8da2-4322-8e65-c6a6c345d276", "text": "This is the audio that I'm recording for the website sentiment analyzer.", "words": [{"text": "This", "start": 480, "end": 592, "confidence": 0.99999, "speaker": null}, {"text": "is", "start": 592, "end": 680, "confidence": 1.0, "speaker": null}, {"text": "the", "start": 680, "end": 800, "confidence": 0.99999, "speaker": null}, {"text": "audio", "start": 816, "end": 1016, "confidence": 0.99085, "speaker": null}, {"text": "that", "start": 1048, "end": 1240, "confidence": 0.99995, "speaker": null}, {"text": "I'm", "start": 1280, "end": 1448, "confidence": 0.97456, "speaker": null}, {"text": "recording", "start": 1464, "end": 1784, "confidence": 0.90988, "speaker": null}, {"text": "for", "start": 1832, "end": 1992, "confidence": 0.99997, "speaker": null}, {"text": "the", "start": 2016, "end": 2152, "confidence": 0.99999, "speaker": null}, {"text": "website", "start": 2176, "end": 2744, "confidence": 0.99992, "speaker": null}, {"text": "sentiment", "start": 2912, "end": 3656, "confidence": 0.42805, "speaker": null}, {"text": "analyzer.", "start": 3688, "end": 4200, "confidence": 0.88025, "speaker": null}], "utterances": null, "confidence": 0.93195, "audio_duration": 6, "punctuate": true, "format_text": true, "dual_channel": null, "webhook_url": null, "webhook_status_code": null, "webhook_auth": false, "webhook_auth_header_name": null, "speed_boost": false, "auto_highlights_result": null, "auto_highlights": false, "audio_start_from": null, "audio_end_at": null, "word_boost": [], "boost_param": null, "prompt": null, "keyterms_prompt": [], "filter_profanity": false, "redact_pii": false, "redact_pii_audio": false, "redact_pii_audio_quality": null, "redact_pii_policies": null, "redact_pii_sub": null, "speaker_labels": false, "content_safety": false, "iab_categories": false, "content_safety_labels": {"status": "unavailable", "results": [], "summary": {}}, "iab_categories_result": {"status": "unavailable", "results": [], "summary": {}}, "language_detection": false, "language_confidence_threshold": null, "language_confidence": null, "custom_spelling": null, "throttled": false, "auto_chapters": false, "summarization": false, "summary_type": null, "summary_model": null, "custom_topics": false, "topics": [], "speech_threshold": null, "speech_model": null, "chapters": null, "disfluencies": false, "entity_detection": false, "sentiment_analysis": false, "sentiment_analysis_results": null, "entities": null, "speakers_expected": null, "summary": null, "custom_topics_results": null, "is_deleted": null, "multichannel": null, "project_id": 546162, "token_id": 547942}
[2025-04-29 11:45:49] Transcription completed successfully
[2025-04-29 11:45:49] Transcription results received: {"id":"1797646c-d147-4a2e-9ed9-d364b24f2fe1","language_model":"assemblyai_default","acoustic_model":"assemblyai_default","language_code":"en_us","status":"completed","audio_url":"https:\/\/cdn.assemblyai.com\/upload\/182d56fb-8da2-4322-8e65-c6a6c345d276","text":"This is the audio that I'm recording for the website sentiment analyzer.","words":[{"text":"This","start":480,"end":592,"confidence":0.99999000000000004551026222543441690504550933837890625,"speaker":null},{"text":"is","start":592,"end":680,"confidence":1,"speaker":null},{"text":"the","start":680,"end":800,"confidence":0.99999000000000004551026222543441690504550933837890625,"speaker":null},{"text":"audio","start":816,"end":1016,"confidence":0.9908500000000000085265128291212022304534912109375,"speaker":null},{"text":"that","start":1048,"end":1240,"confidence":0.99995000000000000550670620214077644050121307373046875,"speaker":null},{"text":"I'm","start":1280,"end":1448,"confidence":0.97455999999999998184563310132944025099277496337890625,"speaker":null},{"text":"recording","start":1464,"end":1784,"confidence":0.9098800000000000220978790821391157805919647216796875,"speaker":null},{"text":"for","start":1832,"end":1992,"confidence":0.9999700000000000255084842137875966727733612060546875,"speaker":null},{"text":"the","start":2016,"end":2152,"confidence":0.99999000000000004551026222543441690504550933837890625,"speaker":null},{"text":"website","start":2176,"end":2744,"confidence":0.99992000000000003101519041592837311327457427978515625,"speaker":null},{"text":"sentiment","start":2912,"end":3656,"confidence":0.428049999999999986055598810708033852279186248779296875,"speaker":null},{"text":"analyzer.","start":3688,"end":4200,"confidence":0.8802499999999999769073610877967439591884613037109375,"speaker":null}],"utterances":null,"confidence":0.93194999999999994511057366253226064145565032958984375,"audio_duration":6,"punctuate":true,"format_text":true,"dual_channel":null,"webhook_url":null,"webhook_status_code":null,"webhook_auth":false,"webhook_auth_header_name":null,"speed_boost":false,"auto_highlights_result":null,"auto_highlights":false,"audio_start_from":null,"audio_end_at":null,"word_boost":[],"boost_param":null,"prompt":null,"keyterms_prompt":[],"filter_profanity":false,"redact_pii":false,"redact_pii_audio":false,"redact_pii_audio_quality":null,"redact_pii_policies":null,"redact_pii_sub":null,"speaker_labels":false,"content_safety":false,"iab_categories":false,"content_safety_labels":{"status":"unavailable","results":[],"summary":[]},"iab_categories_result":{"status":"unavailable","results":[],"summary":[]},"language_detection":false,"language_confidence_threshold":null,"language_confidence":null,"custom_spelling":null,"throttled":false,"auto_chapters":false,"summarization":false,"summary_type":null,"summary_model":null,"custom_topics":false,"topics":[],"speech_threshold":null,"speech_model":null,"chapters":null,"disfluencies":false,"entity_detection":false,"sentiment_analysis":false,"sentiment_analysis_results":null,"entities":null,"speakers_expected":null,"summary":null,"custom_topics_results":null,"is_deleted":null,"multichannel":null,"project_id":546162,"token_id":547942}
[2025-04-29 11:46:01] API key found in .env file
[2025-04-29 11:46:01] === Starting AssemblyAI Upload ===
[2025-04-29 11:46:01] Audio file path: uploads/recording_1745919961.wav
[2025-04-29 11:46:01] Detected MIME type: audio/wav
[2025-04-29 11:46:01] Sending file to AssemblyAI upload endpoint...
[2025-04-29 11:46:03] HTTP Response Code: 200
[2025-04-29 11:46:03] Raw Response: {"upload_url":"https://cdn.assemblyai.com/upload/cff9a125-667c-44a3-8f02-99c562a69d2b"}

[2025-04-29 11:46:03] Upload URL received: https://cdn.assemblyai.com/upload/cff9a125-667c-44a3-8f02-99c562a69d2b
[2025-04-29 11:46:03] Starting transcription job...
[2025-04-29 11:46:03] Request body: {"audio_url":"https:\/\/cdn.assemblyai.com\/upload\/cff9a125-667c-44a3-8f02-99c562a69d2b"}
[2025-04-29 11:46:05] HTTP Response Code: 200
[2025-04-29 11:46:05] Raw Response: {"id": "0cb139a1-5518-4710-bd9f-0002fe58cb6c", "language_model": "assemblyai_default", "acoustic_model": "assemblyai_default", "language_code": "en_us", "status": "queued", "audio_url": "https://cdn.assemblyai.com/upload/cff9a125-667c-44a3-8f02-99c562a69d2b", "text": null, "words": null, "utterances": null, "confidence": null, "audio_duration": null, "punctuate": true, "format_text": true, "dual_channel": null, "webhook_url": null, "webhook_status_code": null, "webhook_auth": false, "webhook_auth_header_name": null, "speed_boost": false, "auto_highlights_result": null, "auto_highlights": false, "audio_start_from": null, "audio_end_at": null, "word_boost": [], "boost_param": null, "prompt": null, "keyterms_prompt": null, "filter_profanity": false, "redact_pii": false, "redact_pii_audio": false, "redact_pii_audio_quality": null, "redact_pii_policies": null, "redact_pii_sub": null, "speaker_labels": false, "content_safety": false, "iab_categories": false, "content_safety_labels": {}, "iab_categories_result": {}, "language_detection": false, "language_confidence_threshold": null, "language_confidence": null, "custom_spelling": null, "throttled": false, "auto_chapters": false, "summarization": false, "summary_type": null, "summary_model": null, "custom_topics": false, "topics": [], "speech_threshold": null, "speech_model": null, "chapters": null, "disfluencies": false, "entity_detection": false, "sentiment_analysis": false, "sentiment_analysis_results": null, "entities": null, "speakers_expected": null, "summary": null, "custom_topics_results": null, "is_deleted": null, "multichannel": null, "project_id": 546162, "token_id": 547942}
[2025-04-29 11:46:05] === Checking Transcription Status ===
[2025-04-29 11:46:05] Transcript ID: 0cb139a1-5518-4710-bd9f-0002fe58cb6c
[2025-04-29 11:46:06] cURL verbose output: * Hostname api.assemblyai.com was found in DNS cache
*   Trying 44.238.42.242...
* TCP_NODELAY set
* Connected to api.assemblyai.com (44.238.42.242) port 443 (#0)
* ALPN, offering http/1.1
* Cipher selection: ALL:!EXPORT:!EXPORT40:!EXPORT56:!aNULL:!LOW:!RC4:@STRENGTH
* successfully set certificate verify locations:
*   CAfile: /Applications/XAMPP/xamppfiles/share/curl/curl-ca-bundle.crt
  CApath: none
* SSL connection using TLSv1.3 / TLS_AES_128_GCM_SHA256
* ALPN, server accepted to use http/1.1
* Server certificate:
*  subject: CN=*.assemblyai.com
*  start date: Jun 15 00:00:00 2024 GMT
*  expire date: Jul 14 23:59:59 2025 GMT
*  subjectAltName: host "api.assemblyai.com" matched cert's "*.assemblyai.com"
*  issuer: C=US; O=Amazon; CN=Amazon RSA 2048 M02
*  SSL certificate verify ok.
> GET /v2/transcript/0cb139a1-5518-4710-bd9f-0002fe58cb6c HTTP/1.1
Host: api.assemblyai.com
Accept: */*
authorization: 7da2fc6e2f084d17a6696d5e67395bad

< HTTP/1.1 200 OK
< Date: Tue, 29 Apr 2025 09:46:06 GMT
< Content-Type: application/json; charset=UTF-8
< Content-Length: 2105
< Connection: keep-alive
< Set-Cookie: AWSALBTG=b0mojp1/AsmsSj5Hsxlj840fcXFpA4HDbXUsiJC3EMluSxcW8V+lmMBlA/oXliq4jwgYPXFt61ORm3M/sJqDgkmFgG/mNwdXoowhR8l4YJmGTyYxOTwv1IXAaL2IRRT+ZgPWYR1mbdrqANdwde2SkgLcwfdR3Yg6Dts0uIu4qIev; Expires=Tue, 06 May 2025 09:46:06 GMT; Path=/
< Set-Cookie: AWSALBTGCORS=b0mojp1/AsmsSj5Hsxlj840fcXFpA4HDbXUsiJC3EMluSxcW8V+lmMBlA/oXliq4jwgYPXFt61ORm3M/sJqDgkmFgG/mNwdXoowhR8l4YJmGTyYxOTwv1IXAaL2IRRT+ZgPWYR1mbdrqANdwde2SkgLcwfdR3Yg6Dts0uIu4qIev; Expires=Tue, 06 May 2025 09:46:06 GMT; Path=/; SameSite=None; Secure
< Set-Cookie: AWSALB=F5zq2gOBOVSKASzckhj5Euo6UZ4C5NluCe805XX/PG9cB9FwL3ima+0qVz6jxVyv9XXFBOzzMSD1sLQDgF3lksG03uYGvvLw+maqtiBI+15UCaFKfYQxByOEdVB0; Expires=Tue, 06 May 2025 09:46:06 GMT; Path=/
< Set-Cookie: AWSALBCORS=F5zq2gOBOVSKASzckhj5Euo6UZ4C5NluCe805XX/PG9cB9FwL3ima+0qVz6jxVyv9XXFBOzzMSD1sLQDgF3lksG03uYGvvLw+maqtiBI+15UCaFKfYQxByOEdVB0; Expires=Tue, 06 May 2025 09:46:06 GMT; Path=/; SameSite=None; Secure
< Access-Control-Allow-Origin: *
< Access-Control-Allow-Headers: Content-Type, Authorization, X-Requested-With, User-Agent, AssemblyAI-Agent
< Access-Control-Allow-Methods: POST, PUT, GET, OPTIONS
< Strict-Transport-Security: max-age=31536000; includeSubDomains; preload
< Etag: "e0a773e7c9c9831892a48ed2c5a16eb2a51cd037"
< 
* Connection #0 to host api.assemblyai.com left intact

[2025-04-29 11:46:06] HTTP Response Code: 200
[2025-04-29 11:46:06] Response: {"id": "0cb139a1-5518-4710-bd9f-0002fe58cb6c", "language_model": "assemblyai_default", "acoustic_model": "assemblyai_default", "language_code": "en_us", "status": "completed", "audio_url": "https://cdn.assemblyai.com/upload/cff9a125-667c-44a3-8f02-99c562a69d2b", "text": "I am very sad.", "words": [{"text": "I", "start": 720, "end": 880, "confidence": 0.99667, "speaker": null}, {"text": "am", "start": 880, "end": 1080, "confidence": 0.99875, "speaker": null}, {"text": "very", "start": 1120, "end": 1320, "confidence": 0.99986, "speaker": null}, {"text": "sad.", "start": 1360, "end": 1560, "confidence": 0.9994, "speaker": null}], "utterances": null, "confidence": 0.99867, "audio_duration": 5, "punctuate": true, "format_text": true, "dual_channel": null, "webhook_url": null, "webhook_status_code": null, "webhook_auth": false, "webhook_auth_header_name": null, "speed_boost": false, "auto_highlights_result": null, "auto_highlights": false, "audio_start_from": null, "audio_end_at": null, "word_boost": [], "boost_param": null, "prompt": null, "keyterms_prompt": [], "filter_profanity": false, "redact_pii": false, "redact_pii_audio": false, "redact_pii_audio_quality": null, "redact_pii_policies": null, "redact_pii_sub": null, "speaker_labels": false, "content_safety": false, "iab_categories": false, "content_safety_labels": {"status": "unavailable", "results": [], "summary": {}}, "iab_categories_result": {"status": "unavailable", "results": [], "summary": {}}, "language_detection": false, "language_confidence_threshold": null, "language_confidence": null, "custom_spelling": null, "throttled": false, "auto_chapters": false, "summarization": false, "summary_type": null, "summary_model": null, "custom_topics": false, "topics": [], "speech_threshold": null, "speech_model": null, "chapters": null, "disfluencies": false, "entity_detection": false, "sentiment_analysis": false, "sentiment_analysis_results": null, "entities": null, "speakers_expected": null, "summary": null, "custom_topics_results": null, "is_deleted": null, "multichannel": null, "project_id": 546162, "token_id": 547942}
[2025-04-29 11:46:06] Transcription completed successfully
[2025-04-29 11:46:17] API key found in .env file
[2025-04-29 11:46:17] === Starting AssemblyAI Upload ===
[2025-04-29 11:46:17] Audio file path: uploads/recording_1745919977.wav
[2025-04-29 11:46:17] Detected MIME type: audio/wav
[2025-04-29 11:46:17] Sending file to AssemblyAI upload endpoint...
[2025-04-29 11:46:18] HTTP Response Code: 200
[2025-04-29 11:46:18] Raw Response: {"upload_url":"https://cdn.assemblyai.com/upload/38f56fec-96e7-401e-aeec-97b9c47f13c1"}

[2025-04-29 11:46:18] Upload URL received: https://cdn.assemblyai.com/upload/38f56fec-96e7-401e-aeec-97b9c47f13c1
[2025-04-29 11:46:18] Starting transcription job...
[2025-04-29 11:46:18] Request body: {"audio_url":"https:\/\/cdn.assemblyai.com\/upload\/38f56fec-96e7-401e-aeec-97b9c47f13c1"}
[2025-04-29 11:46:20] HTTP Response Code: 200
[2025-04-29 11:46:20] Raw Response: {"id": "b35e71b1-4eee-4e86-8a86-74f736ae225c", "language_model": "assemblyai_default", "acoustic_model": "assemblyai_default", "language_code": "en_us", "status": "queued", "audio_url": "https://cdn.assemblyai.com/upload/38f56fec-96e7-401e-aeec-97b9c47f13c1", "text": null, "words": null, "utterances": null, "confidence": null, "audio_duration": null, "punctuate": true, "format_text": true, "dual_channel": null, "webhook_url": null, "webhook_status_code": null, "webhook_auth": false, "webhook_auth_header_name": null, "speed_boost": false, "auto_highlights_result": null, "auto_highlights": false, "audio_start_from": null, "audio_end_at": null, "word_boost": [], "boost_param": null, "prompt": null, "keyterms_prompt": null, "filter_profanity": false, "redact_pii": false, "redact_pii_audio": false, "redact_pii_audio_quality": null, "redact_pii_policies": null, "redact_pii_sub": null, "speaker_labels": false, "content_safety": false, "iab_categories": false, "content_safety_labels": {}, "iab_categories_result": {}, "language_detection": false, "language_confidence_threshold": null, "language_confidence": null, "custom_spelling": null, "throttled": false, "auto_chapters": false, "summarization": false, "summary_type": null, "summary_model": null, "custom_topics": false, "topics": [], "speech_threshold": null, "speech_model": null, "chapters": null, "disfluencies": false, "entity_detection": false, "sentiment_analysis": false, "sentiment_analysis_results": null, "entities": null, "speakers_expected": null, "summary": null, "custom_topics_results": null, "is_deleted": null, "multichannel": null, "project_id": 546162, "token_id": 547942}
[2025-04-29 11:46:20] === Checking Transcription Status ===
[2025-04-29 11:46:20] Transcript ID: b35e71b1-4eee-4e86-8a86-74f736ae225c
[2025-04-29 11:46:21] cURL verbose output: * Hostname api.assemblyai.com was found in DNS cache
*   Trying 44.238.42.242...
* TCP_NODELAY set
* Connected to api.assemblyai.com (44.238.42.242) port 443 (#0)
* ALPN, offering http/1.1
* Cipher selection: ALL:!EXPORT:!EXPORT40:!EXPORT56:!aNULL:!LOW:!RC4:@STRENGTH
* successfully set certificate verify locations:
*   CAfile: /Applications/XAMPP/xamppfiles/share/curl/curl-ca-bundle.crt
  CApath: none
* SSL connection using TLSv1.3 / TLS_AES_128_GCM_SHA256
* ALPN, server accepted to use http/1.1
* Server certificate:
*  subject: CN=*.assemblyai.com
*  start date: Jun 15 00:00:00 2024 GMT
*  expire date: Jul 14 23:59:59 2025 GMT
*  subjectAltName: host "api.assemblyai.com" matched cert's "*.assemblyai.com"
*  issuer: C=US; O=Amazon; CN=Amazon RSA 2048 M02
*  SSL certificate verify ok.
> GET /v2/transcript/b35e71b1-4eee-4e86-8a86-74f736ae225c HTTP/1.1
Host: api.assemblyai.com
Accept: */*
authorization: 7da2fc6e2f084d17a6696d5e67395bad

< HTTP/1.1 200 OK
< Date: Tue, 29 Apr 2025 09:46:21 GMT
< Content-Type: application/json; charset=UTF-8
< Content-Length: 2115
< Connection: keep-alive
< Set-Cookie: AWSALBTG=YnZ2X62HeQcJULdB+XWG1klEOs8UwTVfJh/OLGlFYnOlrhRmZtXeE2a0lSs4I+aeAK4Hb9pRJJMHSipKsO8VNkoS4/WQTgC0SsIK52NzAVq6jPCIASbDHG4j3f0S56dI6zitMcN4sLYXdIuQFsOv3iyoDOztNRKDasJJ6O93Azm8; Expires=Tue, 06 May 2025 09:46:21 GMT; Path=/
< Set-Cookie: AWSALBTGCORS=YnZ2X62HeQcJULdB+XWG1klEOs8UwTVfJh/OLGlFYnOlrhRmZtXeE2a0lSs4I+aeAK4Hb9pRJJMHSipKsO8VNkoS4/WQTgC0SsIK52NzAVq6jPCIASbDHG4j3f0S56dI6zitMcN4sLYXdIuQFsOv3iyoDOztNRKDasJJ6O93Azm8; Expires=Tue, 06 May 2025 09:46:21 GMT; Path=/; SameSite=None; Secure
< Set-Cookie: AWSALB=9F4BolX2e8TE/PjLYk+gHzeQuVU1zsSpnAtW6LCYLbvHVyYJ27yiDcCdO62kldDzO18LSQztB2YTybVjpKApE0YnjQglOawd6cfjb2XRb/1ZOi41sFA5UFo5721Q; Expires=Tue, 06 May 2025 09:46:21 GMT; Path=/
< Set-Cookie: AWSALBCORS=9F4BolX2e8TE/PjLYk+gHzeQuVU1zsSpnAtW6LCYLbvHVyYJ27yiDcCdO62kldDzO18LSQztB2YTybVjpKApE0YnjQglOawd6cfjb2XRb/1ZOi41sFA5UFo5721Q; Expires=Tue, 06 May 2025 09:46:21 GMT; Path=/; SameSite=None; Secure
< Access-Control-Allow-Origin: *
< Access-Control-Allow-Headers: Content-Type, Authorization, X-Requested-With, User-Agent, AssemblyAI-Agent
< Access-Control-Allow-Methods: POST, PUT, GET, OPTIONS
< Strict-Transport-Security: max-age=31536000; includeSubDomains; preload
< Etag: "2dd3c56b39d7a40d7edeebb80c66f8c6b69e3d9d"
< 
* Connection #0 to host api.assemblyai.com left intact

[2025-04-29 11:46:21] HTTP Response Code: 200
[2025-04-29 11:46:21] Response: {"id": "b35e71b1-4eee-4e86-8a86-74f736ae225c", "language_model": "assemblyai_default", "acoustic_model": "assemblyai_default", "language_code": "en_us", "status": "completed", "audio_url": "https://cdn.assemblyai.com/upload/38f56fec-96e7-401e-aeec-97b9c47f13c1", "text": "What have you done?", "words": [{"text": "What", "start": 560, "end": 720, "confidence": 0.99978, "speaker": null}, {"text": "have", "start": 720, "end": 872, "confidence": 0.99934, "speaker": null}, {"text": "you", "start": 896, "end": 1032, "confidence": 0.99933, "speaker": null}, {"text": "done?", "start": 1056, "end": 1120, "confidence": 0.99921, "speaker": null}], "utterances": null, "confidence": 0.999415, "audio_duration": 3, "punctuate": true, "format_text": true, "dual_channel": null, "webhook_url": null, "webhook_status_code": null, "webhook_auth": false, "webhook_auth_header_name": null, "speed_boost": false, "auto_highlights_result": null, "auto_highlights": false, "audio_start_from": null, "audio_end_at": null, "word_boost": [], "boost_param": null, "prompt": null, "keyterms_prompt": [], "filter_profanity": false, "redact_pii": false, "redact_pii_audio": false, "redact_pii_audio_quality": null, "redact_pii_policies": null, "redact_pii_sub": null, "speaker_labels": false, "content_safety": false, "iab_categories": false, "content_safety_labels": {"status": "unavailable", "results": [], "summary": {}}, "iab_categories_result": {"status": "unavailable", "results": [], "summary": {}}, "language_detection": false, "language_confidence_threshold": null, "language_confidence": null, "custom_spelling": null, "throttled": false, "auto_chapters": false, "summarization": false, "summary_type": null, "summary_model": null, "custom_topics": false, "topics": [], "speech_threshold": null, "speech_model": null, "chapters": null, "disfluencies": false, "entity_detection": false, "sentiment_analysis": false, "sentiment_analysis_results": null, "entities": null, "speakers_expected": null, "summary": null, "custom_topics_results": null, "is_deleted": null, "multichannel": null, "project_id": 546162, "token_id": 547942}
[2025-04-29 11:46:21] Transcription completed successfully
[2025-04-29 11:51:45] API key found in .env file
[2025-04-29 11:51:45] === Starting AssemblyAI Upload ===
[2025-04-29 11:51:45] Audio file path: uploads/1745920305_WhatsApp Audio 2025-04-24 at 2.08.05 PM.mpeg.wav
[2025-04-29 11:51:45] Detected MIME type: audio/wav
[2025-04-29 11:51:45] Sending file to AssemblyAI upload endpoint...
[2025-04-29 11:51:51] HTTP Response Code: 200
[2025-04-29 11:51:51] Raw Response: {"upload_url":"https://cdn.assemblyai.com/upload/466d1816-7287-46a4-89b8-6c368f582768"}

[2025-04-29 11:51:51] Upload URL received: https://cdn.assemblyai.com/upload/466d1816-7287-46a4-89b8-6c368f582768
[2025-04-29 11:51:51] Starting transcription job...
[2025-04-29 11:51:51] Request body: {"audio_url":"https:\/\/cdn.assemblyai.com\/upload\/466d1816-7287-46a4-89b8-6c368f582768"}
[2025-04-29 11:51:52] HTTP Response Code: 200
[2025-04-29 11:51:52] Raw Response: {"id": "af5c716f-e04f-45a7-b972-319ec6b90d9a", "language_model": "assemblyai_default", "acoustic_model": "assemblyai_default", "language_code": "en_us", "status": "queued", "audio_url": "https://cdn.assemblyai.com/upload/466d1816-7287-46a4-89b8-6c368f582768", "text": null, "words": null, "utterances": null, "confidence": null, "audio_duration": null, "punctuate": true, "format_text": true, "dual_channel": null, "webhook_url": null, "webhook_status_code": null, "webhook_auth": false, "webhook_auth_header_name": null, "speed_boost": false, "auto_highlights_result": null, "auto_highlights": false, "audio_start_from": null, "audio_end_at": null, "word_boost": [], "boost_param": null, "prompt": null, "keyterms_prompt": null, "filter_profanity": false, "redact_pii": false, "redact_pii_audio": false, "redact_pii_audio_quality": null, "redact_pii_policies": null, "redact_pii_sub": null, "speaker_labels": false, "content_safety": false, "iab_categories": false, "content_safety_labels": {}, "iab_categories_result": {}, "language_detection": false, "language_confidence_threshold": null, "language_confidence": null, "custom_spelling": null, "throttled": false, "auto_chapters": false, "summarization": false, "summary_type": null, "summary_model": null, "custom_topics": false, "topics": [], "speech_threshold": null, "speech_model": null, "chapters": null, "disfluencies": false, "entity_detection": false, "sentiment_analysis": false, "sentiment_analysis_results": null, "entities": null, "speakers_expected": null, "summary": null, "custom_topics_results": null, "is_deleted": null, "multichannel": null, "project_id": 546162, "token_id": 547942}
[2025-04-29 11:51:52] Attempting to get transcription results for ID: af5c716f-e04f-45a7-b972-319ec6b90d9a
[2025-04-29 11:51:52] === Checking Transcription Status ===
[2025-04-29 11:51:52] Transcript ID: af5c716f-e04f-45a7-b972-319ec6b90d9a
[2025-04-29 11:51:54] cURL verbose output: * Hostname api.assemblyai.com was found in DNS cache
*   Trying 34.214.32.69...
* TCP_NODELAY set
* Connected to api.assemblyai.com (34.214.32.69) port 443 (#0)
* ALPN, offering http/1.1
* Cipher selection: ALL:!EXPORT:!EXPORT40:!EXPORT56:!aNULL:!LOW:!RC4:@STRENGTH
* successfully set certificate verify locations:
*   CAfile: /Applications/XAMPP/xamppfiles/share/curl/curl-ca-bundle.crt
  CApath: none
* SSL connection using TLSv1.3 / TLS_AES_128_GCM_SHA256
* ALPN, server accepted to use http/1.1
* Server certificate:
*  subject: CN=*.assemblyai.com
*  start date: Jun 15 00:00:00 2024 GMT
*  expire date: Jul 14 23:59:59 2025 GMT
*  subjectAltName: host "api.assemblyai.com" matched cert's "*.assemblyai.com"
*  issuer: C=US; O=Amazon; CN=Amazon RSA 2048 M02
*  SSL certificate verify ok.
> GET /v2/transcript/af5c716f-e04f-45a7-b972-319ec6b90d9a HTTP/1.1
Host: api.assemblyai.com
Accept: */*
authorization: 7da2fc6e2f084d17a6696d5e67395bad

< HTTP/1.1 200 OK
< Date: Tue, 29 Apr 2025 09:51:54 GMT
< Content-Type: application/json; charset=UTF-8
< Content-Length: 2862
< Connection: keep-alive
< Set-Cookie: AWSALBTG=ZZsQ2w3iG4mRmAAm+1k3+imVCwMcIwH8ywaQyaapSnBis5CXzx9dViGI7437iqN4ahBG2kqUX9ADN0TXsTT1MYy9JT4ZFw6aNyHca/PuEGBf7lOts9NGjWHcdw3w/NsTpqi8XMmSX1J95d+vhr4Yx/EOcaSgu/qAMXBwd3pRQpbR; Expires=Tue, 06 May 2025 09:51:53 GMT; Path=/
< Set-Cookie: AWSALBTGCORS=ZZsQ2w3iG4mRmAAm+1k3+imVCwMcIwH8ywaQyaapSnBis5CXzx9dViGI7437iqN4ahBG2kqUX9ADN0TXsTT1MYy9JT4ZFw6aNyHca/PuEGBf7lOts9NGjWHcdw3w/NsTpqi8XMmSX1J95d+vhr4Yx/EOcaSgu/qAMXBwd3pRQpbR; Expires=Tue, 06 May 2025 09:51:53 GMT; Path=/; SameSite=None; Secure
< Set-Cookie: AWSALB=5xJTf5AqrD5dvvXJXxypE7JSN1wSFtBzNrnu7WzK9YxKrVApGVW86tHmMyxHP4Q/j/aLlgXL9azbDqZq2MDJbScycBJ7kbnoIvGJYdbNzrtyAwoi+GQ7dk4wShUq; Expires=Tue, 06 May 2025 09:51:53 GMT; Path=/
< Set-Cookie: AWSALBCORS=5xJTf5AqrD5dvvXJXxypE7JSN1wSFtBzNrnu7WzK9YxKrVApGVW86tHmMyxHP4Q/j/aLlgXL9azbDqZq2MDJbScycBJ7kbnoIvGJYdbNzrtyAwoi+GQ7dk4wShUq; Expires=Tue, 06 May 2025 09:51:53 GMT; Path=/; SameSite=None; Secure
< Access-Control-Allow-Origin: *
< Access-Control-Allow-Headers: Content-Type, Authorization, X-Requested-With, User-Agent, AssemblyAI-Agent
< Access-Control-Allow-Methods: POST, PUT, GET, OPTIONS
< Strict-Transport-Security: max-age=31536000; includeSubDomains; preload
< Etag: "35035d9c199479cd294519d2ee5a10ac93cf37e8"
< 
* Connection #0 to host api.assemblyai.com left intact

[2025-04-29 11:51:54] HTTP Response Code: 200
[2025-04-29 11:51:54] Response: {"id": "af5c716f-e04f-45a7-b972-319ec6b90d9a", "language_model": "assemblyai_default", "acoustic_model": "assemblyai_default", "language_code": "en_us", "status": "completed", "audio_url": "https://cdn.assemblyai.com/upload/466d1816-7287-46a4-89b8-6c368f582768", "text": "This is the audio that I'm recording for the website sentiment analyzer.", "words": [{"text": "This", "start": 480, "end": 592, "confidence": 0.99999, "speaker": null}, {"text": "is", "start": 592, "end": 680, "confidence": 1.0, "speaker": null}, {"text": "the", "start": 680, "end": 800, "confidence": 0.99999, "speaker": null}, {"text": "audio", "start": 816, "end": 1016, "confidence": 0.99085, "speaker": null}, {"text": "that", "start": 1048, "end": 1240, "confidence": 0.99995, "speaker": null}, {"text": "I'm", "start": 1280, "end": 1448, "confidence": 0.97456, "speaker": null}, {"text": "recording", "start": 1464, "end": 1784, "confidence": 0.90988, "speaker": null}, {"text": "for", "start": 1832, "end": 1992, "confidence": 0.99997, "speaker": null}, {"text": "the", "start": 2016, "end": 2152, "confidence": 0.99999, "speaker": null}, {"text": "website", "start": 2176, "end": 2744, "confidence": 0.99992, "speaker": null}, {"text": "sentiment", "start": 2912, "end": 3656, "confidence": 0.42805, "speaker": null}, {"text": "analyzer.", "start": 3688, "end": 4200, "confidence": 0.88025, "speaker": null}], "utterances": null, "confidence": 0.93195, "audio_duration": 6, "punctuate": true, "format_text": true, "dual_channel": null, "webhook_url": null, "webhook_status_code": null, "webhook_auth": false, "webhook_auth_header_name": null, "speed_boost": false, "auto_highlights_result": null, "auto_highlights": false, "audio_start_from": null, "audio_end_at": null, "word_boost": [], "boost_param": null, "prompt": null, "keyterms_prompt": [], "filter_profanity": false, "redact_pii": false, "redact_pii_audio": false, "redact_pii_audio_quality": null, "redact_pii_policies": null, "redact_pii_sub": null, "speaker_labels": false, "content_safety": false, "iab_categories": false, "content_safety_labels": {"status": "unavailable", "results": [], "summary": {}}, "iab_categories_result": {"status": "unavailable", "results": [], "summary": {}}, "language_detection": false, "language_confidence_threshold": null, "language_confidence": null, "custom_spelling": null, "throttled": false, "auto_chapters": false, "summarization": false, "summary_type": null, "summary_model": null, "custom_topics": false, "topics": [], "speech_threshold": null, "speech_model": null, "chapters": null, "disfluencies": false, "entity_detection": false, "sentiment_analysis": false, "sentiment_analysis_results": null, "entities": null, "speakers_expected": null, "summary": null, "custom_topics_results": null, "is_deleted": null, "multichannel": null, "project_id": 546162, "token_id": 547942}
[2025-04-29 11:51:54] Transcription completed successfully
[2025-04-29 11:51:54] Transcription results received: {"id":"af5c716f-e04f-45a7-b972-319ec6b90d9a","language_model":"assemblyai_default","acoustic_model":"assemblyai_default","language_code":"en_us","status":"completed","audio_url":"https:\/\/cdn.assemblyai.com\/upload\/466d1816-7287-46a4-89b8-6c368f582768","text":"This is the audio that I'm recording for the website sentiment analyzer.","words":[{"text":"This","start":480,"end":592,"confidence":0.99999000000000004551026222543441690504550933837890625,"speaker":null},{"text":"is","start":592,"end":680,"confidence":1,"speaker":null},{"text":"the","start":680,"end":800,"confidence":0.99999000000000004551026222543441690504550933837890625,"speaker":null},{"text":"audio","start":816,"end":1016,"confidence":0.9908500000000000085265128291212022304534912109375,"speaker":null},{"text":"that","start":1048,"end":1240,"confidence":0.99995000000000000550670620214077644050121307373046875,"speaker":null},{"text":"I'm","start":1280,"end":1448,"confidence":0.97455999999999998184563310132944025099277496337890625,"speaker":null},{"text":"recording","start":1464,"end":1784,"confidence":0.9098800000000000220978790821391157805919647216796875,"speaker":null},{"text":"for","start":1832,"end":1992,"confidence":0.9999700000000000255084842137875966727733612060546875,"speaker":null},{"text":"the","start":2016,"end":2152,"confidence":0.99999000000000004551026222543441690504550933837890625,"speaker":null},{"text":"website","start":2176,"end":2744,"confidence":0.99992000000000003101519041592837311327457427978515625,"speaker":null},{"text":"sentiment","start":2912,"end":3656,"confidence":0.428049999999999986055598810708033852279186248779296875,"speaker":null},{"text":"analyzer.","start":3688,"end":4200,"confidence":0.8802499999999999769073610877967439591884613037109375,"speaker":null}],"utterances":null,"confidence":0.93194999999999994511057366253226064145565032958984375,"audio_duration":6,"punctuate":true,"format_text":true,"dual_channel":null,"webhook_url":null,"webhook_status_code":null,"webhook_auth":false,"webhook_auth_header_name":null,"speed_boost":false,"auto_highlights_result":null,"auto_highlights":false,"audio_start_from":null,"audio_end_at":null,"word_boost":[],"boost_param":null,"prompt":null,"keyterms_prompt":[],"filter_profanity":false,"redact_pii":false,"redact_pii_audio":false,"redact_pii_audio_quality":null,"redact_pii_policies":null,"redact_pii_sub":null,"speaker_labels":false,"content_safety":false,"iab_categories":false,"content_safety_labels":{"status":"unavailable","results":[],"summary":[]},"iab_categories_result":{"status":"unavailable","results":[],"summary":[]},"language_detection":false,"language_confidence_threshold":null,"language_confidence":null,"custom_spelling":null,"throttled":false,"auto_chapters":false,"summarization":false,"summary_type":null,"summary_model":null,"custom_topics":false,"topics":[],"speech_threshold":null,"speech_model":null,"chapters":null,"disfluencies":false,"entity_detection":false,"sentiment_analysis":false,"sentiment_analysis_results":null,"entities":null,"speakers_expected":null,"summary":null,"custom_topics_results":null,"is_deleted":null,"multichannel":null,"project_id":546162,"token_id":547942}
[2025-04-29 11:55:53] API key found in .env file
[2025-04-29 11:55:53] === Starting AssemblyAI Upload ===
[2025-04-29 11:55:53] Audio file path: uploads/recording_1745920553.wav
[2025-04-29 11:55:53] Detected MIME type: audio/wav
[2025-04-29 11:55:53] Sending file to AssemblyAI upload endpoint...
[2025-04-29 11:56:00] HTTP Response Code: 200
[2025-04-29 11:56:00] Raw Response: {"upload_url":"https://cdn.assemblyai.com/upload/66580d35-019e-4c52-a683-43e21fe52881"}

[2025-04-29 11:56:00] Upload URL received: https://cdn.assemblyai.com/upload/66580d35-019e-4c52-a683-43e21fe52881
[2025-04-29 11:56:00] Starting transcription job...
[2025-04-29 11:56:00] Request body: {"audio_url":"https:\/\/cdn.assemblyai.com\/upload\/66580d35-019e-4c52-a683-43e21fe52881"}
[2025-04-29 11:56:01] HTTP Response Code: 200
[2025-04-29 11:56:01] Raw Response: {"id": "3a92eaeb-4dae-4fd2-954f-f6974ea8d471", "language_model": "assemblyai_default", "acoustic_model": "assemblyai_default", "language_code": "en_us", "status": "queued", "audio_url": "https://cdn.assemblyai.com/upload/66580d35-019e-4c52-a683-43e21fe52881", "text": null, "words": null, "utterances": null, "confidence": null, "audio_duration": null, "punctuate": true, "format_text": true, "dual_channel": null, "webhook_url": null, "webhook_status_code": null, "webhook_auth": false, "webhook_auth_header_name": null, "speed_boost": false, "auto_highlights_result": null, "auto_highlights": false, "audio_start_from": null, "audio_end_at": null, "word_boost": [], "boost_param": null, "prompt": null, "keyterms_prompt": null, "filter_profanity": false, "redact_pii": false, "redact_pii_audio": false, "redact_pii_audio_quality": null, "redact_pii_policies": null, "redact_pii_sub": null, "speaker_labels": false, "content_safety": false, "iab_categories": false, "content_safety_labels": {}, "iab_categories_result": {}, "language_detection": false, "language_confidence_threshold": null, "language_confidence": null, "custom_spelling": null, "throttled": false, "auto_chapters": false, "summarization": false, "summary_type": null, "summary_model": null, "custom_topics": false, "topics": [], "speech_threshold": null, "speech_model": null, "chapters": null, "disfluencies": false, "entity_detection": false, "sentiment_analysis": false, "sentiment_analysis_results": null, "entities": null, "speakers_expected": null, "summary": null, "custom_topics_results": null, "is_deleted": null, "multichannel": null, "project_id": 546162, "token_id": 547942}
[2025-04-29 11:56:01] === Checking Transcription Status ===
[2025-04-29 11:56:01] Transcript ID: 3a92eaeb-4dae-4fd2-954f-f6974ea8d471
[2025-04-29 11:56:02] cURL verbose output: * Hostname api.assemblyai.com was found in DNS cache
*   Trying 44.238.42.242...
* TCP_NODELAY set
* Connected to api.assemblyai.com (44.238.42.242) port 443 (#0)
* ALPN, offering http/1.1
* Cipher selection: ALL:!EXPORT:!EXPORT40:!EXPORT56:!aNULL:!LOW:!RC4:@STRENGTH
* successfully set certificate verify locations:
*   CAfile: /Applications/XAMPP/xamppfiles/share/curl/curl-ca-bundle.crt
  CApath: none
* SSL connection using TLSv1.3 / TLS_AES_128_GCM_SHA256
* ALPN, server accepted to use http/1.1
* Server certificate:
*  subject: CN=*.assemblyai.com
*  start date: Jun 15 00:00:00 2024 GMT
*  expire date: Jul 14 23:59:59 2025 GMT
*  subjectAltName: host "api.assemblyai.com" matched cert's "*.assemblyai.com"
*  issuer: C=US; O=Amazon; CN=Amazon RSA 2048 M02
*  SSL certificate verify ok.
> GET /v2/transcript/3a92eaeb-4dae-4fd2-954f-f6974ea8d471 HTTP/1.1
Host: api.assemblyai.com
Accept: */*
authorization: 7da2fc6e2f084d17a6696d5e67395bad

< HTTP/1.1 200 OK
< Date: Tue, 29 Apr 2025 09:56:02 GMT
< Content-Type: application/json; charset=UTF-8
< Content-Length: 2112
< Connection: keep-alive
< Set-Cookie: AWSALBTG=DA1rwa2oZhB4mU/M5ShY7EGwgeQ5+AVsDmxC0xyx2Cv4mkxvxW74d81aP8Wn26XkpRRuZE6FR5quHMJuKr3JnqvsNVc/d1H8EpQkt2QAFIwja7M6JD8B+QtiDjZL2eWWhedHVH2hKQdQGMT57PINx3iF0KWJvXOCBwBtBSKOo+yy; Expires=Tue, 06 May 2025 09:56:02 GMT; Path=/
< Set-Cookie: AWSALBTGCORS=DA1rwa2oZhB4mU/M5ShY7EGwgeQ5+AVsDmxC0xyx2Cv4mkxvxW74d81aP8Wn26XkpRRuZE6FR5quHMJuKr3JnqvsNVc/d1H8EpQkt2QAFIwja7M6JD8B+QtiDjZL2eWWhedHVH2hKQdQGMT57PINx3iF0KWJvXOCBwBtBSKOo+yy; Expires=Tue, 06 May 2025 09:56:02 GMT; Path=/; SameSite=None; Secure
< Set-Cookie: AWSALB=3K8oa6JDBAv/emdycWRNNHFd3JHbUl2HVyB6saNl586smiui3PAAxM6F1PQJsb6V3f8qsB2dDcH8ptV/ezsjrtFj1xTZkr0Xrqkeha8sKsOMY6SRcID0Td/vFueS; Expires=Tue, 06 May 2025 09:56:02 GMT; Path=/
< Set-Cookie: AWSALBCORS=3K8oa6JDBAv/emdycWRNNHFd3JHbUl2HVyB6saNl586smiui3PAAxM6F1PQJsb6V3f8qsB2dDcH8ptV/ezsjrtFj1xTZkr0Xrqkeha8sKsOMY6SRcID0Td/vFueS; Expires=Tue, 06 May 2025 09:56:02 GMT; Path=/; SameSite=None; Secure
< Access-Control-Allow-Origin: *
< Access-Control-Allow-Headers: Content-Type, Authorization, X-Requested-With, User-Agent, AssemblyAI-Agent
< Access-Control-Allow-Methods: POST, PUT, GET, OPTIONS
< Strict-Transport-Security: max-age=31536000; includeSubDomains; preload
< Etag: "ddd866bca56d3fe964ed035ab6a4e575c9f8d9e6"
< 
* Connection #0 to host api.assemblyai.com left intact

[2025-04-29 11:56:02] HTTP Response Code: 200
[2025-04-29 11:56:02] Response: {"id": "3a92eaeb-4dae-4fd2-954f-f6974ea8d471", "language_model": "assemblyai_default", "acoustic_model": "assemblyai_default", "language_code": "en_us", "status": "completed", "audio_url": "https://cdn.assemblyai.com/upload/66580d35-019e-4c52-a683-43e21fe52881", "text": "I am very happy.", "words": [{"text": "I", "start": 800, "end": 912, "confidence": 0.98286, "speaker": null}, {"text": "am", "start": 912, "end": 1096, "confidence": 0.75153, "speaker": null}, {"text": "very", "start": 1120, "end": 1320, "confidence": 0.99923, "speaker": null}, {"text": "happy.", "start": 1360, "end": 1640, "confidence": 0.99917, "speaker": null}], "utterances": null, "confidence": 0.9331975, "audio_duration": 4, "punctuate": true, "format_text": true, "dual_channel": null, "webhook_url": null, "webhook_status_code": null, "webhook_auth": false, "webhook_auth_header_name": null, "speed_boost": false, "auto_highlights_result": null, "auto_highlights": false, "audio_start_from": null, "audio_end_at": null, "word_boost": [], "boost_param": null, "prompt": null, "keyterms_prompt": [], "filter_profanity": false, "redact_pii": false, "redact_pii_audio": false, "redact_pii_audio_quality": null, "redact_pii_policies": null, "redact_pii_sub": null, "speaker_labels": false, "content_safety": false, "iab_categories": false, "content_safety_labels": {"status": "unavailable", "results": [], "summary": {}}, "iab_categories_result": {"status": "unavailable", "results": [], "summary": {}}, "language_detection": false, "language_confidence_threshold": null, "language_confidence": null, "custom_spelling": null, "throttled": false, "auto_chapters": false, "summarization": false, "summary_type": null, "summary_model": null, "custom_topics": false, "topics": [], "speech_threshold": null, "speech_model": null, "chapters": null, "disfluencies": false, "entity_detection": false, "sentiment_analysis": false, "sentiment_analysis_results": null, "entities": null, "speakers_expected": null, "summary": null, "custom_topics_results": null, "is_deleted": null, "multichannel": null, "project_id": 546162, "token_id": 547942}
[2025-04-29 11:56:02] Transcription completed successfully
[2025-04-29 12:01:52] API key found in .env file
[2025-04-29 12:01:52] === Starting AssemblyAI Upload ===
[2025-04-29 12:01:52] Audio file path: uploads/1745920912_WhatsApp Audio 2025-04-24 at 2.08.05 PM.mpeg.wav
[2025-04-29 12:01:52] Detected MIME type: audio/wav
[2025-04-29 12:01:52] Sending file to AssemblyAI upload endpoint...
[2025-04-29 12:01:58] HTTP Response Code: 200
[2025-04-29 12:01:58] Raw Response: {"upload_url":"https://cdn.assemblyai.com/upload/efecc878-b033-4b55-9254-e40fd7b0d132"}

[2025-04-29 12:01:58] Upload URL received: https://cdn.assemblyai.com/upload/efecc878-b033-4b55-9254-e40fd7b0d132
[2025-04-29 12:01:58] Starting transcription job...
[2025-04-29 12:01:58] Request body: {"audio_url":"https:\/\/cdn.assemblyai.com\/upload\/efecc878-b033-4b55-9254-e40fd7b0d132"}
[2025-04-29 12:01:59] HTTP Response Code: 200
[2025-04-29 12:01:59] Raw Response: {"id": "d288cfd1-45dc-45fe-8c43-32c3cc0c4e41", "language_model": "assemblyai_default", "acoustic_model": "assemblyai_default", "language_code": "en_us", "status": "queued", "audio_url": "https://cdn.assemblyai.com/upload/efecc878-b033-4b55-9254-e40fd7b0d132", "text": null, "words": null, "utterances": null, "confidence": null, "audio_duration": null, "punctuate": true, "format_text": true, "dual_channel": null, "webhook_url": null, "webhook_status_code": null, "webhook_auth": false, "webhook_auth_header_name": null, "speed_boost": false, "auto_highlights_result": null, "auto_highlights": false, "audio_start_from": null, "audio_end_at": null, "word_boost": [], "boost_param": null, "prompt": null, "keyterms_prompt": null, "filter_profanity": false, "redact_pii": false, "redact_pii_audio": false, "redact_pii_audio_quality": null, "redact_pii_policies": null, "redact_pii_sub": null, "speaker_labels": false, "content_safety": false, "iab_categories": false, "content_safety_labels": {}, "iab_categories_result": {}, "language_detection": false, "language_confidence_threshold": null, "language_confidence": null, "custom_spelling": null, "throttled": false, "auto_chapters": false, "summarization": false, "summary_type": null, "summary_model": null, "custom_topics": false, "topics": [], "speech_threshold": null, "speech_model": null, "chapters": null, "disfluencies": false, "entity_detection": false, "sentiment_analysis": false, "sentiment_analysis_results": null, "entities": null, "speakers_expected": null, "summary": null, "custom_topics_results": null, "is_deleted": null, "multichannel": null, "project_id": 546162, "token_id": 547942}
[2025-04-29 12:01:59] Attempting to get transcription results for ID: d288cfd1-45dc-45fe-8c43-32c3cc0c4e41
[2025-04-29 12:01:59] === Checking Transcription Status ===
[2025-04-29 12:01:59] Transcript ID: d288cfd1-45dc-45fe-8c43-32c3cc0c4e41
[2025-04-29 12:02:01] cURL verbose output: * Hostname api.assemblyai.com was found in DNS cache
*   Trying 34.214.32.69...
* TCP_NODELAY set
* Connected to api.assemblyai.com (34.214.32.69) port 443 (#0)
* ALPN, offering http/1.1
* Cipher selection: ALL:!EXPORT:!EXPORT40:!EXPORT56:!aNULL:!LOW:!RC4:@STRENGTH
* successfully set certificate verify locations:
*   CAfile: /Applications/XAMPP/xamppfiles/share/curl/curl-ca-bundle.crt
  CApath: none
* SSL connection using TLSv1.3 / TLS_AES_128_GCM_SHA256
* ALPN, server accepted to use http/1.1
* Server certificate:
*  subject: CN=*.assemblyai.com
*  start date: Jun 15 00:00:00 2024 GMT
*  expire date: Jul 14 23:59:59 2025 GMT
*  subjectAltName: host "api.assemblyai.com" matched cert's "*.assemblyai.com"
*  issuer: C=US; O=Amazon; CN=Amazon RSA 2048 M02
*  SSL certificate verify ok.
> GET /v2/transcript/d288cfd1-45dc-45fe-8c43-32c3cc0c4e41 HTTP/1.1
Host: api.assemblyai.com
Accept: */*
authorization: 7da2fc6e2f084d17a6696d5e67395bad

< HTTP/1.1 200 OK
< Date: Tue, 29 Apr 2025 10:02:01 GMT
< Content-Type: application/json; charset=UTF-8
< Content-Length: 2862
< Connection: keep-alive
< Set-Cookie: AWSALBTG=iKJgYkAt1HdtRHozJ/J4By2KoPcnW72fu4b369Yh2d1G73tSK65D6ylCMcWn8AyMo/gZdF1OubkSK5c59mmzOF1dReK79HREYrGnjUFYFe8+5qSRzgJrSLMLzw8Xw9HfU/zmaVOHH4MP1+fAOCS+tQ7yB5ZQ6aF2eAZqi48fqSwi; Expires=Tue, 06 May 2025 10:02:01 GMT; Path=/
< Set-Cookie: AWSALBTGCORS=iKJgYkAt1HdtRHozJ/J4By2KoPcnW72fu4b369Yh2d1G73tSK65D6ylCMcWn8AyMo/gZdF1OubkSK5c59mmzOF1dReK79HREYrGnjUFYFe8+5qSRzgJrSLMLzw8Xw9HfU/zmaVOHH4MP1+fAOCS+tQ7yB5ZQ6aF2eAZqi48fqSwi; Expires=Tue, 06 May 2025 10:02:01 GMT; Path=/; SameSite=None; Secure
< Set-Cookie: AWSALB=WP8HtcA/iREWnpHXoJ3zZQ7NQv/x11vhmP44IVXja0tBRIk6NNmdaZUtmybOy9SuJENoBX5UTjB3uGUXYycVkwbwkp01oKd4Cf/351ZlD5KAOiXf5X+Gk4qCHWac; Expires=Tue, 06 May 2025 10:02:01 GMT; Path=/
< Set-Cookie: AWSALBCORS=WP8HtcA/iREWnpHXoJ3zZQ7NQv/x11vhmP44IVXja0tBRIk6NNmdaZUtmybOy9SuJENoBX5UTjB3uGUXYycVkwbwkp01oKd4Cf/351ZlD5KAOiXf5X+Gk4qCHWac; Expires=Tue, 06 May 2025 10:02:01 GMT; Path=/; SameSite=None; Secure
< Access-Control-Allow-Origin: *
< Access-Control-Allow-Headers: Content-Type, Authorization, X-Requested-With, User-Agent, AssemblyAI-Agent
< Access-Control-Allow-Methods: POST, PUT, GET, OPTIONS
< Strict-Transport-Security: max-age=31536000; includeSubDomains; preload
< Etag: "87edc41b89987f4c784cb2a27af284be2c253f40"
< 
* Connection #0 to host api.assemblyai.com left intact

[2025-04-29 12:02:01] HTTP Response Code: 200
[2025-04-29 12:02:01] Response: {"id": "d288cfd1-45dc-45fe-8c43-32c3cc0c4e41", "language_model": "assemblyai_default", "acoustic_model": "assemblyai_default", "language_code": "en_us", "status": "completed", "audio_url": "https://cdn.assemblyai.com/upload/efecc878-b033-4b55-9254-e40fd7b0d132", "text": "This is the audio that I'm recording for the website sentiment analyzer.", "words": [{"text": "This", "start": 480, "end": 592, "confidence": 0.99999, "speaker": null}, {"text": "is", "start": 592, "end": 680, "confidence": 1.0, "speaker": null}, {"text": "the", "start": 680, "end": 800, "confidence": 0.99999, "speaker": null}, {"text": "audio", "start": 816, "end": 1016, "confidence": 0.99085, "speaker": null}, {"text": "that", "start": 1048, "end": 1240, "confidence": 0.99995, "speaker": null}, {"text": "I'm", "start": 1280, "end": 1448, "confidence": 0.97456, "speaker": null}, {"text": "recording", "start": 1464, "end": 1784, "confidence": 0.90988, "speaker": null}, {"text": "for", "start": 1832, "end": 1992, "confidence": 0.99997, "speaker": null}, {"text": "the", "start": 2016, "end": 2152, "confidence": 0.99999, "speaker": null}, {"text": "website", "start": 2176, "end": 2744, "confidence": 0.99992, "speaker": null}, {"text": "sentiment", "start": 2912, "end": 3656, "confidence": 0.42805, "speaker": null}, {"text": "analyzer.", "start": 3688, "end": 4200, "confidence": 0.88025, "speaker": null}], "utterances": null, "confidence": 0.93195, "audio_duration": 6, "punctuate": true, "format_text": true, "dual_channel": null, "webhook_url": null, "webhook_status_code": null, "webhook_auth": false, "webhook_auth_header_name": null, "speed_boost": false, "auto_highlights_result": null, "auto_highlights": false, "audio_start_from": null, "audio_end_at": null, "word_boost": [], "boost_param": null, "prompt": null, "keyterms_prompt": [], "filter_profanity": false, "redact_pii": false, "redact_pii_audio": false, "redact_pii_audio_quality": null, "redact_pii_policies": null, "redact_pii_sub": null, "speaker_labels": false, "content_safety": false, "iab_categories": false, "content_safety_labels": {"status": "unavailable", "results": [], "summary": {}}, "iab_categories_result": {"status": "unavailable", "results": [], "summary": {}}, "language_detection": false, "language_confidence_threshold": null, "language_confidence": null, "custom_spelling": null, "throttled": false, "auto_chapters": false, "summarization": false, "summary_type": null, "summary_model": null, "custom_topics": false, "topics": [], "speech_threshold": null, "speech_model": null, "chapters": null, "disfluencies": false, "entity_detection": false, "sentiment_analysis": false, "sentiment_analysis_results": null, "entities": null, "speakers_expected": null, "summary": null, "custom_topics_results": null, "is_deleted": null, "multichannel": null, "project_id": 546162, "token_id": 547942}
[2025-04-29 12:02:01] Transcription completed successfully
[2025-04-29 12:02:01] Transcription results received: {"id":"d288cfd1-45dc-45fe-8c43-32c3cc0c4e41","language_model":"assemblyai_default","acoustic_model":"assemblyai_default","language_code":"en_us","status":"completed","audio_url":"https:\/\/cdn.assemblyai.com\/upload\/efecc878-b033-4b55-9254-e40fd7b0d132","text":"This is the audio that I'm recording for the website sentiment analyzer.","words":[{"text":"This","start":480,"end":592,"confidence":0.99999000000000004551026222543441690504550933837890625,"speaker":null},{"text":"is","start":592,"end":680,"confidence":1,"speaker":null},{"text":"the","start":680,"end":800,"confidence":0.99999000000000004551026222543441690504550933837890625,"speaker":null},{"text":"audio","start":816,"end":1016,"confidence":0.9908500000000000085265128291212022304534912109375,"speaker":null},{"text":"that","start":1048,"end":1240,"confidence":0.99995000000000000550670620214077644050121307373046875,"speaker":null},{"text":"I'm","start":1280,"end":1448,"confidence":0.97455999999999998184563310132944025099277496337890625,"speaker":null},{"text":"recording","start":1464,"end":1784,"confidence":0.9098800000000000220978790821391157805919647216796875,"speaker":null},{"text":"for","start":1832,"end":1992,"confidence":0.9999700000000000255084842137875966727733612060546875,"speaker":null},{"text":"the","start":2016,"end":2152,"confidence":0.99999000000000004551026222543441690504550933837890625,"speaker":null},{"text":"website","start":2176,"end":2744,"confidence":0.99992000000000003101519041592837311327457427978515625,"speaker":null},{"text":"sentiment","start":2912,"end":3656,"confidence":0.428049999999999986055598810708033852279186248779296875,"speaker":null},{"text":"analyzer.","start":3688,"end":4200,"confidence":0.8802499999999999769073610877967439591884613037109375,"speaker":null}],"utterances":null,"confidence":0.93194999999999994511057366253226064145565032958984375,"audio_duration":6,"punctuate":true,"format_text":true,"dual_channel":null,"webhook_url":null,"webhook_status_code":null,"webhook_auth":false,"webhook_auth_header_name":null,"speed_boost":false,"auto_highlights_result":null,"auto_highlights":false,"audio_start_from":null,"audio_end_at":null,"word_boost":[],"boost_param":null,"prompt":null,"keyterms_prompt":[],"filter_profanity":false,"redact_pii":false,"redact_pii_audio":false,"redact_pii_audio_quality":null,"redact_pii_policies":null,"redact_pii_sub":null,"speaker_labels":false,"content_safety":false,"iab_categories":false,"content_safety_labels":{"status":"unavailable","results":[],"summary":[]},"iab_categories_result":{"status":"unavailable","results":[],"summary":[]},"language_detection":false,"language_confidence_threshold":null,"language_confidence":null,"custom_spelling":null,"throttled":false,"auto_chapters":false,"summarization":false,"summary_type":null,"summary_model":null,"custom_topics":false,"topics":[],"speech_threshold":null,"speech_model":null,"chapters":null,"disfluencies":false,"entity_detection":false,"sentiment_analysis":false,"sentiment_analysis_results":null,"entities":null,"speakers_expected":null,"summary":null,"custom_topics_results":null,"is_deleted":null,"multichannel":null,"project_id":546162,"token_id":547942}
[2025-04-29 12:02:01] Database error: SQLSTATE[42S22]: Column not found: 1054 Unknown column 'user_id' in 'field list'
[2025-04-29 12:02:21] API key found in .env file
[2025-04-29 12:02:21] === Starting AssemblyAI Upload ===
[2025-04-29 12:02:21] Audio file path: uploads/1745920941_WhatsApp Audio 2025-04-24 at 2.08.05 PM.mpeg.wav
[2025-04-29 12:02:21] Detected MIME type: audio/wav
[2025-04-29 12:02:21] Sending file to AssemblyAI upload endpoint...
[2025-04-29 12:02:26] HTTP Response Code: 200
[2025-04-29 12:02:26] Raw Response: {"upload_url":"https://cdn.assemblyai.com/upload/70533f87-9399-4302-96e4-0caf6c887130"}

[2025-04-29 12:02:26] Upload URL received: https://cdn.assemblyai.com/upload/70533f87-9399-4302-96e4-0caf6c887130
[2025-04-29 12:02:26] Starting transcription job...
[2025-04-29 12:02:26] Request body: {"audio_url":"https:\/\/cdn.assemblyai.com\/upload\/70533f87-9399-4302-96e4-0caf6c887130"}
[2025-04-29 12:02:27] HTTP Response Code: 200
[2025-04-29 12:02:27] Raw Response: {"id": "0785b1b7-920e-4a15-b883-65fccc7c287f", "language_model": "assemblyai_default", "acoustic_model": "assemblyai_default", "language_code": "en_us", "status": "queued", "audio_url": "https://cdn.assemblyai.com/upload/70533f87-9399-4302-96e4-0caf6c887130", "text": null, "words": null, "utterances": null, "confidence": null, "audio_duration": null, "punctuate": true, "format_text": true, "dual_channel": null, "webhook_url": null, "webhook_status_code": null, "webhook_auth": false, "webhook_auth_header_name": null, "speed_boost": false, "auto_highlights_result": null, "auto_highlights": false, "audio_start_from": null, "audio_end_at": null, "word_boost": [], "boost_param": null, "prompt": null, "keyterms_prompt": null, "filter_profanity": false, "redact_pii": false, "redact_pii_audio": false, "redact_pii_audio_quality": null, "redact_pii_policies": null, "redact_pii_sub": null, "speaker_labels": false, "content_safety": false, "iab_categories": false, "content_safety_labels": {}, "iab_categories_result": {}, "language_detection": false, "language_confidence_threshold": null, "language_confidence": null, "custom_spelling": null, "throttled": false, "auto_chapters": false, "summarization": false, "summary_type": null, "summary_model": null, "custom_topics": false, "topics": [], "speech_threshold": null, "speech_model": null, "chapters": null, "disfluencies": false, "entity_detection": false, "sentiment_analysis": false, "sentiment_analysis_results": null, "entities": null, "speakers_expected": null, "summary": null, "custom_topics_results": null, "is_deleted": null, "multichannel": null, "project_id": 546162, "token_id": 547942}
[2025-04-29 12:02:27] Attempting to get transcription results for ID: 0785b1b7-920e-4a15-b883-65fccc7c287f
[2025-04-29 12:02:27] === Checking Transcription Status ===
[2025-04-29 12:02:27] Transcript ID: 0785b1b7-920e-4a15-b883-65fccc7c287f
[2025-04-29 12:02:28] cURL verbose output: * Hostname api.assemblyai.com was found in DNS cache
*   Trying 34.214.32.69...
* TCP_NODELAY set
* Connected to api.assemblyai.com (34.214.32.69) port 443 (#0)
* ALPN, offering http/1.1
* Cipher selection: ALL:!EXPORT:!EXPORT40:!EXPORT56:!aNULL:!LOW:!RC4:@STRENGTH
* successfully set certificate verify locations:
*   CAfile: /Applications/XAMPP/xamppfiles/share/curl/curl-ca-bundle.crt
  CApath: none
* SSL connection using TLSv1.3 / TLS_AES_128_GCM_SHA256
* ALPN, server accepted to use http/1.1
* Server certificate:
*  subject: CN=*.assemblyai.com
*  start date: Jun 15 00:00:00 2024 GMT
*  expire date: Jul 14 23:59:59 2025 GMT
*  subjectAltName: host "api.assemblyai.com" matched cert's "*.assemblyai.com"
*  issuer: C=US; O=Amazon; CN=Amazon RSA 2048 M02
*  SSL certificate verify ok.
> GET /v2/transcript/0785b1b7-920e-4a15-b883-65fccc7c287f HTTP/1.1
Host: api.assemblyai.com
Accept: */*
authorization: 7da2fc6e2f084d17a6696d5e67395bad

< HTTP/1.1 200 OK
< Date: Tue, 29 Apr 2025 10:02:28 GMT
< Content-Type: application/json; charset=UTF-8
< Content-Length: 2862
< Connection: keep-alive
< Set-Cookie: AWSALBTG=hb7eF0KVq5Zd4ARYk5dRrgo3xp8qt3+9QHjhFlnK1Cv5Va1YrlMt2Wuer8e2uJOHQ3e6zI5/VIh7IiEI8zE7AAxT3Ijw7bXDGheBnxJSG4s2VJv0g3Sl/gVFpJm7xW4Pn0mlJCgsu1dxBySJN+jbtMaXR8tfKIG0yzJNDugO5oX2; Expires=Tue, 06 May 2025 10:02:28 GMT; Path=/
< Set-Cookie: AWSALBTGCORS=hb7eF0KVq5Zd4ARYk5dRrgo3xp8qt3+9QHjhFlnK1Cv5Va1YrlMt2Wuer8e2uJOHQ3e6zI5/VIh7IiEI8zE7AAxT3Ijw7bXDGheBnxJSG4s2VJv0g3Sl/gVFpJm7xW4Pn0mlJCgsu1dxBySJN+jbtMaXR8tfKIG0yzJNDugO5oX2; Expires=Tue, 06 May 2025 10:02:28 GMT; Path=/; SameSite=None; Secure
< Set-Cookie: AWSALB=zewiR+S26/snvzUCki+cRPBIPGJuQ0SniEzZzHTkNQafvvinkJc6AmNWEKBrf5Vz5+yJRM/KrjLP98IH/XAWt1L+Ne/dOHTkrQ8cTYeC6avetngawBTXQpqDwqGl; Expires=Tue, 06 May 2025 10:02:28 GMT; Path=/
< Set-Cookie: AWSALBCORS=zewiR+S26/snvzUCki+cRPBIPGJuQ0SniEzZzHTkNQafvvinkJc6AmNWEKBrf5Vz5+yJRM/KrjLP98IH/XAWt1L+Ne/dOHTkrQ8cTYeC6avetngawBTXQpqDwqGl; Expires=Tue, 06 May 2025 10:02:28 GMT; Path=/; SameSite=None; Secure
< Access-Control-Allow-Origin: *
< Access-Control-Allow-Headers: Content-Type, Authorization, X-Requested-With, User-Agent, AssemblyAI-Agent
< Access-Control-Allow-Methods: POST, PUT, GET, OPTIONS
< Strict-Transport-Security: max-age=31536000; includeSubDomains; preload
< Etag: "b8f7cac5f9469a2352d107e69758ee5c01c31650"
< 
* Connection #0 to host api.assemblyai.com left intact

[2025-04-29 12:02:28] HTTP Response Code: 200
[2025-04-29 12:02:28] Response: {"id": "0785b1b7-920e-4a15-b883-65fccc7c287f", "language_model": "assemblyai_default", "acoustic_model": "assemblyai_default", "language_code": "en_us", "status": "completed", "audio_url": "https://cdn.assemblyai.com/upload/70533f87-9399-4302-96e4-0caf6c887130", "text": "This is the audio that I'm recording for the website sentiment analyzer.", "words": [{"text": "This", "start": 480, "end": 592, "confidence": 0.99999, "speaker": null}, {"text": "is", "start": 592, "end": 680, "confidence": 1.0, "speaker": null}, {"text": "the", "start": 680, "end": 800, "confidence": 0.99999, "speaker": null}, {"text": "audio", "start": 816, "end": 1016, "confidence": 0.99085, "speaker": null}, {"text": "that", "start": 1048, "end": 1240, "confidence": 0.99995, "speaker": null}, {"text": "I'm", "start": 1280, "end": 1448, "confidence": 0.97456, "speaker": null}, {"text": "recording", "start": 1464, "end": 1784, "confidence": 0.90988, "speaker": null}, {"text": "for", "start": 1832, "end": 1992, "confidence": 0.99997, "speaker": null}, {"text": "the", "start": 2016, "end": 2152, "confidence": 0.99999, "speaker": null}, {"text": "website", "start": 2176, "end": 2744, "confidence": 0.99992, "speaker": null}, {"text": "sentiment", "start": 2912, "end": 3656, "confidence": 0.42805, "speaker": null}, {"text": "analyzer.", "start": 3688, "end": 4200, "confidence": 0.88025, "speaker": null}], "utterances": null, "confidence": 0.93195, "audio_duration": 6, "punctuate": true, "format_text": true, "dual_channel": null, "webhook_url": null, "webhook_status_code": null, "webhook_auth": false, "webhook_auth_header_name": null, "speed_boost": false, "auto_highlights_result": null, "auto_highlights": false, "audio_start_from": null, "audio_end_at": null, "word_boost": [], "boost_param": null, "prompt": null, "keyterms_prompt": [], "filter_profanity": false, "redact_pii": false, "redact_pii_audio": false, "redact_pii_audio_quality": null, "redact_pii_policies": null, "redact_pii_sub": null, "speaker_labels": false, "content_safety": false, "iab_categories": false, "content_safety_labels": {"status": "unavailable", "results": [], "summary": {}}, "iab_categories_result": {"status": "unavailable", "results": [], "summary": {}}, "language_detection": false, "language_confidence_threshold": null, "language_confidence": null, "custom_spelling": null, "throttled": false, "auto_chapters": false, "summarization": false, "summary_type": null, "summary_model": null, "custom_topics": false, "topics": [], "speech_threshold": null, "speech_model": null, "chapters": null, "disfluencies": false, "entity_detection": false, "sentiment_analysis": false, "sentiment_analysis_results": null, "entities": null, "speakers_expected": null, "summary": null, "custom_topics_results": null, "is_deleted": null, "multichannel": null, "project_id": 546162, "token_id": 547942}
[2025-04-29 12:02:28] Transcription completed successfully
[2025-04-29 12:02:29] Transcription results received: {"id":"0785b1b7-920e-4a15-b883-65fccc7c287f","language_model":"assemblyai_default","acoustic_model":"assemblyai_default","language_code":"en_us","status":"completed","audio_url":"https:\/\/cdn.assemblyai.com\/upload\/70533f87-9399-4302-96e4-0caf6c887130","text":"This is the audio that I'm recording for the website sentiment analyzer.","words":[{"text":"This","start":480,"end":592,"confidence":0.99999000000000004551026222543441690504550933837890625,"speaker":null},{"text":"is","start":592,"end":680,"confidence":1,"speaker":null},{"text":"the","start":680,"end":800,"confidence":0.99999000000000004551026222543441690504550933837890625,"speaker":null},{"text":"audio","start":816,"end":1016,"confidence":0.9908500000000000085265128291212022304534912109375,"speaker":null},{"text":"that","start":1048,"end":1240,"confidence":0.99995000000000000550670620214077644050121307373046875,"speaker":null},{"text":"I'm","start":1280,"end":1448,"confidence":0.97455999999999998184563310132944025099277496337890625,"speaker":null},{"text":"recording","start":1464,"end":1784,"confidence":0.9098800000000000220978790821391157805919647216796875,"speaker":null},{"text":"for","start":1832,"end":1992,"confidence":0.9999700000000000255084842137875966727733612060546875,"speaker":null},{"text":"the","start":2016,"end":2152,"confidence":0.99999000000000004551026222543441690504550933837890625,"speaker":null},{"text":"website","start":2176,"end":2744,"confidence":0.99992000000000003101519041592837311327457427978515625,"speaker":null},{"text":"sentiment","start":2912,"end":3656,"confidence":0.428049999999999986055598810708033852279186248779296875,"speaker":null},{"text":"analyzer.","start":3688,"end":4200,"confidence":0.8802499999999999769073610877967439591884613037109375,"speaker":null}],"utterances":null,"confidence":0.93194999999999994511057366253226064145565032958984375,"audio_duration":6,"punctuate":true,"format_text":true,"dual_channel":null,"webhook_url":null,"webhook_status_code":null,"webhook_auth":false,"webhook_auth_header_name":null,"speed_boost":false,"auto_highlights_result":null,"auto_highlights":false,"audio_start_from":null,"audio_end_at":null,"word_boost":[],"boost_param":null,"prompt":null,"keyterms_prompt":[],"filter_profanity":false,"redact_pii":false,"redact_pii_audio":false,"redact_pii_audio_quality":null,"redact_pii_policies":null,"redact_pii_sub":null,"speaker_labels":false,"content_safety":false,"iab_categories":false,"content_safety_labels":{"status":"unavailable","results":[],"summary":[]},"iab_categories_result":{"status":"unavailable","results":[],"summary":[]},"language_detection":false,"language_confidence_threshold":null,"language_confidence":null,"custom_spelling":null,"throttled":false,"auto_chapters":false,"summarization":false,"summary_type":null,"summary_model":null,"custom_topics":false,"topics":[],"speech_threshold":null,"speech_model":null,"chapters":null,"disfluencies":false,"entity_detection":false,"sentiment_analysis":false,"sentiment_analysis_results":null,"entities":null,"speakers_expected":null,"summary":null,"custom_topics_results":null,"is_deleted":null,"multichannel":null,"project_id":546162,"token_id":547942}
[2025-04-29 17:51:42] API key found in .env file
[2025-04-29 17:51:42] === Starting AssemblyAI Upload ===
[2025-04-29 17:51:42] Audio file path: uploads/recording_1745941902.wav
[2025-04-29 17:51:42] Detected MIME type: audio/wav
[2025-04-29 17:51:42] Sending file to AssemblyAI upload endpoint...
[2025-04-29 17:51:44] HTTP Response Code: 200
[2025-04-29 17:51:44] Raw Response: {"upload_url":"https://cdn.assemblyai.com/upload/f27cbe71-26c2-4b98-b4d2-73bad843b4e6"}

[2025-04-29 17:51:44] Upload URL received: https://cdn.assemblyai.com/upload/f27cbe71-26c2-4b98-b4d2-73bad843b4e6
[2025-04-29 17:51:44] Starting transcription job...
[2025-04-29 17:51:44] Request body: {"audio_url":"https:\/\/cdn.assemblyai.com\/upload\/f27cbe71-26c2-4b98-b4d2-73bad843b4e6"}
[2025-04-29 17:51:45] HTTP Response Code: 200
[2025-04-29 17:51:45] Raw Response: {"id": "78528e0e-b223-47c2-944b-0270b17eb103", "language_model": "assemblyai_default", "acoustic_model": "assemblyai_default", "language_code": "en_us", "status": "queued", "audio_url": "https://cdn.assemblyai.com/upload/f27cbe71-26c2-4b98-b4d2-73bad843b4e6", "text": null, "words": null, "utterances": null, "confidence": null, "audio_duration": null, "punctuate": true, "format_text": true, "dual_channel": null, "webhook_url": null, "webhook_status_code": null, "webhook_auth": false, "webhook_auth_header_name": null, "speed_boost": false, "auto_highlights_result": null, "auto_highlights": false, "audio_start_from": null, "audio_end_at": null, "word_boost": [], "boost_param": null, "prompt": null, "keyterms_prompt": null, "filter_profanity": false, "redact_pii": false, "redact_pii_audio": false, "redact_pii_audio_quality": null, "redact_pii_policies": null, "redact_pii_sub": null, "speaker_labels": false, "content_safety": false, "iab_categories": false, "content_safety_labels": {}, "iab_categories_result": {}, "language_detection": false, "language_confidence_threshold": null, "language_confidence": null, "custom_spelling": null, "throttled": false, "auto_chapters": false, "summarization": false, "summary_type": null, "summary_model": null, "custom_topics": false, "topics": [], "speech_threshold": null, "speech_model": null, "chapters": null, "disfluencies": false, "entity_detection": false, "sentiment_analysis": false, "sentiment_analysis_results": null, "entities": null, "speakers_expected": null, "summary": null, "custom_topics_results": null, "is_deleted": null, "multichannel": null, "project_id": 546162, "token_id": 547942}
[2025-04-29 17:51:45] === Checking Transcription Status ===
[2025-04-29 17:51:45] Transcript ID: 78528e0e-b223-47c2-944b-0270b17eb103
[2025-04-29 17:51:46] cURL verbose output: * Hostname api.assemblyai.com was found in DNS cache
*   Trying 54.191.221.63...
* TCP_NODELAY set
* Connected to api.assemblyai.com (54.191.221.63) port 443 (#0)
* ALPN, offering http/1.1
* Cipher selection: ALL:!EXPORT:!EXPORT40:!EXPORT56:!aNULL:!LOW:!RC4:@STRENGTH
* successfully set certificate verify locations:
*   CAfile: /Applications/XAMPP/xamppfiles/share/curl/curl-ca-bundle.crt
  CApath: none
* SSL connection using TLSv1.3 / TLS_AES_128_GCM_SHA256
* ALPN, server accepted to use http/1.1
* Server certificate:
*  subject: CN=*.assemblyai.com
*  start date: Jun 15 00:00:00 2024 GMT
*  expire date: Jul 14 23:59:59 2025 GMT
*  subjectAltName: host "api.assemblyai.com" matched cert's "*.assemblyai.com"
*  issuer: C=US; O=Amazon; CN=Amazon RSA 2048 M02
*  SSL certificate verify ok.
> GET /v2/transcript/78528e0e-b223-47c2-944b-0270b17eb103 HTTP/1.1
Host: api.assemblyai.com
Accept: */*
authorization: 7da2fc6e2f084d17a6696d5e67395bad

< HTTP/1.1 200 OK
< Date: Tue, 29 Apr 2025 15:51:46 GMT
< Content-Type: application/json; charset=UTF-8
< Content-Length: 1657
< Connection: keep-alive
< Set-Cookie: AWSALBTG=xZ9I627eNZAKyrp0354e+M+B9BEknNAsgnoozRK1hXopzaVaAy/SdmZ4NiMfi81+xIF0bHwgKLFyi0AUACSfXMBThmwQcOljZnXSga1KRQc9TUtcBStfaXOQr457AwvzPIYA92KyWyG/yXJJCb+M3DFRdr1bReWR8bsOjypWYO3i; Expires=Tue, 06 May 2025 15:51:46 GMT; Path=/
< Set-Cookie: AWSALBTGCORS=xZ9I627eNZAKyrp0354e+M+B9BEknNAsgnoozRK1hXopzaVaAy/SdmZ4NiMfi81+xIF0bHwgKLFyi0AUACSfXMBThmwQcOljZnXSga1KRQc9TUtcBStfaXOQr457AwvzPIYA92KyWyG/yXJJCb+M3DFRdr1bReWR8bsOjypWYO3i; Expires=Tue, 06 May 2025 15:51:46 GMT; Path=/; SameSite=None; Secure
< Set-Cookie: AWSALB=8SsX/6niXmbyBHDxnoW3L5jJLz9E6wq1gpZ/ifPyZOF3x0aKXQAbEBmTyHejAlMMOBqCDsOxSLYdTm68Ey2FjkQ3a0nETD4h0iRIbfK4QwhWS/XJUcQemfI2rkWa; Expires=Tue, 06 May 2025 15:51:46 GMT; Path=/
< Set-Cookie: AWSALBCORS=8SsX/6niXmbyBHDxnoW3L5jJLz9E6wq1gpZ/ifPyZOF3x0aKXQAbEBmTyHejAlMMOBqCDsOxSLYdTm68Ey2FjkQ3a0nETD4h0iRIbfK4QwhWS/XJUcQemfI2rkWa; Expires=Tue, 06 May 2025 15:51:46 GMT; Path=/; SameSite=None; Secure
< Access-Control-Allow-Origin: *
< Access-Control-Allow-Headers: Content-Type, Authorization, X-Requested-With, User-Agent, AssemblyAI-Agent
< Access-Control-Allow-Methods: POST, PUT, GET, OPTIONS
< Strict-Transport-Security: max-age=31536000; includeSubDomains; preload
< Etag: "99cd1ddfea1ed614144d528e2e7ebb147750a77b"
< 
* Connection #0 to host api.assemblyai.com left intact

[2025-04-29 17:51:46] HTTP Response Code: 200
[2025-04-29 17:51:46] Response: {"id": "78528e0e-b223-47c2-944b-0270b17eb103", "language_model": "assemblyai_default", "acoustic_model": "assemblyai_default", "language_code": "en_us", "status": "processing", "audio_url": "https://cdn.assemblyai.com/upload/f27cbe71-26c2-4b98-b4d2-73bad843b4e6", "text": null, "words": null, "utterances": null, "confidence": null, "audio_duration": null, "punctuate": true, "format_text": true, "dual_channel": null, "webhook_url": null, "webhook_status_code": null, "webhook_auth": false, "webhook_auth_header_name": null, "speed_boost": false, "auto_highlights_result": null, "auto_highlights": false, "audio_start_from": null, "audio_end_at": null, "word_boost": [], "boost_param": null, "prompt": null, "keyterms_prompt": [], "filter_profanity": false, "redact_pii": false, "redact_pii_audio": false, "redact_pii_audio_quality": null, "redact_pii_policies": null, "redact_pii_sub": null, "speaker_labels": false, "content_safety": false, "iab_categories": false, "content_safety_labels": {}, "iab_categories_result": {}, "language_detection": false, "language_confidence_threshold": null, "language_confidence": null, "custom_spelling": null, "throttled": false, "auto_chapters": false, "summarization": false, "summary_type": null, "summary_model": null, "custom_topics": false, "topics": [], "speech_threshold": null, "speech_model": null, "chapters": null, "disfluencies": false, "entity_detection": false, "sentiment_analysis": false, "sentiment_analysis_results": null, "entities": null, "speakers_expected": null, "summary": null, "custom_topics_results": null, "is_deleted": null, "multichannel": null, "project_id": 546162, "token_id": 547942}
[2025-04-29 17:51:46] Attempt 1: Transcription still processing. Waiting 2 seconds...
[2025-04-29 17:51:49] cURL verbose output: * Hostname api.assemblyai.com was found in DNS cache
*   Trying 54.191.221.63...
* TCP_NODELAY set
* Connected to api.assemblyai.com (54.191.221.63) port 443 (#0)
* ALPN, offering http/1.1
* Cipher selection: ALL:!EXPORT:!EXPORT40:!EXPORT56:!aNULL:!LOW:!RC4:@STRENGTH
* successfully set certificate verify locations:
*   CAfile: /Applications/XAMPP/xamppfiles/share/curl/curl-ca-bundle.crt
  CApath: none
* SSL connection using TLSv1.3 / TLS_AES_128_GCM_SHA256
* ALPN, server accepted to use http/1.1
* Server certificate:
*  subject: CN=*.assemblyai.com
*  start date: Jun 15 00:00:00 2024 GMT
*  expire date: Jul 14 23:59:59 2025 GMT
*  subjectAltName: host "api.assemblyai.com" matched cert's "*.assemblyai.com"
*  issuer: C=US; O=Amazon; CN=Amazon RSA 2048 M02
*  SSL certificate verify ok.
> GET /v2/transcript/78528e0e-b223-47c2-944b-0270b17eb103 HTTP/1.1
Host: api.assemblyai.com
Accept: */*
authorization: 7da2fc6e2f084d17a6696d5e67395bad

< HTTP/1.1 200 OK
< Date: Tue, 29 Apr 2025 15:51:49 GMT
< Content-Type: application/json; charset=UTF-8
< Content-Length: 2592
< Connection: keep-alive
< Set-Cookie: AWSALBTG=QAB6WbD7YOSGtf2wGsXLOKPhrVVMfhvVO5B5j7jY6UfnrcmweczZMifSz6rtTNWVN+PCAFPhr0IEsQrje65UIXNwUYoiebMMIv5MEGjeCjuDXw3rV4f4DqituVlzuAnYryjiLID2bBmkOuPETFcv66pNIS3ohK5+GSQFQybxjFH9; Expires=Tue, 06 May 2025 15:51:49 GMT; Path=/
< Set-Cookie: AWSALBTGCORS=QAB6WbD7YOSGtf2wGsXLOKPhrVVMfhvVO5B5j7jY6UfnrcmweczZMifSz6rtTNWVN+PCAFPhr0IEsQrje65UIXNwUYoiebMMIv5MEGjeCjuDXw3rV4f4DqituVlzuAnYryjiLID2bBmkOuPETFcv66pNIS3ohK5+GSQFQybxjFH9; Expires=Tue, 06 May 2025 15:51:49 GMT; Path=/; SameSite=None; Secure
< Set-Cookie: AWSALB=scXEAJ1YlsJKhNkYYVMOiMSE1RrNJzrlR5OHWLYI14zEXpmT09K54L9oL8Gj/2To5YDuWaPEpkhWjf+zEqIYHWJDUWELLBj93jAcvLCYQtPKml8bk7YKTzWHwaio; Expires=Tue, 06 May 2025 15:51:49 GMT; Path=/
< Set-Cookie: AWSALBCORS=scXEAJ1YlsJKhNkYYVMOiMSE1RrNJzrlR5OHWLYI14zEXpmT09K54L9oL8Gj/2To5YDuWaPEpkhWjf+zEqIYHWJDUWELLBj93jAcvLCYQtPKml8bk7YKTzWHwaio; Expires=Tue, 06 May 2025 15:51:49 GMT; Path=/; SameSite=None; Secure
< Access-Control-Allow-Origin: *
< Access-Control-Allow-Headers: Content-Type, Authorization, X-Requested-With, User-Agent, AssemblyAI-Agent
< Access-Control-Allow-Methods: POST, PUT, GET, OPTIONS
< Strict-Transport-Security: max-age=31536000; includeSubDomains; preload
< Etag: "96f1df372a68e909c4a85bffa97ec8487b5831f1"
< 
* Connection #0 to host api.assemblyai.com left intact

[2025-04-29 17:51:49] HTTP Response Code: 200
[2025-04-29 17:51:49] Response: {"id": "78528e0e-b223-47c2-944b-0270b17eb103", "language_model": "assemblyai_default", "acoustic_model": "assemblyai_default", "language_code": "en_us", "status": "completed", "audio_url": "https://cdn.assemblyai.com/upload/f27cbe71-26c2-4b98-b4d2-73bad843b4e6", "text": "Hello, guys. Welcome to my YouTube channel. Thank you.", "words": [{"text": "Hello,", "start": 1360, "end": 1536, "confidence": 0.99989, "speaker": null}, {"text": "guys.", "start": 1536, "end": 1792, "confidence": 0.99951, "speaker": null}, {"text": "Welcome", "start": 1832, "end": 2216, "confidence": 0.93988, "speaker": null}, {"text": "to", "start": 2248, "end": 2344, "confidence": 1.0, "speaker": null}, {"text": "my", "start": 2352, "end": 2472, "confidence": 0.99999, "speaker": null}, {"text": "YouTube", "start": 2496, "end": 2856, "confidence": 0.98464, "speaker": null}, {"text": "channel.", "start": 2888, "end": 3560, "confidence": 0.99993, "speaker": null}, {"text": "Thank", "start": 3720, "end": 4056, "confidence": 0.99976, "speaker": null}, {"text": "you.", "start": 4088, "end": 4160, "confidence": 0.99943, "speaker": null}], "utterances": null, "confidence": 0.9914478, "audio_duration": 6, "punctuate": true, "format_text": true, "dual_channel": null, "webhook_url": null, "webhook_status_code": null, "webhook_auth": false, "webhook_auth_header_name": null, "speed_boost": false, "auto_highlights_result": null, "auto_highlights": false, "audio_start_from": null, "audio_end_at": null, "word_boost": [], "boost_param": null, "prompt": null, "keyterms_prompt": [], "filter_profanity": false, "redact_pii": false, "redact_pii_audio": false, "redact_pii_audio_quality": null, "redact_pii_policies": null, "redact_pii_sub": null, "speaker_labels": false, "content_safety": false, "iab_categories": false, "content_safety_labels": {"status": "unavailable", "results": [], "summary": {}}, "iab_categories_result": {"status": "unavailable", "results": [], "summary": {}}, "language_detection": false, "language_confidence_threshold": null, "language_confidence": null, "custom_spelling": null, "throttled": false, "auto_chapters": false, "summarization": false, "summary_type": null, "summary_model": null, "custom_topics": false, "topics": [], "speech_threshold": null, "speech_model": null, "chapters": null, "disfluencies": false, "entity_detection": false, "sentiment_analysis": false, "sentiment_analysis_results": null, "entities": null, "speakers_expected": null, "summary": null, "custom_topics_results": null, "is_deleted": null, "multichannel": null, "project_id": 546162, "token_id": 547942}
[2025-04-29 17:51:49] Transcription completed successfully
[2025-04-29 20:11:30] API key found in .env file
[2025-04-29 20:11:30] === Starting AssemblyAI Upload ===
[2025-04-29 20:11:30] Audio file path: uploads/recording_1745950290.wav
[2025-04-29 20:11:30] Detected MIME type: audio/wav
[2025-04-29 20:11:30] Sending file to AssemblyAI upload endpoint...
[2025-04-29 20:11:33] HTTP Response Code: 200
[2025-04-29 20:11:33] Raw Response: {"upload_url":"https://cdn.assemblyai.com/upload/026342f1-8eba-4342-8084-a3eacbd03a71"}

[2025-04-29 20:11:33] Upload URL received: https://cdn.assemblyai.com/upload/026342f1-8eba-4342-8084-a3eacbd03a71
[2025-04-29 20:11:33] Starting transcription job...
[2025-04-29 20:11:33] Request body: {"audio_url":"https:\/\/cdn.assemblyai.com\/upload\/026342f1-8eba-4342-8084-a3eacbd03a71"}
[2025-04-29 20:11:34] HTTP Response Code: 200
[2025-04-29 20:11:34] Raw Response: {"id": "bc2249d9-35de-4d6a-a90c-348590664ca6", "language_model": "assemblyai_default", "acoustic_model": "assemblyai_default", "language_code": "en_us", "status": "queued", "audio_url": "https://cdn.assemblyai.com/upload/026342f1-8eba-4342-8084-a3eacbd03a71", "text": null, "words": null, "utterances": null, "confidence": null, "audio_duration": null, "punctuate": true, "format_text": true, "dual_channel": null, "webhook_url": null, "webhook_status_code": null, "webhook_auth": false, "webhook_auth_header_name": null, "speed_boost": false, "auto_highlights_result": null, "auto_highlights": false, "audio_start_from": null, "audio_end_at": null, "word_boost": [], "boost_param": null, "prompt": null, "keyterms_prompt": null, "filter_profanity": false, "redact_pii": false, "redact_pii_audio": false, "redact_pii_audio_quality": null, "redact_pii_policies": null, "redact_pii_sub": null, "speaker_labels": false, "content_safety": false, "iab_categories": false, "content_safety_labels": {}, "iab_categories_result": {}, "language_detection": false, "language_confidence_threshold": null, "language_confidence": null, "custom_spelling": null, "throttled": false, "auto_chapters": false, "summarization": false, "summary_type": null, "summary_model": null, "custom_topics": false, "topics": [], "speech_threshold": null, "speech_model": null, "chapters": null, "disfluencies": false, "entity_detection": false, "sentiment_analysis": false, "sentiment_analysis_results": null, "entities": null, "speakers_expected": null, "summary": null, "custom_topics_results": null, "is_deleted": null, "multichannel": null, "project_id": 546162, "token_id": 547942}
[2025-04-29 20:11:34] === Checking Transcription Status ===
[2025-04-29 20:11:34] Transcript ID: bc2249d9-35de-4d6a-a90c-348590664ca6
[2025-04-29 20:11:35] cURL verbose output: * Hostname api.assemblyai.com was found in DNS cache
*   Trying 44.228.178.29...
* TCP_NODELAY set
* Connected to api.assemblyai.com (44.228.178.29) port 443 (#0)
* ALPN, offering http/1.1
* Cipher selection: ALL:!EXPORT:!EXPORT40:!EXPORT56:!aNULL:!LOW:!RC4:@STRENGTH
* successfully set certificate verify locations:
*   CAfile: /Applications/XAMPP/xamppfiles/share/curl/curl-ca-bundle.crt
  CApath: none
* SSL connection using TLSv1.3 / TLS_AES_128_GCM_SHA256
* ALPN, server accepted to use http/1.1
* Server certificate:
*  subject: CN=*.assemblyai.com
*  start date: Jun 15 00:00:00 2024 GMT
*  expire date: Jul 14 23:59:59 2025 GMT
*  subjectAltName: host "api.assemblyai.com" matched cert's "*.assemblyai.com"
*  issuer: C=US; O=Amazon; CN=Amazon RSA 2048 M02
*  SSL certificate verify ok.
> GET /v2/transcript/bc2249d9-35de-4d6a-a90c-348590664ca6 HTTP/1.1
Host: api.assemblyai.com
Accept: */*
authorization: 7da2fc6e2f084d17a6696d5e67395bad

< HTTP/1.1 200 OK
< Date: Tue, 29 Apr 2025 18:11:35 GMT
< Content-Type: application/json; charset=UTF-8
< Content-Length: 2208
< Connection: keep-alive
< Set-Cookie: AWSALBTG=VnfK5Xy6l2xrPYXuNfj0LUj6jP3havoS7TL1whenREAGTTNwkmXIPjU1a2lsubCQRSth8bsUZV7UI7Ms3C1ubfHf5udzXxMfIeDEbtONojYboKnQ4MolAKTh9Cw55EEvkLrwYEEDiBITkUWUd1nyzPUJb5gPeBa6QYIuMd5uVp1h; Expires=Tue, 06 May 2025 18:11:35 GMT; Path=/
< Set-Cookie: AWSALBTGCORS=VnfK5Xy6l2xrPYXuNfj0LUj6jP3havoS7TL1whenREAGTTNwkmXIPjU1a2lsubCQRSth8bsUZV7UI7Ms3C1ubfHf5udzXxMfIeDEbtONojYboKnQ4MolAKTh9Cw55EEvkLrwYEEDiBITkUWUd1nyzPUJb5gPeBa6QYIuMd5uVp1h; Expires=Tue, 06 May 2025 18:11:35 GMT; Path=/; SameSite=None; Secure
< Set-Cookie: AWSALB=E19sF7/3qESr6Hz7sLk4UHZGPdgs6uypeSGRFhfbCLpOWBdXqL/fCxgsxYebAjKR44a3pkmna3akohp+1hQn8EoWXhBLyqB4gd61Thq19AIz8Aro5WynYM1+RLk8; Expires=Tue, 06 May 2025 18:11:35 GMT; Path=/
< Set-Cookie: AWSALBCORS=E19sF7/3qESr6Hz7sLk4UHZGPdgs6uypeSGRFhfbCLpOWBdXqL/fCxgsxYebAjKR44a3pkmna3akohp+1hQn8EoWXhBLyqB4gd61Thq19AIz8Aro5WynYM1+RLk8; Expires=Tue, 06 May 2025 18:11:35 GMT; Path=/; SameSite=None; Secure
< Access-Control-Allow-Origin: *
< Access-Control-Allow-Headers: Content-Type, Authorization, X-Requested-With, User-Agent, AssemblyAI-Agent
< Access-Control-Allow-Methods: POST, PUT, GET, OPTIONS
< Strict-Transport-Security: max-age=31536000; includeSubDomains; preload
< Etag: "c669dd9dbb01edf7a0d4b2bbf96cd24529d32cee"
< 
* Connection #0 to host api.assemblyai.com left intact

[2025-04-29 20:11:35] HTTP Response Code: 200
[2025-04-29 20:11:35] Response: {"id": "bc2249d9-35de-4d6a-a90c-348590664ca6", "language_model": "assemblyai_default", "acoustic_model": "assemblyai_default", "language_code": "en_us", "status": "completed", "audio_url": "https://cdn.assemblyai.com/upload/026342f1-8eba-4342-8084-a3eacbd03a71", "text": "Circle. I am very happy.", "words": [{"text": "Circle.", "start": 320, "end": 992, "confidence": 0.85169, "speaker": null}, {"text": "I", "start": 1096, "end": 1352, "confidence": 0.99978, "speaker": null}, {"text": "am", "start": 1376, "end": 1560, "confidence": 0.56205, "speaker": null}, {"text": "very", "start": 1600, "end": 1800, "confidence": 0.99995, "speaker": null}, {"text": "happy.", "start": 1840, "end": 2040, "confidence": 0.99958, "speaker": null}], "utterances": null, "confidence": 0.88261, "audio_duration": 4, "punctuate": true, "format_text": true, "dual_channel": null, "webhook_url": null, "webhook_status_code": null, "webhook_auth": false, "webhook_auth_header_name": null, "speed_boost": false, "auto_highlights_result": null, "auto_highlights": false, "audio_start_from": null, "audio_end_at": null, "word_boost": [], "boost_param": null, "prompt": null, "keyterms_prompt": [], "filter_profanity": false, "redact_pii": false, "redact_pii_audio": false, "redact_pii_audio_quality": null, "redact_pii_policies": null, "redact_pii_sub": null, "speaker_labels": false, "content_safety": false, "iab_categories": false, "content_safety_labels": {"status": "unavailable", "results": [], "summary": {}}, "iab_categories_result": {"status": "unavailable", "results": [], "summary": {}}, "language_detection": false, "language_confidence_threshold": null, "language_confidence": null, "custom_spelling": null, "throttled": false, "auto_chapters": false, "summarization": false, "summary_type": null, "summary_model": null, "custom_topics": false, "topics": [], "speech_threshold": null, "speech_model": null, "chapters": null, "disfluencies": false, "entity_detection": false, "sentiment_analysis": false, "sentiment_analysis_results": null, "entities": null, "speakers_expected": null, "summary": null, "custom_topics_results": null, "is_deleted": null, "multichannel": null, "project_id": 546162, "token_id": 547942}
[2025-04-29 20:11:35] Transcription completed successfully
[2025-04-29 20:11:51] API key found in .env file
[2025-04-29 20:11:51] === Starting AssemblyAI Upload ===
[2025-04-29 20:11:51] Audio file path: uploads/1745950311_WhatsApp Audio 2025-04-24 at 2.08.05 PM.mpeg.wav
[2025-04-29 20:11:51] Detected MIME type: audio/wav
[2025-04-29 20:11:51] Sending file to AssemblyAI upload endpoint...
[2025-04-29 20:11:54] HTTP Response Code: 200
[2025-04-29 20:11:54] Raw Response: {"upload_url":"https://cdn.assemblyai.com/upload/bb489c77-0201-4396-9bea-5cd8bed24ef9"}

[2025-04-29 20:11:54] Upload URL received: https://cdn.assemblyai.com/upload/bb489c77-0201-4396-9bea-5cd8bed24ef9
[2025-04-29 20:11:54] Starting transcription job...
[2025-04-29 20:11:54] Request body: {"audio_url":"https:\/\/cdn.assemblyai.com\/upload\/bb489c77-0201-4396-9bea-5cd8bed24ef9"}
[2025-04-29 20:11:55] HTTP Response Code: 200
[2025-04-29 20:11:55] Raw Response: {"id": "bc41e5b2-808c-4a30-8971-7c8f5160f181", "language_model": "assemblyai_default", "acoustic_model": "assemblyai_default", "language_code": "en_us", "status": "queued", "audio_url": "https://cdn.assemblyai.com/upload/bb489c77-0201-4396-9bea-5cd8bed24ef9", "text": null, "words": null, "utterances": null, "confidence": null, "audio_duration": null, "punctuate": true, "format_text": true, "dual_channel": null, "webhook_url": null, "webhook_status_code": null, "webhook_auth": false, "webhook_auth_header_name": null, "speed_boost": false, "auto_highlights_result": null, "auto_highlights": false, "audio_start_from": null, "audio_end_at": null, "word_boost": [], "boost_param": null, "prompt": null, "keyterms_prompt": null, "filter_profanity": false, "redact_pii": false, "redact_pii_audio": false, "redact_pii_audio_quality": null, "redact_pii_policies": null, "redact_pii_sub": null, "speaker_labels": false, "content_safety": false, "iab_categories": false, "content_safety_labels": {}, "iab_categories_result": {}, "language_detection": false, "language_confidence_threshold": null, "language_confidence": null, "custom_spelling": null, "throttled": false, "auto_chapters": false, "summarization": false, "summary_type": null, "summary_model": null, "custom_topics": false, "topics": [], "speech_threshold": null, "speech_model": null, "chapters": null, "disfluencies": false, "entity_detection": false, "sentiment_analysis": false, "sentiment_analysis_results": null, "entities": null, "speakers_expected": null, "summary": null, "custom_topics_results": null, "is_deleted": null, "multichannel": null, "project_id": 546162, "token_id": 547942}
[2025-04-29 20:11:55] Attempting to get transcription results for ID: bc41e5b2-808c-4a30-8971-7c8f5160f181
[2025-04-29 20:11:55] === Checking Transcription Status ===
[2025-04-29 20:11:55] Transcript ID: bc41e5b2-808c-4a30-8971-7c8f5160f181
[2025-04-29 20:11:57] cURL verbose output: * Hostname api.assemblyai.com was found in DNS cache
*   Trying 44.228.178.29...
* TCP_NODELAY set
* Connected to api.assemblyai.com (44.228.178.29) port 443 (#0)
* ALPN, offering http/1.1
* Cipher selection: ALL:!EXPORT:!EXPORT40:!EXPORT56:!aNULL:!LOW:!RC4:@STRENGTH
* successfully set certificate verify locations:
*   CAfile: /Applications/XAMPP/xamppfiles/share/curl/curl-ca-bundle.crt
  CApath: none
* SSL connection using TLSv1.3 / TLS_AES_128_GCM_SHA256
* ALPN, server accepted to use http/1.1
* Server certificate:
*  subject: CN=*.assemblyai.com
*  start date: Jun 15 00:00:00 2024 GMT
*  expire date: Jul 14 23:59:59 2025 GMT
*  subjectAltName: host "api.assemblyai.com" matched cert's "*.assemblyai.com"
*  issuer: C=US; O=Amazon; CN=Amazon RSA 2048 M02
*  SSL certificate verify ok.
> GET /v2/transcript/bc41e5b2-808c-4a30-8971-7c8f5160f181 HTTP/1.1
Host: api.assemblyai.com
Accept: */*
authorization: 7da2fc6e2f084d17a6696d5e67395bad

< HTTP/1.1 200 OK
< Date: Tue, 29 Apr 2025 18:11:57 GMT
< Content-Type: application/json; charset=UTF-8
< Content-Length: 2862
< Connection: keep-alive
< Set-Cookie: AWSALBTG=5jzLgPn4NGSRBGVNWnGQEZ3RZaAD5+Ww/dQbDZ17AgfRw3hMt0TjRt1HmD/FhJfxYWkRi+X0yoaTyFWI6IIlzxu/8aF0qfkzWtbFg/Hme2qCoLDitbScUKOgHpHfRICeUeJlQnDMny1dQ6hczEZuebtcxIMjT9qdUyqNcUGBEoau; Expires=Tue, 06 May 2025 18:11:57 GMT; Path=/
< Set-Cookie: AWSALBTGCORS=5jzLgPn4NGSRBGVNWnGQEZ3RZaAD5+Ww/dQbDZ17AgfRw3hMt0TjRt1HmD/FhJfxYWkRi+X0yoaTyFWI6IIlzxu/8aF0qfkzWtbFg/Hme2qCoLDitbScUKOgHpHfRICeUeJlQnDMny1dQ6hczEZuebtcxIMjT9qdUyqNcUGBEoau; Expires=Tue, 06 May 2025 18:11:57 GMT; Path=/; SameSite=None; Secure
< Set-Cookie: AWSALB=4Oe10AeZNUfMfP2VFVfmbTr/ApNAnMtbI6zJ8jPlBgagbCiP+IacdTaVM09lWYO5z3z2V16g1V/znv5JaTyeIJDjXOkPdxOEGt4OKjpOXGpty+oYNjzaKzPbAQKO; Expires=Tue, 06 May 2025 18:11:57 GMT; Path=/
< Set-Cookie: AWSALBCORS=4Oe10AeZNUfMfP2VFVfmbTr/ApNAnMtbI6zJ8jPlBgagbCiP+IacdTaVM09lWYO5z3z2V16g1V/znv5JaTyeIJDjXOkPdxOEGt4OKjpOXGpty+oYNjzaKzPbAQKO; Expires=Tue, 06 May 2025 18:11:57 GMT; Path=/; SameSite=None; Secure
< Access-Control-Allow-Origin: *
< Access-Control-Allow-Headers: Content-Type, Authorization, X-Requested-With, User-Agent, AssemblyAI-Agent
< Access-Control-Allow-Methods: POST, PUT, GET, OPTIONS
< Strict-Transport-Security: max-age=31536000; includeSubDomains; preload
< Etag: "2d1840eefdd5b31dbb2933eef99d2c98c1ef444b"
< 
* Connection #0 to host api.assemblyai.com left intact

[2025-04-29 20:11:57] HTTP Response Code: 200
[2025-04-29 20:11:57] Response: {"id": "bc41e5b2-808c-4a30-8971-7c8f5160f181", "language_model": "assemblyai_default", "acoustic_model": "assemblyai_default", "language_code": "en_us", "status": "completed", "audio_url": "https://cdn.assemblyai.com/upload/bb489c77-0201-4396-9bea-5cd8bed24ef9", "text": "This is the audio that I'm recording for the website sentiment analyzer.", "words": [{"text": "This", "start": 480, "end": 592, "confidence": 0.99999, "speaker": null}, {"text": "is", "start": 592, "end": 680, "confidence": 1.0, "speaker": null}, {"text": "the", "start": 680, "end": 800, "confidence": 0.99999, "speaker": null}, {"text": "audio", "start": 816, "end": 1016, "confidence": 0.99085, "speaker": null}, {"text": "that", "start": 1048, "end": 1240, "confidence": 0.99995, "speaker": null}, {"text": "I'm", "start": 1280, "end": 1448, "confidence": 0.97456, "speaker": null}, {"text": "recording", "start": 1464, "end": 1784, "confidence": 0.90988, "speaker": null}, {"text": "for", "start": 1832, "end": 1992, "confidence": 0.99997, "speaker": null}, {"text": "the", "start": 2016, "end": 2152, "confidence": 0.99999, "speaker": null}, {"text": "website", "start": 2176, "end": 2744, "confidence": 0.99992, "speaker": null}, {"text": "sentiment", "start": 2912, "end": 3656, "confidence": 0.42805, "speaker": null}, {"text": "analyzer.", "start": 3688, "end": 4200, "confidence": 0.88025, "speaker": null}], "utterances": null, "confidence": 0.93195, "audio_duration": 6, "punctuate": true, "format_text": true, "dual_channel": null, "webhook_url": null, "webhook_status_code": null, "webhook_auth": false, "webhook_auth_header_name": null, "speed_boost": false, "auto_highlights_result": null, "auto_highlights": false, "audio_start_from": null, "audio_end_at": null, "word_boost": [], "boost_param": null, "prompt": null, "keyterms_prompt": [], "filter_profanity": false, "redact_pii": false, "redact_pii_audio": false, "redact_pii_audio_quality": null, "redact_pii_policies": null, "redact_pii_sub": null, "speaker_labels": false, "content_safety": false, "iab_categories": false, "content_safety_labels": {"status": "unavailable", "results": [], "summary": {}}, "iab_categories_result": {"status": "unavailable", "results": [], "summary": {}}, "language_detection": false, "language_confidence_threshold": null, "language_confidence": null, "custom_spelling": null, "throttled": false, "auto_chapters": false, "summarization": false, "summary_type": null, "summary_model": null, "custom_topics": false, "topics": [], "speech_threshold": null, "speech_model": null, "chapters": null, "disfluencies": false, "entity_detection": false, "sentiment_analysis": false, "sentiment_analysis_results": null, "entities": null, "speakers_expected": null, "summary": null, "custom_topics_results": null, "is_deleted": null, "multichannel": null, "project_id": 546162, "token_id": 547942}
[2025-04-29 20:11:57] Transcription completed successfully
[2025-04-29 20:11:57] Transcription results received: {"id":"bc41e5b2-808c-4a30-8971-7c8f5160f181","language_model":"assemblyai_default","acoustic_model":"assemblyai_default","language_code":"en_us","status":"completed","audio_url":"https:\/\/cdn.assemblyai.com\/upload\/bb489c77-0201-4396-9bea-5cd8bed24ef9","text":"This is the audio that I'm recording for the website sentiment analyzer.","words":[{"text":"This","start":480,"end":592,"confidence":0.99999000000000004551026222543441690504550933837890625,"speaker":null},{"text":"is","start":592,"end":680,"confidence":1,"speaker":null},{"text":"the","start":680,"end":800,"confidence":0.99999000000000004551026222543441690504550933837890625,"speaker":null},{"text":"audio","start":816,"end":1016,"confidence":0.9908500000000000085265128291212022304534912109375,"speaker":null},{"text":"that","start":1048,"end":1240,"confidence":0.99995000000000000550670620214077644050121307373046875,"speaker":null},{"text":"I'm","start":1280,"end":1448,"confidence":0.97455999999999998184563310132944025099277496337890625,"speaker":null},{"text":"recording","start":1464,"end":1784,"confidence":0.9098800000000000220978790821391157805919647216796875,"speaker":null},{"text":"for","start":1832,"end":1992,"confidence":0.9999700000000000255084842137875966727733612060546875,"speaker":null},{"text":"the","start":2016,"end":2152,"confidence":0.99999000000000004551026222543441690504550933837890625,"speaker":null},{"text":"website","start":2176,"end":2744,"confidence":0.99992000000000003101519041592837311327457427978515625,"speaker":null},{"text":"sentiment","start":2912,"end":3656,"confidence":0.428049999999999986055598810708033852279186248779296875,"speaker":null},{"text":"analyzer.","start":3688,"end":4200,"confidence":0.8802499999999999769073610877967439591884613037109375,"speaker":null}],"utterances":null,"confidence":0.93194999999999994511057366253226064145565032958984375,"audio_duration":6,"punctuate":true,"format_text":true,"dual_channel":null,"webhook_url":null,"webhook_status_code":null,"webhook_auth":false,"webhook_auth_header_name":null,"speed_boost":false,"auto_highlights_result":null,"auto_highlights":false,"audio_start_from":null,"audio_end_at":null,"word_boost":[],"boost_param":null,"prompt":null,"keyterms_prompt":[],"filter_profanity":false,"redact_pii":false,"redact_pii_audio":false,"redact_pii_audio_quality":null,"redact_pii_policies":null,"redact_pii_sub":null,"speaker_labels":false,"content_safety":false,"iab_categories":false,"content_safety_labels":{"status":"unavailable","results":[],"summary":[]},"iab_categories_result":{"status":"unavailable","results":[],"summary":[]},"language_detection":false,"language_confidence_threshold":null,"language_confidence":null,"custom_spelling":null,"throttled":false,"auto_chapters":false,"summarization":false,"summary_type":null,"summary_model":null,"custom_topics":false,"topics":[],"speech_threshold":null,"speech_model":null,"chapters":null,"disfluencies":false,"entity_detection":false,"sentiment_analysis":false,"sentiment_analysis_results":null,"entities":null,"speakers_expected":null,"summary":null,"custom_topics_results":null,"is_deleted":null,"multichannel":null,"project_id":546162,"token_id":547942}
[2025-04-29 20:45:29] API key found in .env file
[2025-04-29 20:45:29] === Starting AssemblyAI Upload ===
[2025-04-29 20:45:29] Audio file path: uploads/recording_1745952329.wav
[2025-04-29 20:45:29] Detected MIME type: audio/wav
[2025-04-29 20:45:29] Sending file to AssemblyAI upload endpoint...
[2025-04-29 20:45:31] HTTP Response Code: 200
[2025-04-29 20:45:31] Raw Response: {"upload_url":"https://cdn.assemblyai.com/upload/06d99dfe-3fd4-4fea-841b-7ffe5ce6a162"}

[2025-04-29 20:45:31] Upload URL received: https://cdn.assemblyai.com/upload/06d99dfe-3fd4-4fea-841b-7ffe5ce6a162
[2025-04-29 20:45:31] Starting transcription job...
[2025-04-29 20:45:31] Request body: {"audio_url":"https:\/\/cdn.assemblyai.com\/upload\/06d99dfe-3fd4-4fea-841b-7ffe5ce6a162"}
[2025-04-29 20:45:32] HTTP Response Code: 200
[2025-04-29 20:45:32] Raw Response: {"id": "5946e7e8-72fd-4149-aabf-32741c4e175d", "language_model": "assemblyai_default", "acoustic_model": "assemblyai_default", "language_code": "en_us", "status": "queued", "audio_url": "https://cdn.assemblyai.com/upload/06d99dfe-3fd4-4fea-841b-7ffe5ce6a162", "text": null, "words": null, "utterances": null, "confidence": null, "audio_duration": null, "punctuate": true, "format_text": true, "dual_channel": null, "webhook_url": null, "webhook_status_code": null, "webhook_auth": false, "webhook_auth_header_name": null, "speed_boost": false, "auto_highlights_result": null, "auto_highlights": false, "audio_start_from": null, "audio_end_at": null, "word_boost": [], "boost_param": null, "prompt": null, "keyterms_prompt": null, "filter_profanity": false, "redact_pii": false, "redact_pii_audio": false, "redact_pii_audio_quality": null, "redact_pii_policies": null, "redact_pii_sub": null, "speaker_labels": false, "content_safety": false, "iab_categories": false, "content_safety_labels": {}, "iab_categories_result": {}, "language_detection": false, "language_confidence_threshold": null, "language_confidence": null, "custom_spelling": null, "throttled": false, "auto_chapters": false, "summarization": false, "summary_type": null, "summary_model": null, "custom_topics": false, "topics": [], "speech_threshold": null, "speech_model": null, "chapters": null, "disfluencies": false, "entity_detection": false, "sentiment_analysis": false, "sentiment_analysis_results": null, "entities": null, "speakers_expected": null, "summary": null, "custom_topics_results": null, "is_deleted": null, "multichannel": null, "project_id": 546162, "token_id": 547942}
[2025-04-29 20:45:32] === Checking Transcription Status ===
[2025-04-29 20:45:32] Transcript ID: 5946e7e8-72fd-4149-aabf-32741c4e175d
[2025-04-29 20:45:33] cURL verbose output: * Hostname api.assemblyai.com was found in DNS cache
*   Trying 52.35.221.153...
* TCP_NODELAY set
* Connected to api.assemblyai.com (52.35.221.153) port 443 (#0)
* ALPN, offering http/1.1
* Cipher selection: ALL:!EXPORT:!EXPORT40:!EXPORT56:!aNULL:!LOW:!RC4:@STRENGTH
* successfully set certificate verify locations:
*   CAfile: /Applications/XAMPP/xamppfiles/share/curl/curl-ca-bundle.crt
  CApath: none
* SSL connection using TLSv1.3 / TLS_AES_128_GCM_SHA256
* ALPN, server accepted to use http/1.1
* Server certificate:
*  subject: CN=*.assemblyai.com
*  start date: Jun 15 00:00:00 2024 GMT
*  expire date: Jul 14 23:59:59 2025 GMT
*  subjectAltName: host "api.assemblyai.com" matched cert's "*.assemblyai.com"
*  issuer: C=US; O=Amazon; CN=Amazon RSA 2048 M02
*  SSL certificate verify ok.
> GET /v2/transcript/5946e7e8-72fd-4149-aabf-32741c4e175d HTTP/1.1
Host: api.assemblyai.com
Accept: */*
authorization: 7da2fc6e2f084d17a6696d5e67395bad

< HTTP/1.1 200 OK
< Date: Tue, 29 Apr 2025 18:45:33 GMT
< Content-Type: application/json; charset=UTF-8
< Content-Length: 1657
< Connection: keep-alive
< Set-Cookie: AWSALBTG=s/sUsWdoLGVVFzHiuyRoKwPk7CVacNsXx0skSEh84taFezGnPMPgrI/kYytfkcnBKbYf97MAt2cKhtgk42UBbSAPk6Krih8q5939wGLVHi232sMJFgfm0mVZ4eYqnL6IkCvGYoyIG2GRsXWOKk5xo+GG8sK8aQM5iLVcfRbR6+cT; Expires=Tue, 06 May 2025 18:45:33 GMT; Path=/
< Set-Cookie: AWSALBTGCORS=s/sUsWdoLGVVFzHiuyRoKwPk7CVacNsXx0skSEh84taFezGnPMPgrI/kYytfkcnBKbYf97MAt2cKhtgk42UBbSAPk6Krih8q5939wGLVHi232sMJFgfm0mVZ4eYqnL6IkCvGYoyIG2GRsXWOKk5xo+GG8sK8aQM5iLVcfRbR6+cT; Expires=Tue, 06 May 2025 18:45:33 GMT; Path=/; SameSite=None; Secure
< Set-Cookie: AWSALB=CbufbalKbB+MFqWLi8nR1QY+MzmUHaiD/Sv0yqcSrxQI1gIbE3iqjQdRYAFeNkuaWrblLInizmnsq+Y9AAhbBqiBCJPwZlXIT9Ti0q5w3EUnjcEk6T3UqS2+2brE; Expires=Tue, 06 May 2025 18:45:33 GMT; Path=/
< Set-Cookie: AWSALBCORS=CbufbalKbB+MFqWLi8nR1QY+MzmUHaiD/Sv0yqcSrxQI1gIbE3iqjQdRYAFeNkuaWrblLInizmnsq+Y9AAhbBqiBCJPwZlXIT9Ti0q5w3EUnjcEk6T3UqS2+2brE; Expires=Tue, 06 May 2025 18:45:33 GMT; Path=/; SameSite=None; Secure
< Access-Control-Allow-Origin: *
< Access-Control-Allow-Headers: Content-Type, Authorization, X-Requested-With, User-Agent, AssemblyAI-Agent
< Access-Control-Allow-Methods: POST, PUT, GET, OPTIONS
< Strict-Transport-Security: max-age=31536000; includeSubDomains; preload
< Etag: "0822ee5e0a681f6aadc322ca4f82ca090349434e"
< 
* Connection #0 to host api.assemblyai.com left intact

[2025-04-29 20:45:33] HTTP Response Code: 200
[2025-04-29 20:45:33] Response: {"id": "5946e7e8-72fd-4149-aabf-32741c4e175d", "language_model": "assemblyai_default", "acoustic_model": "assemblyai_default", "language_code": "en_us", "status": "processing", "audio_url": "https://cdn.assemblyai.com/upload/06d99dfe-3fd4-4fea-841b-7ffe5ce6a162", "text": null, "words": null, "utterances": null, "confidence": null, "audio_duration": null, "punctuate": true, "format_text": true, "dual_channel": null, "webhook_url": null, "webhook_status_code": null, "webhook_auth": false, "webhook_auth_header_name": null, "speed_boost": false, "auto_highlights_result": null, "auto_highlights": false, "audio_start_from": null, "audio_end_at": null, "word_boost": [], "boost_param": null, "prompt": null, "keyterms_prompt": [], "filter_profanity": false, "redact_pii": false, "redact_pii_audio": false, "redact_pii_audio_quality": null, "redact_pii_policies": null, "redact_pii_sub": null, "speaker_labels": false, "content_safety": false, "iab_categories": false, "content_safety_labels": {}, "iab_categories_result": {}, "language_detection": false, "language_confidence_threshold": null, "language_confidence": null, "custom_spelling": null, "throttled": false, "auto_chapters": false, "summarization": false, "summary_type": null, "summary_model": null, "custom_topics": false, "topics": [], "speech_threshold": null, "speech_model": null, "chapters": null, "disfluencies": false, "entity_detection": false, "sentiment_analysis": false, "sentiment_analysis_results": null, "entities": null, "speakers_expected": null, "summary": null, "custom_topics_results": null, "is_deleted": null, "multichannel": null, "project_id": 546162, "token_id": 547942}
[2025-04-29 20:45:33] Attempt 1: Transcription still processing. Waiting 2 seconds...
[2025-04-29 20:45:36] cURL verbose output: * Hostname api.assemblyai.com was found in DNS cache
*   Trying 52.35.221.153...
* TCP_NODELAY set
* Connected to api.assemblyai.com (52.35.221.153) port 443 (#0)
* ALPN, offering http/1.1
* Cipher selection: ALL:!EXPORT:!EXPORT40:!EXPORT56:!aNULL:!LOW:!RC4:@STRENGTH
* successfully set certificate verify locations:
*   CAfile: /Applications/XAMPP/xamppfiles/share/curl/curl-ca-bundle.crt
  CApath: none
* SSL connection using TLSv1.3 / TLS_AES_128_GCM_SHA256
* ALPN, server accepted to use http/1.1
* Server certificate:
*  subject: CN=*.assemblyai.com
*  start date: Jun 15 00:00:00 2024 GMT
*  expire date: Jul 14 23:59:59 2025 GMT
*  subjectAltName: host "api.assemblyai.com" matched cert's "*.assemblyai.com"
*  issuer: C=US; O=Amazon; CN=Amazon RSA 2048 M02
*  SSL certificate verify ok.
> GET /v2/transcript/5946e7e8-72fd-4149-aabf-32741c4e175d HTTP/1.1
Host: api.assemblyai.com
Accept: */*
authorization: 7da2fc6e2f084d17a6696d5e67395bad

< HTTP/1.1 200 OK
< Date: Tue, 29 Apr 2025 18:45:36 GMT
< Content-Type: application/json; charset=UTF-8
< Content-Length: 2111
< Connection: keep-alive
< Set-Cookie: AWSALBTG=5GsKryqlqjIBTrYq6wLVtkPWaHacQ1mtJFE1OHFuToDVJKw24Gq4IuLGLfn22xsBWJQBSJQqHm0glAtbtuFxudT36CZz79+ZD7zhkSbGKOfmfSbRyUpFhaVwASI762GckCiZvWAh/FEtP7XfNewkYK+/kgoP5DbTa0LA16F3QRcE; Expires=Tue, 06 May 2025 18:45:36 GMT; Path=/
< Set-Cookie: AWSALBTGCORS=5GsKryqlqjIBTrYq6wLVtkPWaHacQ1mtJFE1OHFuToDVJKw24Gq4IuLGLfn22xsBWJQBSJQqHm0glAtbtuFxudT36CZz79+ZD7zhkSbGKOfmfSbRyUpFhaVwASI762GckCiZvWAh/FEtP7XfNewkYK+/kgoP5DbTa0LA16F3QRcE; Expires=Tue, 06 May 2025 18:45:36 GMT; Path=/; SameSite=None; Secure
< Set-Cookie: AWSALB=8Cwuz1ILCb6aEzan34xjf0Pstxmwdas4Wz8GcjT2W+g7FNiG38iAlXHQcnwKlqxA8f75YO99yprVQtkxOIMYXb5aw209/l0ZxhmsLuefnTCib9Tm8fderKeRD09r; Expires=Tue, 06 May 2025 18:45:36 GMT; Path=/
< Set-Cookie: AWSALBCORS=8Cwuz1ILCb6aEzan34xjf0Pstxmwdas4Wz8GcjT2W+g7FNiG38iAlXHQcnwKlqxA8f75YO99yprVQtkxOIMYXb5aw209/l0ZxhmsLuefnTCib9Tm8fderKeRD09r; Expires=Tue, 06 May 2025 18:45:36 GMT; Path=/; SameSite=None; Secure
< Access-Control-Allow-Origin: *
< Access-Control-Allow-Headers: Content-Type, Authorization, X-Requested-With, User-Agent, AssemblyAI-Agent
< Access-Control-Allow-Methods: POST, PUT, GET, OPTIONS
< Strict-Transport-Security: max-age=31536000; includeSubDomains; preload
< Etag: "ad374121eb7cbaac768b2af8ba8204680bc7f001"
< 
* Connection #0 to host api.assemblyai.com left intact

[2025-04-29 20:45:36] HTTP Response Code: 200
[2025-04-29 20:45:36] Response: {"id": "5946e7e8-72fd-4149-aabf-32741c4e175d", "language_model": "assemblyai_default", "acoustic_model": "assemblyai_default", "language_code": "en_us", "status": "completed", "audio_url": "https://cdn.assemblyai.com/upload/06d99dfe-3fd4-4fea-841b-7ffe5ce6a162", "text": "I am very sad.", "words": [{"text": "I", "start": 1600, "end": 1664, "confidence": 0.99906, "speaker": null}, {"text": "am", "start": 1664, "end": 1784, "confidence": 0.99319, "speaker": null}, {"text": "very", "start": 1784, "end": 1968, "confidence": 0.99995, "speaker": null}, {"text": "sad.", "start": 2000, "end": 2120, "confidence": 0.99645, "speaker": null}], "utterances": null, "confidence": 0.9971625, "audio_duration": 4, "punctuate": true, "format_text": true, "dual_channel": null, "webhook_url": null, "webhook_status_code": null, "webhook_auth": false, "webhook_auth_header_name": null, "speed_boost": false, "auto_highlights_result": null, "auto_highlights": false, "audio_start_from": null, "audio_end_at": null, "word_boost": [], "boost_param": null, "prompt": null, "keyterms_prompt": [], "filter_profanity": false, "redact_pii": false, "redact_pii_audio": false, "redact_pii_audio_quality": null, "redact_pii_policies": null, "redact_pii_sub": null, "speaker_labels": false, "content_safety": false, "iab_categories": false, "content_safety_labels": {"status": "unavailable", "results": [], "summary": {}}, "iab_categories_result": {"status": "unavailable", "results": [], "summary": {}}, "language_detection": false, "language_confidence_threshold": null, "language_confidence": null, "custom_spelling": null, "throttled": false, "auto_chapters": false, "summarization": false, "summary_type": null, "summary_model": null, "custom_topics": false, "topics": [], "speech_threshold": null, "speech_model": null, "chapters": null, "disfluencies": false, "entity_detection": false, "sentiment_analysis": false, "sentiment_analysis_results": null, "entities": null, "speakers_expected": null, "summary": null, "custom_topics_results": null, "is_deleted": null, "multichannel": null, "project_id": 546162, "token_id": 547942}
[2025-04-29 20:45:36] Transcription completed successfully
[2025-04-29 20:46:12] API key found in .env file
[2025-04-29 20:46:12] === Starting AssemblyAI Upload ===
[2025-04-29 20:46:12] Audio file path: uploads/1745952372_WhatsApp Audio 2025-04-24 at 2.08.05 PM.mpeg.wav
[2025-04-29 20:46:12] Detected MIME type: audio/wav
[2025-04-29 20:46:12] Sending file to AssemblyAI upload endpoint...
[2025-04-29 20:46:15] HTTP Response Code: 200
[2025-04-29 20:46:15] Raw Response: {"upload_url":"https://cdn.assemblyai.com/upload/83f69153-c84d-472d-b254-d6d36f3afb7b"}

[2025-04-29 20:46:15] Upload URL received: https://cdn.assemblyai.com/upload/83f69153-c84d-472d-b254-d6d36f3afb7b
[2025-04-29 20:46:15] Starting transcription job...
[2025-04-29 20:46:15] Request body: {"audio_url":"https:\/\/cdn.assemblyai.com\/upload\/83f69153-c84d-472d-b254-d6d36f3afb7b"}
[2025-04-29 20:46:16] HTTP Response Code: 200
[2025-04-29 20:46:16] Raw Response: {"id": "8103053a-fd04-480d-8818-b89ffe71e4eb", "language_model": "assemblyai_default", "acoustic_model": "assemblyai_default", "language_code": "en_us", "status": "queued", "audio_url": "https://cdn.assemblyai.com/upload/83f69153-c84d-472d-b254-d6d36f3afb7b", "text": null, "words": null, "utterances": null, "confidence": null, "audio_duration": null, "punctuate": true, "format_text": true, "dual_channel": null, "webhook_url": null, "webhook_status_code": null, "webhook_auth": false, "webhook_auth_header_name": null, "speed_boost": false, "auto_highlights_result": null, "auto_highlights": false, "audio_start_from": null, "audio_end_at": null, "word_boost": [], "boost_param": null, "prompt": null, "keyterms_prompt": null, "filter_profanity": false, "redact_pii": false, "redact_pii_audio": false, "redact_pii_audio_quality": null, "redact_pii_policies": null, "redact_pii_sub": null, "speaker_labels": false, "content_safety": false, "iab_categories": false, "content_safety_labels": {}, "iab_categories_result": {}, "language_detection": false, "language_confidence_threshold": null, "language_confidence": null, "custom_spelling": null, "throttled": false, "auto_chapters": false, "summarization": false, "summary_type": null, "summary_model": null, "custom_topics": false, "topics": [], "speech_threshold": null, "speech_model": null, "chapters": null, "disfluencies": false, "entity_detection": false, "sentiment_analysis": false, "sentiment_analysis_results": null, "entities": null, "speakers_expected": null, "summary": null, "custom_topics_results": null, "is_deleted": null, "multichannel": null, "project_id": 546162, "token_id": 547942}
[2025-04-29 20:46:16] Attempting to get transcription results for ID: 8103053a-fd04-480d-8818-b89ffe71e4eb
[2025-04-29 20:46:16] === Checking Transcription Status ===
[2025-04-29 20:46:16] Transcript ID: 8103053a-fd04-480d-8818-b89ffe71e4eb
[2025-04-29 20:46:17] cURL verbose output: * Hostname api.assemblyai.com was found in DNS cache
*   Trying 52.35.221.153...
* TCP_NODELAY set
* Connected to api.assemblyai.com (52.35.221.153) port 443 (#0)
* ALPN, offering http/1.1
* Cipher selection: ALL:!EXPORT:!EXPORT40:!EXPORT56:!aNULL:!LOW:!RC4:@STRENGTH
* successfully set certificate verify locations:
*   CAfile: /Applications/XAMPP/xamppfiles/share/curl/curl-ca-bundle.crt
  CApath: none
* SSL connection using TLSv1.3 / TLS_AES_128_GCM_SHA256
* ALPN, server accepted to use http/1.1
* Server certificate:
*  subject: CN=*.assemblyai.com
*  start date: Jun 15 00:00:00 2024 GMT
*  expire date: Jul 14 23:59:59 2025 GMT
*  subjectAltName: host "api.assemblyai.com" matched cert's "*.assemblyai.com"
*  issuer: C=US; O=Amazon; CN=Amazon RSA 2048 M02
*  SSL certificate verify ok.
> GET /v2/transcript/8103053a-fd04-480d-8818-b89ffe71e4eb HTTP/1.1
Host: api.assemblyai.com
Accept: */*
authorization: 7da2fc6e2f084d17a6696d5e67395bad

< HTTP/1.1 200 OK
< Date: Tue, 29 Apr 2025 18:46:17 GMT
< Content-Type: application/json; charset=UTF-8
< Content-Length: 1657
< Connection: keep-alive
< Set-Cookie: AWSALBTG=utGggqCbSPwg+r2J3/IdQ08qIchWH98Q67I7W5LTDH2EavVtpitDP0nm5fykB1sLa3tM/3u8rs8fJiLKpojOGaybyCDYyK9Zcd+LHltQyKQYxbTGWS4A1yx/40I49GE8Rm7Mtyd9bV2Gpay/6+pZKSTOVXGP/lJln7ATk44gGLbI; Expires=Tue, 06 May 2025 18:46:17 GMT; Path=/
< Set-Cookie: AWSALBTGCORS=utGggqCbSPwg+r2J3/IdQ08qIchWH98Q67I7W5LTDH2EavVtpitDP0nm5fykB1sLa3tM/3u8rs8fJiLKpojOGaybyCDYyK9Zcd+LHltQyKQYxbTGWS4A1yx/40I49GE8Rm7Mtyd9bV2Gpay/6+pZKSTOVXGP/lJln7ATk44gGLbI; Expires=Tue, 06 May 2025 18:46:17 GMT; Path=/; SameSite=None; Secure
< Set-Cookie: AWSALB=kG6HB6Lb1LU9UnbVnnJH7pA6IgPRuAegfP0MDLC8ZD4sq00ZJW4kFicKeR7nu+f9ZMsT1QHqKSPBOgIviyfbll8XRm82WqYbuEbOag42pKIk00mFarEeUDVLaO6F; Expires=Tue, 06 May 2025 18:46:17 GMT; Path=/
< Set-Cookie: AWSALBCORS=kG6HB6Lb1LU9UnbVnnJH7pA6IgPRuAegfP0MDLC8ZD4sq00ZJW4kFicKeR7nu+f9ZMsT1QHqKSPBOgIviyfbll8XRm82WqYbuEbOag42pKIk00mFarEeUDVLaO6F; Expires=Tue, 06 May 2025 18:46:17 GMT; Path=/; SameSite=None; Secure
< Access-Control-Allow-Origin: *
< Access-Control-Allow-Headers: Content-Type, Authorization, X-Requested-With, User-Agent, AssemblyAI-Agent
< Access-Control-Allow-Methods: POST, PUT, GET, OPTIONS
< Strict-Transport-Security: max-age=31536000; includeSubDomains; preload
< Etag: "6a9b026924bd3aad89ded7db877bd5d9e4d76636"
< 
* Connection #0 to host api.assemblyai.com left intact

[2025-04-29 20:46:17] HTTP Response Code: 200
[2025-04-29 20:46:17] Response: {"id": "8103053a-fd04-480d-8818-b89ffe71e4eb", "language_model": "assemblyai_default", "acoustic_model": "assemblyai_default", "language_code": "en_us", "status": "processing", "audio_url": "https://cdn.assemblyai.com/upload/83f69153-c84d-472d-b254-d6d36f3afb7b", "text": null, "words": null, "utterances": null, "confidence": null, "audio_duration": null, "punctuate": true, "format_text": true, "dual_channel": null, "webhook_url": null, "webhook_status_code": null, "webhook_auth": false, "webhook_auth_header_name": null, "speed_boost": false, "auto_highlights_result": null, "auto_highlights": false, "audio_start_from": null, "audio_end_at": null, "word_boost": [], "boost_param": null, "prompt": null, "keyterms_prompt": [], "filter_profanity": false, "redact_pii": false, "redact_pii_audio": false, "redact_pii_audio_quality": null, "redact_pii_policies": null, "redact_pii_sub": null, "speaker_labels": false, "content_safety": false, "iab_categories": false, "content_safety_labels": {}, "iab_categories_result": {}, "language_detection": false, "language_confidence_threshold": null, "language_confidence": null, "custom_spelling": null, "throttled": false, "auto_chapters": false, "summarization": false, "summary_type": null, "summary_model": null, "custom_topics": false, "topics": [], "speech_threshold": null, "speech_model": null, "chapters": null, "disfluencies": false, "entity_detection": false, "sentiment_analysis": false, "sentiment_analysis_results": null, "entities": null, "speakers_expected": null, "summary": null, "custom_topics_results": null, "is_deleted": null, "multichannel": null, "project_id": 546162, "token_id": 547942}
[2025-04-29 20:46:17] Attempt 1: Transcription still processing. Waiting 2 seconds...
[2025-04-29 20:46:20] cURL verbose output: * Hostname api.assemblyai.com was found in DNS cache
*   Trying 52.35.221.153...
* TCP_NODELAY set
* Connected to api.assemblyai.com (52.35.221.153) port 443 (#0)
* ALPN, offering http/1.1
* Cipher selection: ALL:!EXPORT:!EXPORT40:!EXPORT56:!aNULL:!LOW:!RC4:@STRENGTH
* successfully set certificate verify locations:
*   CAfile: /Applications/XAMPP/xamppfiles/share/curl/curl-ca-bundle.crt
  CApath: none
* SSL connection using TLSv1.3 / TLS_AES_128_GCM_SHA256
* ALPN, server accepted to use http/1.1
* Server certificate:
*  subject: CN=*.assemblyai.com
*  start date: Jun 15 00:00:00 2024 GMT
*  expire date: Jul 14 23:59:59 2025 GMT
*  subjectAltName: host "api.assemblyai.com" matched cert's "*.assemblyai.com"
*  issuer: C=US; O=Amazon; CN=Amazon RSA 2048 M02
*  SSL certificate verify ok.
> GET /v2/transcript/8103053a-fd04-480d-8818-b89ffe71e4eb HTTP/1.1
Host: api.assemblyai.com
Accept: */*
authorization: 7da2fc6e2f084d17a6696d5e67395bad

< HTTP/1.1 200 OK
< Date: Tue, 29 Apr 2025 18:46:20 GMT
< Content-Type: application/json; charset=UTF-8
< Content-Length: 2864
< Connection: keep-alive
< Set-Cookie: AWSALBTG=EgCSQ/F+nBPHzXWiHv6Dz8f8zq/efs04/8w3+SL/0ofk0rZ3gyR8sLNUzQyxYrONattKm+iqMj+f/viw9y+QbQ1ExUvhneWHHkbp3XPp8p6pudOsu9h3gy64YdwKG5qyr7WJ8DKvcq3ikWvWhjHvIGTNZ6vPmqVZK/r/BlY9K4jb; Expires=Tue, 06 May 2025 18:46:20 GMT; Path=/
< Set-Cookie: AWSALBTGCORS=EgCSQ/F+nBPHzXWiHv6Dz8f8zq/efs04/8w3+SL/0ofk0rZ3gyR8sLNUzQyxYrONattKm+iqMj+f/viw9y+QbQ1ExUvhneWHHkbp3XPp8p6pudOsu9h3gy64YdwKG5qyr7WJ8DKvcq3ikWvWhjHvIGTNZ6vPmqVZK/r/BlY9K4jb; Expires=Tue, 06 May 2025 18:46:20 GMT; Path=/; SameSite=None; Secure
< Set-Cookie: AWSALB=j0A8J/2Z374TyHVB3RphTvXXC2PfuJX5c1s9mhwilbjkxZJu5GrgBiH6gI8Z3vOkoKjcy2XCyQg2HZIFcSOqKFuidx3RddiQPQWjhJEOML6gCS6vmTfXUFAjLvQL; Expires=Tue, 06 May 2025 18:46:20 GMT; Path=/
< Set-Cookie: AWSALBCORS=j0A8J/2Z374TyHVB3RphTvXXC2PfuJX5c1s9mhwilbjkxZJu5GrgBiH6gI8Z3vOkoKjcy2XCyQg2HZIFcSOqKFuidx3RddiQPQWjhJEOML6gCS6vmTfXUFAjLvQL; Expires=Tue, 06 May 2025 18:46:20 GMT; Path=/; SameSite=None; Secure
< Access-Control-Allow-Origin: *
< Access-Control-Allow-Headers: Content-Type, Authorization, X-Requested-With, User-Agent, AssemblyAI-Agent
< Access-Control-Allow-Methods: POST, PUT, GET, OPTIONS
< Strict-Transport-Security: max-age=31536000; includeSubDomains; preload
< Etag: "f8b0b588bcc5a2f1a45e4ac0bd2ee68e99755eaa"
< 
* Connection #0 to host api.assemblyai.com left intact

[2025-04-29 20:46:20] HTTP Response Code: 200
[2025-04-29 20:46:20] Response: {"id": "8103053a-fd04-480d-8818-b89ffe71e4eb", "language_model": "assemblyai_default", "acoustic_model": "assemblyai_default", "language_code": "en_us", "status": "completed", "audio_url": "https://cdn.assemblyai.com/upload/83f69153-c84d-472d-b254-d6d36f3afb7b", "text": "This is the audio that I'm recording for the website sentiment analyzer.", "words": [{"text": "This", "start": 480, "end": 592, "confidence": 0.99998, "speaker": null}, {"text": "is", "start": 592, "end": 680, "confidence": 1.0, "speaker": null}, {"text": "the", "start": 680, "end": 800, "confidence": 0.99999, "speaker": null}, {"text": "audio", "start": 816, "end": 1016, "confidence": 0.99085, "speaker": null}, {"text": "that", "start": 1048, "end": 1240, "confidence": 0.99995, "speaker": null}, {"text": "I'm", "start": 1280, "end": 1448, "confidence": 0.97459, "speaker": null}, {"text": "recording", "start": 1464, "end": 1784, "confidence": 0.9149, "speaker": null}, {"text": "for", "start": 1832, "end": 1992, "confidence": 0.99998, "speaker": null}, {"text": "the", "start": 2016, "end": 2152, "confidence": 0.99999, "speaker": null}, {"text": "website", "start": 2176, "end": 2744, "confidence": 0.99991, "speaker": null}, {"text": "sentiment", "start": 2912, "end": 3656, "confidence": 0.43069, "speaker": null}, {"text": "analyzer.", "start": 3688, "end": 4200, "confidence": 0.88026, "speaker": null}], "utterances": null, "confidence": 0.93259084, "audio_duration": 6, "punctuate": true, "format_text": true, "dual_channel": null, "webhook_url": null, "webhook_status_code": null, "webhook_auth": false, "webhook_auth_header_name": null, "speed_boost": false, "auto_highlights_result": null, "auto_highlights": false, "audio_start_from": null, "audio_end_at": null, "word_boost": [], "boost_param": null, "prompt": null, "keyterms_prompt": [], "filter_profanity": false, "redact_pii": false, "redact_pii_audio": false, "redact_pii_audio_quality": null, "redact_pii_policies": null, "redact_pii_sub": null, "speaker_labels": false, "content_safety": false, "iab_categories": false, "content_safety_labels": {"status": "unavailable", "results": [], "summary": {}}, "iab_categories_result": {"status": "unavailable", "results": [], "summary": {}}, "language_detection": false, "language_confidence_threshold": null, "language_confidence": null, "custom_spelling": null, "throttled": false, "auto_chapters": false, "summarization": false, "summary_type": null, "summary_model": null, "custom_topics": false, "topics": [], "speech_threshold": null, "speech_model": null, "chapters": null, "disfluencies": false, "entity_detection": false, "sentiment_analysis": false, "sentiment_analysis_results": null, "entities": null, "speakers_expected": null, "summary": null, "custom_topics_results": null, "is_deleted": null, "multichannel": null, "project_id": 546162, "token_id": 547942}
[2025-04-29 20:46:20] Transcription completed successfully
[2025-04-29 20:46:20] Transcription results received: {"id":"8103053a-fd04-480d-8818-b89ffe71e4eb","language_model":"assemblyai_default","acoustic_model":"assemblyai_default","language_code":"en_us","status":"completed","audio_url":"https:\/\/cdn.assemblyai.com\/upload\/83f69153-c84d-472d-b254-d6d36f3afb7b","text":"This is the audio that I'm recording for the website sentiment analyzer.","words":[{"text":"This","start":480,"end":592,"confidence":0.99997999999999997999822198835317976772785186767578125,"speaker":null},{"text":"is","start":592,"end":680,"confidence":1,"speaker":null},{"text":"the","start":680,"end":800,"confidence":0.99999000000000004551026222543441690504550933837890625,"speaker":null},{"text":"audio","start":816,"end":1016,"confidence":0.9908500000000000085265128291212022304534912109375,"speaker":null},{"text":"that","start":1048,"end":1240,"confidence":0.99995000000000000550670620214077644050121307373046875,"speaker":null},{"text":"I'm","start":1280,"end":1448,"confidence":0.97458999999999995633714888754184357821941375732421875,"speaker":null},{"text":"recording","start":1464,"end":1784,"confidence":0.9149000000000000465405491922865621745586395263671875,"speaker":null},{"text":"for","start":1832,"end":1992,"confidence":0.99997999999999997999822198835317976772785186767578125,"speaker":null},{"text":"the","start":2016,"end":2152,"confidence":0.99999000000000004551026222543441690504550933837890625,"speaker":null},{"text":"website","start":2176,"end":2744,"confidence":0.99990999999999996550315017884713597595691680908203125,"speaker":null},{"text":"sentiment","start":2912,"end":3656,"confidence":0.4306900000000000172661884789704345166683197021484375,"speaker":null},{"text":"analyzer.","start":3688,"end":4200,"confidence":0.8802600000000000424194013248779810965061187744140625,"speaker":null}],"utterances":null,"confidence":0.932590840000000032006255423766560852527618408203125,"audio_duration":6,"punctuate":true,"format_text":true,"dual_channel":null,"webhook_url":null,"webhook_status_code":null,"webhook_auth":false,"webhook_auth_header_name":null,"speed_boost":false,"auto_highlights_result":null,"auto_highlights":false,"audio_start_from":null,"audio_end_at":null,"word_boost":[],"boost_param":null,"prompt":null,"keyterms_prompt":[],"filter_profanity":false,"redact_pii":false,"redact_pii_audio":false,"redact_pii_audio_quality":null,"redact_pii_policies":null,"redact_pii_sub":null,"speaker_labels":false,"content_safety":false,"iab_categories":false,"content_safety_labels":{"status":"unavailable","results":[],"summary":[]},"iab_categories_result":{"status":"unavailable","results":[],"summary":[]},"language_detection":false,"language_confidence_threshold":null,"language_confidence":null,"custom_spelling":null,"throttled":false,"auto_chapters":false,"summarization":false,"summary_type":null,"summary_model":null,"custom_topics":false,"topics":[],"speech_threshold":null,"speech_model":null,"chapters":null,"disfluencies":false,"entity_detection":false,"sentiment_analysis":false,"sentiment_analysis_results":null,"entities":null,"speakers_expected":null,"summary":null,"custom_topics_results":null,"is_deleted":null,"multichannel":null,"project_id":546162,"token_id":547942}
[2025-04-29 20:46:20] API key found in .env file
[2025-04-29 20:46:20] === Starting AssemblyAI Upload ===
[2025-04-29 20:46:20] Audio file path: uploads/1745952380_WhatsApp Audio 2025-04-24 at 2.08.05 PM.mpeg.wav
[2025-04-29 20:46:20] Detected MIME type: audio/wav
[2025-04-29 20:46:20] Sending file to AssemblyAI upload endpoint...
[2025-04-29 20:46:23] HTTP Response Code: 200
[2025-04-29 20:46:23] Raw Response: {"upload_url":"https://cdn.assemblyai.com/upload/4869f865-40b3-4d33-b787-29302d63fdaa"}

[2025-04-29 20:46:23] Upload URL received: https://cdn.assemblyai.com/upload/4869f865-40b3-4d33-b787-29302d63fdaa
[2025-04-29 20:46:23] Starting transcription job...
[2025-04-29 20:46:23] Request body: {"audio_url":"https:\/\/cdn.assemblyai.com\/upload\/4869f865-40b3-4d33-b787-29302d63fdaa"}
[2025-04-29 20:46:24] HTTP Response Code: 200
[2025-04-29 20:46:24] Raw Response: {"id": "b6d100e2-d57c-45b9-845c-51789a7bef32", "language_model": "assemblyai_default", "acoustic_model": "assemblyai_default", "language_code": "en_us", "status": "queued", "audio_url": "https://cdn.assemblyai.com/upload/4869f865-40b3-4d33-b787-29302d63fdaa", "text": null, "words": null, "utterances": null, "confidence": null, "audio_duration": null, "punctuate": true, "format_text": true, "dual_channel": null, "webhook_url": null, "webhook_status_code": null, "webhook_auth": false, "webhook_auth_header_name": null, "speed_boost": false, "auto_highlights_result": null, "auto_highlights": false, "audio_start_from": null, "audio_end_at": null, "word_boost": [], "boost_param": null, "prompt": null, "keyterms_prompt": null, "filter_profanity": false, "redact_pii": false, "redact_pii_audio": false, "redact_pii_audio_quality": null, "redact_pii_policies": null, "redact_pii_sub": null, "speaker_labels": false, "content_safety": false, "iab_categories": false, "content_safety_labels": {}, "iab_categories_result": {}, "language_detection": false, "language_confidence_threshold": null, "language_confidence": null, "custom_spelling": null, "throttled": false, "auto_chapters": false, "summarization": false, "summary_type": null, "summary_model": null, "custom_topics": false, "topics": [], "speech_threshold": null, "speech_model": null, "chapters": null, "disfluencies": false, "entity_detection": false, "sentiment_analysis": false, "sentiment_analysis_results": null, "entities": null, "speakers_expected": null, "summary": null, "custom_topics_results": null, "is_deleted": null, "multichannel": null, "project_id": 546162, "token_id": 547942}
[2025-04-29 20:46:24] Attempting to get transcription results for ID: b6d100e2-d57c-45b9-845c-51789a7bef32
[2025-04-29 20:46:24] === Checking Transcription Status ===
[2025-04-29 20:46:24] Transcript ID: b6d100e2-d57c-45b9-845c-51789a7bef32
[2025-04-29 20:46:25] cURL verbose output: * Hostname api.assemblyai.com was found in DNS cache
*   Trying 52.35.221.153...
* TCP_NODELAY set
* Connected to api.assemblyai.com (52.35.221.153) port 443 (#0)
* ALPN, offering http/1.1
* Cipher selection: ALL:!EXPORT:!EXPORT40:!EXPORT56:!aNULL:!LOW:!RC4:@STRENGTH
* successfully set certificate verify locations:
*   CAfile: /Applications/XAMPP/xamppfiles/share/curl/curl-ca-bundle.crt
  CApath: none
* SSL connection using TLSv1.3 / TLS_AES_128_GCM_SHA256
* ALPN, server accepted to use http/1.1
* Server certificate:
*  subject: CN=*.assemblyai.com
*  start date: Jun 15 00:00:00 2024 GMT
*  expire date: Jul 14 23:59:59 2025 GMT
*  subjectAltName: host "api.assemblyai.com" matched cert's "*.assemblyai.com"
*  issuer: C=US; O=Amazon; CN=Amazon RSA 2048 M02
*  SSL certificate verify ok.
> GET /v2/transcript/b6d100e2-d57c-45b9-845c-51789a7bef32 HTTP/1.1
Host: api.assemblyai.com
Accept: */*
authorization: 7da2fc6e2f084d17a6696d5e67395bad

< HTTP/1.1 200 OK
< Date: Tue, 29 Apr 2025 18:46:25 GMT
< Content-Type: application/json; charset=UTF-8
< Content-Length: 1657
< Connection: keep-alive
< Set-Cookie: AWSALBTG=KO47+hLrfEzK0A6zq01nrxRasrjYa8YmObeutV/SrViwsZ+WUCDqqALDJ6Z0YmT3js8XZX4L0Zk6LyN+Lfqu8V+bwhqOcme8aPsfPJ3CpMY3wVDSoMMCIRuhM5EdQfXAwN+h25RHLw4ewI20c8CT800sZGcABAUvNjBKYxlTS3ao; Expires=Tue, 06 May 2025 18:46:25 GMT; Path=/
< Set-Cookie: AWSALBTGCORS=KO47+hLrfEzK0A6zq01nrxRasrjYa8YmObeutV/SrViwsZ+WUCDqqALDJ6Z0YmT3js8XZX4L0Zk6LyN+Lfqu8V+bwhqOcme8aPsfPJ3CpMY3wVDSoMMCIRuhM5EdQfXAwN+h25RHLw4ewI20c8CT800sZGcABAUvNjBKYxlTS3ao; Expires=Tue, 06 May 2025 18:46:25 GMT; Path=/; SameSite=None; Secure
< Set-Cookie: AWSALB=FvQ/hFD5ix0sd5g0e8VTFTHzz9nwkHh0EeeqSgihPCN/3DrL6XyhGI/zlTrDeqfgI4EP0V4zVp5mT4bfF24jOwj75se07CZD2NLow9Z4PEURoBajzBH1x2yRjXrR; Expires=Tue, 06 May 2025 18:46:25 GMT; Path=/
< Set-Cookie: AWSALBCORS=FvQ/hFD5ix0sd5g0e8VTFTHzz9nwkHh0EeeqSgihPCN/3DrL6XyhGI/zlTrDeqfgI4EP0V4zVp5mT4bfF24jOwj75se07CZD2NLow9Z4PEURoBajzBH1x2yRjXrR; Expires=Tue, 06 May 2025 18:46:25 GMT; Path=/; SameSite=None; Secure
< Access-Control-Allow-Origin: *
< Access-Control-Allow-Headers: Content-Type, Authorization, X-Requested-With, User-Agent, AssemblyAI-Agent
< Access-Control-Allow-Methods: POST, PUT, GET, OPTIONS
< Strict-Transport-Security: max-age=31536000; includeSubDomains; preload
< Etag: "dcbd4807c6e447ee645b14e2dc9a0028e3ef7a2a"
< 
* Connection #0 to host api.assemblyai.com left intact

[2025-04-29 20:46:25] HTTP Response Code: 200
[2025-04-29 20:46:25] Response: {"id": "b6d100e2-d57c-45b9-845c-51789a7bef32", "language_model": "assemblyai_default", "acoustic_model": "assemblyai_default", "language_code": "en_us", "status": "processing", "audio_url": "https://cdn.assemblyai.com/upload/4869f865-40b3-4d33-b787-29302d63fdaa", "text": null, "words": null, "utterances": null, "confidence": null, "audio_duration": null, "punctuate": true, "format_text": true, "dual_channel": null, "webhook_url": null, "webhook_status_code": null, "webhook_auth": false, "webhook_auth_header_name": null, "speed_boost": false, "auto_highlights_result": null, "auto_highlights": false, "audio_start_from": null, "audio_end_at": null, "word_boost": [], "boost_param": null, "prompt": null, "keyterms_prompt": [], "filter_profanity": false, "redact_pii": false, "redact_pii_audio": false, "redact_pii_audio_quality": null, "redact_pii_policies": null, "redact_pii_sub": null, "speaker_labels": false, "content_safety": false, "iab_categories": false, "content_safety_labels": {}, "iab_categories_result": {}, "language_detection": false, "language_confidence_threshold": null, "language_confidence": null, "custom_spelling": null, "throttled": false, "auto_chapters": false, "summarization": false, "summary_type": null, "summary_model": null, "custom_topics": false, "topics": [], "speech_threshold": null, "speech_model": null, "chapters": null, "disfluencies": false, "entity_detection": false, "sentiment_analysis": false, "sentiment_analysis_results": null, "entities": null, "speakers_expected": null, "summary": null, "custom_topics_results": null, "is_deleted": null, "multichannel": null, "project_id": 546162, "token_id": 547942}
[2025-04-29 20:46:25] Attempt 1: Transcription still processing. Waiting 2 seconds...
[2025-04-29 20:46:28] cURL verbose output: * Hostname api.assemblyai.com was found in DNS cache
*   Trying 52.35.221.153...
* TCP_NODELAY set
* Connected to api.assemblyai.com (52.35.221.153) port 443 (#0)
* ALPN, offering http/1.1
* Cipher selection: ALL:!EXPORT:!EXPORT40:!EXPORT56:!aNULL:!LOW:!RC4:@STRENGTH
* successfully set certificate verify locations:
*   CAfile: /Applications/XAMPP/xamppfiles/share/curl/curl-ca-bundle.crt
  CApath: none
* SSL connection using TLSv1.3 / TLS_AES_128_GCM_SHA256
* ALPN, server accepted to use http/1.1
* Server certificate:
*  subject: CN=*.assemblyai.com
*  start date: Jun 15 00:00:00 2024 GMT
*  expire date: Jul 14 23:59:59 2025 GMT
*  subjectAltName: host "api.assemblyai.com" matched cert's "*.assemblyai.com"
*  issuer: C=US; O=Amazon; CN=Amazon RSA 2048 M02
*  SSL certificate verify ok.
> GET /v2/transcript/b6d100e2-d57c-45b9-845c-51789a7bef32 HTTP/1.1
Host: api.assemblyai.com
Accept: */*
authorization: 7da2fc6e2f084d17a6696d5e67395bad

< HTTP/1.1 200 OK
< Date: Tue, 29 Apr 2025 18:46:28 GMT
< Content-Type: application/json; charset=UTF-8
< Content-Length: 2864
< Connection: keep-alive
< Set-Cookie: AWSALBTG=ZqA8MiSbGK/1vPZ2aZuosqPnVojA5MbLlSbD49AzRualbzel1pw3ZS7qWY8mmOckbkGsGxDMemhHtVgid7c1o+eSq6kcxIkFa12XPEzOjrnhAFJXtA70dy7mNbdk6o9EWK9MbSPMD/Tycj8vpqQVNDuhd3acMOYPIFluDdfRyBRY; Expires=Tue, 06 May 2025 18:46:28 GMT; Path=/
< Set-Cookie: AWSALBTGCORS=ZqA8MiSbGK/1vPZ2aZuosqPnVojA5MbLlSbD49AzRualbzel1pw3ZS7qWY8mmOckbkGsGxDMemhHtVgid7c1o+eSq6kcxIkFa12XPEzOjrnhAFJXtA70dy7mNbdk6o9EWK9MbSPMD/Tycj8vpqQVNDuhd3acMOYPIFluDdfRyBRY; Expires=Tue, 06 May 2025 18:46:28 GMT; Path=/; SameSite=None; Secure
< Set-Cookie: AWSALB=bCSAXq5pI4ArZVXVG93wA1Vo1Yw9hx4n+lNOQMqi9JusJ1MMl9OuulFgpX0AK6Sy3aC5GmgmCLs/UBBh6WX81eWuzrE7w16alSpYoGvsIk3dWTCvCZ3l9Llut+Ds; Expires=Tue, 06 May 2025 18:46:28 GMT; Path=/
< Set-Cookie: AWSALBCORS=bCSAXq5pI4ArZVXVG93wA1Vo1Yw9hx4n+lNOQMqi9JusJ1MMl9OuulFgpX0AK6Sy3aC5GmgmCLs/UBBh6WX81eWuzrE7w16alSpYoGvsIk3dWTCvCZ3l9Llut+Ds; Expires=Tue, 06 May 2025 18:46:28 GMT; Path=/; SameSite=None; Secure
< Access-Control-Allow-Origin: *
< Access-Control-Allow-Headers: Content-Type, Authorization, X-Requested-With, User-Agent, AssemblyAI-Agent
< Access-Control-Allow-Methods: POST, PUT, GET, OPTIONS
< Strict-Transport-Security: max-age=31536000; includeSubDomains; preload
< Etag: "919599df45578190cfc70215b4ec846447efabc5"
< 
* Connection #0 to host api.assemblyai.com left intact

[2025-04-29 20:46:28] HTTP Response Code: 200
[2025-04-29 20:46:28] Response: {"id": "b6d100e2-d57c-45b9-845c-51789a7bef32", "language_model": "assemblyai_default", "acoustic_model": "assemblyai_default", "language_code": "en_us", "status": "completed", "audio_url": "https://cdn.assemblyai.com/upload/4869f865-40b3-4d33-b787-29302d63fdaa", "text": "This is the audio that I'm recording for the website sentiment analyzer.", "words": [{"text": "This", "start": 480, "end": 592, "confidence": 0.99998, "speaker": null}, {"text": "is", "start": 592, "end": 680, "confidence": 1.0, "speaker": null}, {"text": "the", "start": 680, "end": 800, "confidence": 0.99999, "speaker": null}, {"text": "audio", "start": 816, "end": 1016, "confidence": 0.99085, "speaker": null}, {"text": "that", "start": 1048, "end": 1240, "confidence": 0.99995, "speaker": null}, {"text": "I'm", "start": 1280, "end": 1448, "confidence": 0.97459, "speaker": null}, {"text": "recording", "start": 1464, "end": 1784, "confidence": 0.9149, "speaker": null}, {"text": "for", "start": 1832, "end": 1992, "confidence": 0.99998, "speaker": null}, {"text": "the", "start": 2016, "end": 2152, "confidence": 0.99999, "speaker": null}, {"text": "website", "start": 2176, "end": 2744, "confidence": 0.99991, "speaker": null}, {"text": "sentiment", "start": 2912, "end": 3656, "confidence": 0.43069, "speaker": null}, {"text": "analyzer.", "start": 3688, "end": 4200, "confidence": 0.88026, "speaker": null}], "utterances": null, "confidence": 0.93259084, "audio_duration": 6, "punctuate": true, "format_text": true, "dual_channel": null, "webhook_url": null, "webhook_status_code": null, "webhook_auth": false, "webhook_auth_header_name": null, "speed_boost": false, "auto_highlights_result": null, "auto_highlights": false, "audio_start_from": null, "audio_end_at": null, "word_boost": [], "boost_param": null, "prompt": null, "keyterms_prompt": [], "filter_profanity": false, "redact_pii": false, "redact_pii_audio": false, "redact_pii_audio_quality": null, "redact_pii_policies": null, "redact_pii_sub": null, "speaker_labels": false, "content_safety": false, "iab_categories": false, "content_safety_labels": {"status": "unavailable", "results": [], "summary": {}}, "iab_categories_result": {"status": "unavailable", "results": [], "summary": {}}, "language_detection": false, "language_confidence_threshold": null, "language_confidence": null, "custom_spelling": null, "throttled": false, "auto_chapters": false, "summarization": false, "summary_type": null, "summary_model": null, "custom_topics": false, "topics": [], "speech_threshold": null, "speech_model": null, "chapters": null, "disfluencies": false, "entity_detection": false, "sentiment_analysis": false, "sentiment_analysis_results": null, "entities": null, "speakers_expected": null, "summary": null, "custom_topics_results": null, "is_deleted": null, "multichannel": null, "project_id": 546162, "token_id": 547942}
[2025-04-29 20:46:28] Transcription completed successfully
[2025-04-29 20:46:28] Transcription results received: {"id":"b6d100e2-d57c-45b9-845c-51789a7bef32","language_model":"assemblyai_default","acoustic_model":"assemblyai_default","language_code":"en_us","status":"completed","audio_url":"https:\/\/cdn.assemblyai.com\/upload\/4869f865-40b3-4d33-b787-29302d63fdaa","text":"This is the audio that I'm recording for the website sentiment analyzer.","words":[{"text":"This","start":480,"end":592,"confidence":0.99997999999999997999822198835317976772785186767578125,"speaker":null},{"text":"is","start":592,"end":680,"confidence":1,"speaker":null},{"text":"the","start":680,"end":800,"confidence":0.99999000000000004551026222543441690504550933837890625,"speaker":null},{"text":"audio","start":816,"end":1016,"confidence":0.9908500000000000085265128291212022304534912109375,"speaker":null},{"text":"that","start":1048,"end":1240,"confidence":0.99995000000000000550670620214077644050121307373046875,"speaker":null},{"text":"I'm","start":1280,"end":1448,"confidence":0.97458999999999995633714888754184357821941375732421875,"speaker":null},{"text":"recording","start":1464,"end":1784,"confidence":0.9149000000000000465405491922865621745586395263671875,"speaker":null},{"text":"for","start":1832,"end":1992,"confidence":0.99997999999999997999822198835317976772785186767578125,"speaker":null},{"text":"the","start":2016,"end":2152,"confidence":0.99999000000000004551026222543441690504550933837890625,"speaker":null},{"text":"website","start":2176,"end":2744,"confidence":0.99990999999999996550315017884713597595691680908203125,"speaker":null},{"text":"sentiment","start":2912,"end":3656,"confidence":0.4306900000000000172661884789704345166683197021484375,"speaker":null},{"text":"analyzer.","start":3688,"end":4200,"confidence":0.8802600000000000424194013248779810965061187744140625,"speaker":null}],"utterances":null,"confidence":0.932590840000000032006255423766560852527618408203125,"audio_duration":6,"punctuate":true,"format_text":true,"dual_channel":null,"webhook_url":null,"webhook_status_code":null,"webhook_auth":false,"webhook_auth_header_name":null,"speed_boost":false,"auto_highlights_result":null,"auto_highlights":false,"audio_start_from":null,"audio_end_at":null,"word_boost":[],"boost_param":null,"prompt":null,"keyterms_prompt":[],"filter_profanity":false,"redact_pii":false,"redact_pii_audio":false,"redact_pii_audio_quality":null,"redact_pii_policies":null,"redact_pii_sub":null,"speaker_labels":false,"content_safety":false,"iab_categories":false,"content_safety_labels":{"status":"unavailable","results":[],"summary":[]},"iab_categories_result":{"status":"unavailable","results":[],"summary":[]},"language_detection":false,"language_confidence_threshold":null,"language_confidence":null,"custom_spelling":null,"throttled":false,"auto_chapters":false,"summarization":false,"summary_type":null,"summary_model":null,"custom_topics":false,"topics":[],"speech_threshold":null,"speech_model":null,"chapters":null,"disfluencies":false,"entity_detection":false,"sentiment_analysis":false,"sentiment_analysis_results":null,"entities":null,"speakers_expected":null,"summary":null,"custom_topics_results":null,"is_deleted":null,"multichannel":null,"project_id":546162,"token_id":547942}
[2025-04-29 20:53:12] API key found in .env file
[2025-04-29 20:53:12] === Starting AssemblyAI Upload ===
[2025-04-29 20:53:12] Audio file path: uploads/recording_1745952792.wav
[2025-04-29 20:53:12] Detected MIME type: audio/wav
[2025-04-29 20:53:12] Sending file to AssemblyAI upload endpoint...
[2025-04-29 20:53:14] HTTP Response Code: 200
[2025-04-29 20:53:14] Raw Response: {"upload_url":"https://cdn.assemblyai.com/upload/0ff06436-d802-4c6c-85c3-507d760ea24b"}

[2025-04-29 20:53:14] Upload URL received: https://cdn.assemblyai.com/upload/0ff06436-d802-4c6c-85c3-507d760ea24b
[2025-04-29 20:53:14] Starting transcription job...
[2025-04-29 20:53:14] Request body: {"audio_url":"https:\/\/cdn.assemblyai.com\/upload\/0ff06436-d802-4c6c-85c3-507d760ea24b"}
[2025-04-29 20:53:15] HTTP Response Code: 200
[2025-04-29 20:53:15] Raw Response: {"id": "33210604-d29a-4c81-a75c-3c34c6ec2f76", "language_model": "assemblyai_default", "acoustic_model": "assemblyai_default", "language_code": "en_us", "status": "queued", "audio_url": "https://cdn.assemblyai.com/upload/0ff06436-d802-4c6c-85c3-507d760ea24b", "text": null, "words": null, "utterances": null, "confidence": null, "audio_duration": null, "punctuate": true, "format_text": true, "dual_channel": null, "webhook_url": null, "webhook_status_code": null, "webhook_auth": false, "webhook_auth_header_name": null, "speed_boost": false, "auto_highlights_result": null, "auto_highlights": false, "audio_start_from": null, "audio_end_at": null, "word_boost": [], "boost_param": null, "prompt": null, "keyterms_prompt": null, "filter_profanity": false, "redact_pii": false, "redact_pii_audio": false, "redact_pii_audio_quality": null, "redact_pii_policies": null, "redact_pii_sub": null, "speaker_labels": false, "content_safety": false, "iab_categories": false, "content_safety_labels": {}, "iab_categories_result": {}, "language_detection": false, "language_confidence_threshold": null, "language_confidence": null, "custom_spelling": null, "throttled": false, "auto_chapters": false, "summarization": false, "summary_type": null, "summary_model": null, "custom_topics": false, "topics": [], "speech_threshold": null, "speech_model": null, "chapters": null, "disfluencies": false, "entity_detection": false, "sentiment_analysis": false, "sentiment_analysis_results": null, "entities": null, "speakers_expected": null, "summary": null, "custom_topics_results": null, "is_deleted": null, "multichannel": null, "project_id": 546162, "token_id": 547942}
[2025-04-29 20:53:15] === Checking Transcription Status ===
[2025-04-29 20:53:15] Transcript ID: 33210604-d29a-4c81-a75c-3c34c6ec2f76
[2025-04-29 20:53:16] cURL verbose output: * Hostname api.assemblyai.com was found in DNS cache
*   Trying 52.35.221.153...
* TCP_NODELAY set
* Connected to api.assemblyai.com (52.35.221.153) port 443 (#0)
* ALPN, offering http/1.1
* Cipher selection: ALL:!EXPORT:!EXPORT40:!EXPORT56:!aNULL:!LOW:!RC4:@STRENGTH
* successfully set certificate verify locations:
*   CAfile: /Applications/XAMPP/xamppfiles/share/curl/curl-ca-bundle.crt
  CApath: none
* SSL connection using TLSv1.3 / TLS_AES_128_GCM_SHA256
* ALPN, server accepted to use http/1.1
* Server certificate:
*  subject: CN=*.assemblyai.com
*  start date: Jun 15 00:00:00 2024 GMT
*  expire date: Jul 14 23:59:59 2025 GMT
*  subjectAltName: host "api.assemblyai.com" matched cert's "*.assemblyai.com"
*  issuer: C=US; O=Amazon; CN=Amazon RSA 2048 M02
*  SSL certificate verify ok.
> GET /v2/transcript/33210604-d29a-4c81-a75c-3c34c6ec2f76 HTTP/1.1
Host: api.assemblyai.com
Accept: */*
authorization: 7da2fc6e2f084d17a6696d5e67395bad

< HTTP/1.1 200 OK
< Date: Tue, 29 Apr 2025 18:53:16 GMT
< Content-Type: application/json; charset=UTF-8
< Content-Length: 2291
< Connection: keep-alive
< Set-Cookie: AWSALBTG=6GyqTChfROeAAUpkvBlnvak93SqLuRMAzUQB2Cf6KoI/t5hfnaBXb14hAGJZ/6lu0SVFiKww9hy3ePqa2+OcXQlbnZcaBBhgao5Uw+BCg2IqPLa+fwdXlfj0U5y1QCS/DRtAOI4tPC/Zu0iXsP3Tljgf5VbbaW6K5/YLtpUXmiV8; Expires=Tue, 06 May 2025 18:53:16 GMT; Path=/
< Set-Cookie: AWSALBTGCORS=6GyqTChfROeAAUpkvBlnvak93SqLuRMAzUQB2Cf6KoI/t5hfnaBXb14hAGJZ/6lu0SVFiKww9hy3ePqa2+OcXQlbnZcaBBhgao5Uw+BCg2IqPLa+fwdXlfj0U5y1QCS/DRtAOI4tPC/Zu0iXsP3Tljgf5VbbaW6K5/YLtpUXmiV8; Expires=Tue, 06 May 2025 18:53:16 GMT; Path=/; SameSite=None; Secure
< Set-Cookie: AWSALB=PJaoXe3rAlySOiPBzpWDtt4ECXmmIvLJGRySzusZ7Hm3oOhFbKU0gdDlrq0/U60fXD4Nhcm0qieKgDvAcxmywtYEyDq4I8u4euqHWGH1vV2k1M9KPdM3Lyop/c/U; Expires=Tue, 06 May 2025 18:53:16 GMT; Path=/
< Set-Cookie: AWSALBCORS=PJaoXe3rAlySOiPBzpWDtt4ECXmmIvLJGRySzusZ7Hm3oOhFbKU0gdDlrq0/U60fXD4Nhcm0qieKgDvAcxmywtYEyDq4I8u4euqHWGH1vV2k1M9KPdM3Lyop/c/U; Expires=Tue, 06 May 2025 18:53:16 GMT; Path=/; SameSite=None; Secure
< Access-Control-Allow-Origin: *
< Access-Control-Allow-Headers: Content-Type, Authorization, X-Requested-With, User-Agent, AssemblyAI-Agent
< Access-Control-Allow-Methods: POST, PUT, GET, OPTIONS
< Strict-Transport-Security: max-age=31536000; includeSubDomains; preload
< Etag: "dfd4983b5b29c64263442e9cec85cfad00002e06"
< 
* Connection #0 to host api.assemblyai.com left intact

[2025-04-29 20:53:16] HTTP Response Code: 200
[2025-04-29 20:53:16] Response: {"id": "33210604-d29a-4c81-a75c-3c34c6ec2f76", "language_model": "assemblyai_default", "acoustic_model": "assemblyai_default", "language_code": "en_us", "status": "completed", "audio_url": "https://cdn.assemblyai.com/upload/0ff06436-d802-4c6c-85c3-507d760ea24b", "text": "I am very happy right now.", "words": [{"text": "I", "start": 880, "end": 992, "confidence": 0.97367, "speaker": null}, {"text": "am", "start": 992, "end": 1176, "confidence": 0.8667, "speaker": null}, {"text": "very", "start": 1200, "end": 1352, "confidence": 0.99768, "speaker": null}, {"text": "happy", "start": 1376, "end": 1736, "confidence": 0.99971, "speaker": null}, {"text": "right", "start": 1768, "end": 1912, "confidence": 0.99869, "speaker": null}, {"text": "now.", "start": 1936, "end": 2000, "confidence": 0.9969, "speaker": null}], "utterances": null, "confidence": 0.972225, "audio_duration": 3, "punctuate": true, "format_text": true, "dual_channel": null, "webhook_url": null, "webhook_status_code": null, "webhook_auth": false, "webhook_auth_header_name": null, "speed_boost": false, "auto_highlights_result": null, "auto_highlights": false, "audio_start_from": null, "audio_end_at": null, "word_boost": [], "boost_param": null, "prompt": null, "keyterms_prompt": [], "filter_profanity": false, "redact_pii": false, "redact_pii_audio": false, "redact_pii_audio_quality": null, "redact_pii_policies": null, "redact_pii_sub": null, "speaker_labels": false, "content_safety": false, "iab_categories": false, "content_safety_labels": {"status": "unavailable", "results": [], "summary": {}}, "iab_categories_result": {"status": "unavailable", "results": [], "summary": {}}, "language_detection": false, "language_confidence_threshold": null, "language_confidence": null, "custom_spelling": null, "throttled": false, "auto_chapters": false, "summarization": false, "summary_type": null, "summary_model": null, "custom_topics": false, "topics": [], "speech_threshold": null, "speech_model": null, "chapters": null, "disfluencies": false, "entity_detection": false, "sentiment_analysis": false, "sentiment_analysis_results": null, "entities": null, "speakers_expected": null, "summary": null, "custom_topics_results": null, "is_deleted": null, "multichannel": null, "project_id": 546162, "token_id": 547942}
[2025-04-29 20:53:16] Transcription completed successfully
[2025-04-30 05:42:00] API key found in .env file
[2025-04-30 05:42:00] === Starting AssemblyAI Upload ===
[2025-04-30 05:42:00] Audio file path: uploads/recording_1745984520.wav
[2025-04-30 05:42:00] Detected MIME type: audio/wav
[2025-04-30 05:42:00] Sending file to AssemblyAI upload endpoint...
[2025-04-30 05:42:03] HTTP Response Code: 200
[2025-04-30 05:42:03] Raw Response: {"upload_url":"https://cdn.assemblyai.com/upload/015a324f-8b55-46f6-8cb1-14f05a31b933"}

[2025-04-30 05:42:03] Upload URL received: https://cdn.assemblyai.com/upload/015a324f-8b55-46f6-8cb1-14f05a31b933
[2025-04-30 05:42:03] Starting transcription job...
[2025-04-30 05:42:03] Request body: {"audio_url":"https:\/\/cdn.assemblyai.com\/upload\/015a324f-8b55-46f6-8cb1-14f05a31b933"}
[2025-04-30 05:42:04] HTTP Response Code: 200
[2025-04-30 05:42:04] Raw Response: {"id": "7e3e363f-7fa9-4929-a94c-44e08f1e68ad", "language_model": "assemblyai_default", "acoustic_model": "assemblyai_default", "language_code": "en_us", "status": "queued", "audio_url": "https://cdn.assemblyai.com/upload/015a324f-8b55-46f6-8cb1-14f05a31b933", "text": null, "words": null, "utterances": null, "confidence": null, "audio_duration": null, "punctuate": true, "format_text": true, "dual_channel": null, "webhook_url": null, "webhook_status_code": null, "webhook_auth": false, "webhook_auth_header_name": null, "speed_boost": false, "auto_highlights_result": null, "auto_highlights": false, "audio_start_from": null, "audio_end_at": null, "word_boost": [], "boost_param": null, "prompt": null, "keyterms_prompt": null, "filter_profanity": false, "redact_pii": false, "redact_pii_audio": false, "redact_pii_audio_quality": null, "redact_pii_policies": null, "redact_pii_sub": null, "speaker_labels": false, "content_safety": false, "iab_categories": false, "content_safety_labels": {}, "iab_categories_result": {}, "language_detection": false, "language_confidence_threshold": null, "language_confidence": null, "custom_spelling": null, "throttled": false, "auto_chapters": false, "summarization": false, "summary_type": null, "summary_model": null, "custom_topics": false, "topics": [], "speech_threshold": null, "speech_model": null, "chapters": null, "disfluencies": false, "entity_detection": false, "sentiment_analysis": false, "sentiment_analysis_results": null, "entities": null, "speakers_expected": null, "summary": null, "custom_topics_results": null, "is_deleted": null, "multichannel": null, "project_id": 546162, "token_id": 547942}
[2025-04-30 05:42:04] === Checking Transcription Status ===
[2025-04-30 05:42:04] Transcript ID: 7e3e363f-7fa9-4929-a94c-44e08f1e68ad
[2025-04-30 05:42:05] cURL verbose output: * Hostname api.assemblyai.com was found in DNS cache
*   Trying 52.35.220.95...
* TCP_NODELAY set
* Connected to api.assemblyai.com (52.35.220.95) port 443 (#0)
* ALPN, offering http/1.1
* Cipher selection: ALL:!EXPORT:!EXPORT40:!EXPORT56:!aNULL:!LOW:!RC4:@STRENGTH
* successfully set certificate verify locations:
*   CAfile: /Applications/XAMPP/xamppfiles/share/curl/curl-ca-bundle.crt
  CApath: none
* SSL connection using TLSv1.3 / TLS_AES_128_GCM_SHA256
* ALPN, server accepted to use http/1.1
* Server certificate:
*  subject: CN=*.assemblyai.com
*  start date: Jun 15 00:00:00 2024 GMT
*  expire date: Jul 14 23:59:59 2025 GMT
*  subjectAltName: host "api.assemblyai.com" matched cert's "*.assemblyai.com"
*  issuer: C=US; O=Amazon; CN=Amazon RSA 2048 M02
*  SSL certificate verify ok.
> GET /v2/transcript/7e3e363f-7fa9-4929-a94c-44e08f1e68ad HTTP/1.1
Host: api.assemblyai.com
Accept: */*
authorization: 7da2fc6e2f084d17a6696d5e67395bad

< HTTP/1.1 200 OK
< Date: Wed, 30 Apr 2025 03:42:05 GMT
< Content-Type: application/json; charset=UTF-8
< Content-Length: 2308
< Connection: keep-alive
< Set-Cookie: AWSALBTG=XIxh9l2bvIr+4ty5pSh0UoGlN+1xRA6YsesfnOXMVsXJWkcO56d7LfYL4LGxjRp6h7TSJy1vzR/0WvvgZr+LFURpuSRpGQsrz0axQZ1dtx/vXzWEqQNX5hAiJ5Ukcm09nuxLJvGeAfuQeElBtgSsUJIe68SJiKpjPxYcE+dPrbiP; Expires=Wed, 07 May 2025 03:42:05 GMT; Path=/
< Set-Cookie: AWSALBTGCORS=XIxh9l2bvIr+4ty5pSh0UoGlN+1xRA6YsesfnOXMVsXJWkcO56d7LfYL4LGxjRp6h7TSJy1vzR/0WvvgZr+LFURpuSRpGQsrz0axQZ1dtx/vXzWEqQNX5hAiJ5Ukcm09nuxLJvGeAfuQeElBtgSsUJIe68SJiKpjPxYcE+dPrbiP; Expires=Wed, 07 May 2025 03:42:05 GMT; Path=/; SameSite=None; Secure
< Set-Cookie: AWSALB=HrLg/BkqjICaQivnkcFVvCRMuu7rfdPZcFX+jvE1sy5VULigAdfZ1BTmLfJvdGsjkneECw7XNxfGYaj4P5l7U6CfkySlZJZm9PX7O9+ssX1LTFQUp0j+UYmqECxv; Expires=Wed, 07 May 2025 03:42:05 GMT; Path=/
< Set-Cookie: AWSALBCORS=HrLg/BkqjICaQivnkcFVvCRMuu7rfdPZcFX+jvE1sy5VULigAdfZ1BTmLfJvdGsjkneECw7XNxfGYaj4P5l7U6CfkySlZJZm9PX7O9+ssX1LTFQUp0j+UYmqECxv; Expires=Wed, 07 May 2025 03:42:05 GMT; Path=/; SameSite=None; Secure
< Access-Control-Allow-Origin: *
< Access-Control-Allow-Headers: Content-Type, Authorization, X-Requested-With, User-Agent, AssemblyAI-Agent
< Access-Control-Allow-Methods: POST, PUT, GET, OPTIONS
< Strict-Transport-Security: max-age=31536000; includeSubDomains; preload
< Etag: "b22f9e9106f06390be44faed9d137300c95423c0"
< 
* Connection #0 to host api.assemblyai.com left intact

[2025-04-30 05:42:05] HTTP Response Code: 200
[2025-04-30 05:42:05] Response: {"id": "7e3e363f-7fa9-4929-a94c-44e08f1e68ad", "language_model": "assemblyai_default", "acoustic_model": "assemblyai_default", "language_code": "en_us", "status": "completed", "audio_url": "https://cdn.assemblyai.com/upload/015a324f-8b55-46f6-8cb1-14f05a31b933", "text": "Hello. I'm happy. I'm happy. Hello.", "words": [{"text": "Hello.", "start": 2080, "end": 2576, "confidence": 0.99611, "speaker": null}, {"text": "I'm", "start": 2648, "end": 3016, "confidence": 0.842, "speaker": null}, {"text": "happy.", "start": 3048, "end": 3740, "confidence": 0.99964, "speaker": null}, {"text": "I'm", "start": 4320, "end": 4728, "confidence": 0.9893, "speaker": null}, {"text": "happy.", "start": 4744, "end": 5420, "confidence": 1.0, "speaker": null}, {"text": "Hello.", "start": 5840, "end": 6120, "confidence": 0.89417, "speaker": null}], "utterances": null, "confidence": 0.9535367, "audio_duration": 8, "punctuate": true, "format_text": true, "dual_channel": null, "webhook_url": null, "webhook_status_code": null, "webhook_auth": false, "webhook_auth_header_name": null, "speed_boost": false, "auto_highlights_result": null, "auto_highlights": false, "audio_start_from": null, "audio_end_at": null, "word_boost": [], "boost_param": null, "prompt": null, "keyterms_prompt": [], "filter_profanity": false, "redact_pii": false, "redact_pii_audio": false, "redact_pii_audio_quality": null, "redact_pii_policies": null, "redact_pii_sub": null, "speaker_labels": false, "content_safety": false, "iab_categories": false, "content_safety_labels": {"status": "unavailable", "results": [], "summary": {}}, "iab_categories_result": {"status": "unavailable", "results": [], "summary": {}}, "language_detection": false, "language_confidence_threshold": null, "language_confidence": null, "custom_spelling": null, "throttled": false, "auto_chapters": false, "summarization": false, "summary_type": null, "summary_model": null, "custom_topics": false, "topics": [], "speech_threshold": null, "speech_model": null, "chapters": null, "disfluencies": false, "entity_detection": false, "sentiment_analysis": false, "sentiment_analysis_results": null, "entities": null, "speakers_expected": null, "summary": null, "custom_topics_results": null, "is_deleted": null, "multichannel": null, "project_id": 546162, "token_id": 547942}
[2025-04-30 05:42:05] Transcription completed successfully
[2025-04-30 05:52:32] API key found in .env file
[2025-04-30 05:52:32] === Starting AssemblyAI Upload ===
[2025-04-30 05:52:32] Audio file path: uploads/recording_1745985152.wav
[2025-04-30 05:52:32] Detected MIME type: audio/wav
[2025-04-30 05:52:32] Sending file to AssemblyAI upload endpoint...
[2025-04-30 05:52:35] HTTP Response Code: 200
[2025-04-30 05:52:35] Raw Response: {"upload_url":"https://cdn.assemblyai.com/upload/2aed1921-702e-4107-ab53-2b43cb104f38"}

[2025-04-30 05:52:35] Upload URL received: https://cdn.assemblyai.com/upload/2aed1921-702e-4107-ab53-2b43cb104f38
[2025-04-30 05:52:35] Starting transcription job...
[2025-04-30 05:52:35] Request body: {"audio_url":"https:\/\/cdn.assemblyai.com\/upload\/2aed1921-702e-4107-ab53-2b43cb104f38"}
[2025-04-30 05:52:36] HTTP Response Code: 200
[2025-04-30 05:52:36] Raw Response: {"id": "c6a9f39e-76b5-492e-ad0f-42280d638508", "language_model": "assemblyai_default", "acoustic_model": "assemblyai_default", "language_code": "en_us", "status": "queued", "audio_url": "https://cdn.assemblyai.com/upload/2aed1921-702e-4107-ab53-2b43cb104f38", "text": null, "words": null, "utterances": null, "confidence": null, "audio_duration": null, "punctuate": true, "format_text": true, "dual_channel": null, "webhook_url": null, "webhook_status_code": null, "webhook_auth": false, "webhook_auth_header_name": null, "speed_boost": false, "auto_highlights_result": null, "auto_highlights": false, "audio_start_from": null, "audio_end_at": null, "word_boost": [], "boost_param": null, "prompt": null, "keyterms_prompt": null, "filter_profanity": false, "redact_pii": false, "redact_pii_audio": false, "redact_pii_audio_quality": null, "redact_pii_policies": null, "redact_pii_sub": null, "speaker_labels": false, "content_safety": false, "iab_categories": false, "content_safety_labels": {}, "iab_categories_result": {}, "language_detection": false, "language_confidence_threshold": null, "language_confidence": null, "custom_spelling": null, "throttled": false, "auto_chapters": false, "summarization": false, "summary_type": null, "summary_model": null, "custom_topics": false, "topics": [], "speech_threshold": null, "speech_model": null, "chapters": null, "disfluencies": false, "entity_detection": false, "sentiment_analysis": false, "sentiment_analysis_results": null, "entities": null, "speakers_expected": null, "summary": null, "custom_topics_results": null, "is_deleted": null, "multichannel": null, "project_id": 546162, "token_id": 547942}
[2025-04-30 05:52:36] === Checking Transcription Status ===
[2025-04-30 05:52:36] Transcript ID: c6a9f39e-76b5-492e-ad0f-42280d638508
[2025-04-30 05:52:37] cURL verbose output: * Hostname api.assemblyai.com was found in DNS cache
*   Trying 44.228.178.29...
* TCP_NODELAY set
* Connected to api.assemblyai.com (44.228.178.29) port 443 (#0)
* ALPN, offering http/1.1
* Cipher selection: ALL:!EXPORT:!EXPORT40:!EXPORT56:!aNULL:!LOW:!RC4:@STRENGTH
* successfully set certificate verify locations:
*   CAfile: /Applications/XAMPP/xamppfiles/share/curl/curl-ca-bundle.crt
  CApath: none
* SSL connection using TLSv1.3 / TLS_AES_128_GCM_SHA256
* ALPN, server accepted to use http/1.1
* Server certificate:
*  subject: CN=*.assemblyai.com
*  start date: Jun 15 00:00:00 2024 GMT
*  expire date: Jul 14 23:59:59 2025 GMT
*  subjectAltName: host "api.assemblyai.com" matched cert's "*.assemblyai.com"
*  issuer: C=US; O=Amazon; CN=Amazon RSA 2048 M02
*  SSL certificate verify ok.
> GET /v2/transcript/c6a9f39e-76b5-492e-ad0f-42280d638508 HTTP/1.1
Host: api.assemblyai.com
Accept: */*
authorization: 7da2fc6e2f084d17a6696d5e67395bad

< HTTP/1.1 200 OK
< Date: Wed, 30 Apr 2025 03:52:37 GMT
< Content-Type: application/json; charset=UTF-8
< Content-Length: 1848
< Connection: keep-alive
< Set-Cookie: AWSALBTG=XTUcu2UKToU8IsOJu5hLLObpRrFfo5T641ImB8kPxI5SFFAXLspZ4KTtq7rxfd90P2yCxS/4SJyrIxVoRv8oLUGvPkZ8r0vajHMnh0Rv81jUvU4YBiuZQAaC8LUyVckC7PIxJ6UvvidKAJvodZjQ74Yqhx4INjm3dakdo0M4BRok; Expires=Wed, 07 May 2025 03:52:37 GMT; Path=/
< Set-Cookie: AWSALBTGCORS=XTUcu2UKToU8IsOJu5hLLObpRrFfo5T641ImB8kPxI5SFFAXLspZ4KTtq7rxfd90P2yCxS/4SJyrIxVoRv8oLUGvPkZ8r0vajHMnh0Rv81jUvU4YBiuZQAaC8LUyVckC7PIxJ6UvvidKAJvodZjQ74Yqhx4INjm3dakdo0M4BRok; Expires=Wed, 07 May 2025 03:52:37 GMT; Path=/; SameSite=None; Secure
< Set-Cookie: AWSALB=ly4hwwgTSw9voIsnxowzBXDVcb2fta7hn+T9asjuOTF7kF6yfq2SbI0oSgi7j4AADb4ncUDuKkGxGDUc2X/LX6Suww6rQU2F40yhlAiMDUay4YpTv2EWAV/If19d; Expires=Wed, 07 May 2025 03:52:37 GMT; Path=/
< Set-Cookie: AWSALBCORS=ly4hwwgTSw9voIsnxowzBXDVcb2fta7hn+T9asjuOTF7kF6yfq2SbI0oSgi7j4AADb4ncUDuKkGxGDUc2X/LX6Suww6rQU2F40yhlAiMDUay4YpTv2EWAV/If19d; Expires=Wed, 07 May 2025 03:52:37 GMT; Path=/; SameSite=None; Secure
< Access-Control-Allow-Origin: *
< Access-Control-Allow-Headers: Content-Type, Authorization, X-Requested-With, User-Agent, AssemblyAI-Agent
< Access-Control-Allow-Methods: POST, PUT, GET, OPTIONS
< Strict-Transport-Security: max-age=31536000; includeSubDomains; preload
< Etag: "a27fc66f34be18bb216c2ebda19b779a0eb87779"
< 
* Connection #0 to host api.assemblyai.com left intact

[2025-04-30 05:52:37] HTTP Response Code: 200
[2025-04-30 05:52:37] Response: {"id": "c6a9f39e-76b5-492e-ad0f-42280d638508", "language_model": "assemblyai_default", "acoustic_model": "assemblyai_default", "language_code": "en_us", "status": "completed", "audio_url": "https://cdn.assemblyai.com/upload/2aed1921-702e-4107-ab53-2b43cb104f38", "text": "Hello.", "words": [{"text": "Hello.", "start": 560, "end": 640, "confidence": 0.62048, "speaker": null}], "utterances": null, "confidence": 0.62048, "audio_duration": 2, "punctuate": true, "format_text": true, "dual_channel": null, "webhook_url": null, "webhook_status_code": null, "webhook_auth": false, "webhook_auth_header_name": null, "speed_boost": false, "auto_highlights_result": null, "auto_highlights": false, "audio_start_from": null, "audio_end_at": null, "word_boost": [], "boost_param": null, "prompt": null, "keyterms_prompt": [], "filter_profanity": false, "redact_pii": false, "redact_pii_audio": false, "redact_pii_audio_quality": null, "redact_pii_policies": null, "redact_pii_sub": null, "speaker_labels": false, "content_safety": false, "iab_categories": false, "content_safety_labels": {"status": "unavailable", "results": [], "summary": {}}, "iab_categories_result": {"status": "unavailable", "results": [], "summary": {}}, "language_detection": false, "language_confidence_threshold": null, "language_confidence": null, "custom_spelling": null, "throttled": false, "auto_chapters": false, "summarization": false, "summary_type": null, "summary_model": null, "custom_topics": false, "topics": [], "speech_threshold": null, "speech_model": null, "chapters": null, "disfluencies": false, "entity_detection": false, "sentiment_analysis": false, "sentiment_analysis_results": null, "entities": null, "speakers_expected": null, "summary": null, "custom_topics_results": null, "is_deleted": null, "multichannel": null, "project_id": 546162, "token_id": 547942}
[2025-04-30 05:52:37] Transcription completed successfully
[2025-04-30 06:30:05] API key found in .env file
[2025-04-30 06:30:05] === Starting AssemblyAI Upload ===
[2025-04-30 06:30:05] Audio file path: uploads/recording_1745987405.wav
[2025-04-30 06:30:05] Detected MIME type: audio/wav
[2025-04-30 06:30:05] Sending file to AssemblyAI upload endpoint...
[2025-04-30 06:30:07] HTTP Response Code: 200
[2025-04-30 06:30:07] Raw Response: {"upload_url":"https://cdn.assemblyai.com/upload/1ddce4ae-2b08-4088-8ca1-f39cad6df7b0"}

[2025-04-30 06:30:07] Upload URL received: https://cdn.assemblyai.com/upload/1ddce4ae-2b08-4088-8ca1-f39cad6df7b0
[2025-04-30 06:30:07] Starting transcription job...
[2025-04-30 06:30:07] Request body: {"audio_url":"https:\/\/cdn.assemblyai.com\/upload\/1ddce4ae-2b08-4088-8ca1-f39cad6df7b0"}
[2025-04-30 06:30:08] HTTP Response Code: 200
[2025-04-30 06:30:08] Raw Response: {"id": "c4dd5d3e-c94b-47ae-8dc3-d0ff463db820", "language_model": "assemblyai_default", "acoustic_model": "assemblyai_default", "language_code": "en_us", "status": "queued", "audio_url": "https://cdn.assemblyai.com/upload/1ddce4ae-2b08-4088-8ca1-f39cad6df7b0", "text": null, "words": null, "utterances": null, "confidence": null, "audio_duration": null, "punctuate": true, "format_text": true, "dual_channel": null, "webhook_url": null, "webhook_status_code": null, "webhook_auth": false, "webhook_auth_header_name": null, "speed_boost": false, "auto_highlights_result": null, "auto_highlights": false, "audio_start_from": null, "audio_end_at": null, "word_boost": [], "boost_param": null, "prompt": null, "keyterms_prompt": null, "filter_profanity": false, "redact_pii": false, "redact_pii_audio": false, "redact_pii_audio_quality": null, "redact_pii_policies": null, "redact_pii_sub": null, "speaker_labels": false, "content_safety": false, "iab_categories": false, "content_safety_labels": {}, "iab_categories_result": {}, "language_detection": false, "language_confidence_threshold": null, "language_confidence": null, "custom_spelling": null, "throttled": false, "auto_chapters": false, "summarization": false, "summary_type": null, "summary_model": null, "custom_topics": false, "topics": [], "speech_threshold": null, "speech_model": null, "chapters": null, "disfluencies": false, "entity_detection": false, "sentiment_analysis": false, "sentiment_analysis_results": null, "entities": null, "speakers_expected": null, "summary": null, "custom_topics_results": null, "is_deleted": null, "multichannel": null, "project_id": 546162, "token_id": 547942}
[2025-04-30 06:30:08] === Checking Transcription Status ===
[2025-04-30 06:30:08] Transcript ID: c4dd5d3e-c94b-47ae-8dc3-d0ff463db820
[2025-04-30 06:30:09] cURL verbose output: * Hostname api.assemblyai.com was found in DNS cache
*   Trying 44.228.178.29...
* TCP_NODELAY set
* Connected to api.assemblyai.com (44.228.178.29) port 443 (#0)
* ALPN, offering http/1.1
* Cipher selection: ALL:!EXPORT:!EXPORT40:!EXPORT56:!aNULL:!LOW:!RC4:@STRENGTH
* successfully set certificate verify locations:
*   CAfile: /Applications/XAMPP/xamppfiles/share/curl/curl-ca-bundle.crt
  CApath: none
* SSL connection using TLSv1.3 / TLS_AES_128_GCM_SHA256
* ALPN, server accepted to use http/1.1
* Server certificate:
*  subject: CN=*.assemblyai.com
*  start date: Jun 15 00:00:00 2024 GMT
*  expire date: Jul 14 23:59:59 2025 GMT
*  subjectAltName: host "api.assemblyai.com" matched cert's "*.assemblyai.com"
*  issuer: C=US; O=Amazon; CN=Amazon RSA 2048 M02
*  SSL certificate verify ok.
> GET /v2/transcript/c4dd5d3e-c94b-47ae-8dc3-d0ff463db820 HTTP/1.1
Host: api.assemblyai.com
Accept: */*
authorization: 7da2fc6e2f084d17a6696d5e67395bad

< HTTP/1.1 200 OK
< Date: Wed, 30 Apr 2025 04:30:09 GMT
< Content-Type: application/json; charset=UTF-8
< Content-Length: 1657
< Connection: keep-alive
< Set-Cookie: AWSALBTG=BGRDug1e/yVmzCk3poxfLYrN40KuSSBxqbFKtmoVUZ5otNu795XrLMOeCjSBGbIb61P+oeghf3Oa9CJnnxyKIwZzyjTDDAErm7hXfuyjc23wFQ5fi4OtbCTd6dl7irOIjRhbC/VN1sPXd2UOLUFBtE/SD5fFcdm/bFc9vbsGQlrk; Expires=Wed, 07 May 2025 04:30:09 GMT; Path=/
< Set-Cookie: AWSALBTGCORS=BGRDug1e/yVmzCk3poxfLYrN40KuSSBxqbFKtmoVUZ5otNu795XrLMOeCjSBGbIb61P+oeghf3Oa9CJnnxyKIwZzyjTDDAErm7hXfuyjc23wFQ5fi4OtbCTd6dl7irOIjRhbC/VN1sPXd2UOLUFBtE/SD5fFcdm/bFc9vbsGQlrk; Expires=Wed, 07 May 2025 04:30:09 GMT; Path=/; SameSite=None; Secure
< Set-Cookie: AWSALB=glIDfV579C1UuwKDiIbgFlrW7gnPZp1IxN2qiloG/m/BMemKOGvRwK8KAFTy3VQn1/MycDQhshWGzpSw9Qyyk7zXVGN1h0D+N+z4BY+W1cst64GgW9SfdYlvCqmU; Expires=Wed, 07 May 2025 04:30:09 GMT; Path=/
< Set-Cookie: AWSALBCORS=glIDfV579C1UuwKDiIbgFlrW7gnPZp1IxN2qiloG/m/BMemKOGvRwK8KAFTy3VQn1/MycDQhshWGzpSw9Qyyk7zXVGN1h0D+N+z4BY+W1cst64GgW9SfdYlvCqmU; Expires=Wed, 07 May 2025 04:30:09 GMT; Path=/; SameSite=None; Secure
< Access-Control-Allow-Origin: *
< Access-Control-Allow-Headers: Content-Type, Authorization, X-Requested-With, User-Agent, AssemblyAI-Agent
< Access-Control-Allow-Methods: POST, PUT, GET, OPTIONS
< Strict-Transport-Security: max-age=31536000; includeSubDomains; preload
< Etag: "6b9cad3a8bbf643c06f3e1ad70c38f1335d45657"
< 
* Connection #0 to host api.assemblyai.com left intact

[2025-04-30 06:30:09] HTTP Response Code: 200
[2025-04-30 06:30:09] Response: {"id": "c4dd5d3e-c94b-47ae-8dc3-d0ff463db820", "language_model": "assemblyai_default", "acoustic_model": "assemblyai_default", "language_code": "en_us", "status": "processing", "audio_url": "https://cdn.assemblyai.com/upload/1ddce4ae-2b08-4088-8ca1-f39cad6df7b0", "text": null, "words": null, "utterances": null, "confidence": null, "audio_duration": null, "punctuate": true, "format_text": true, "dual_channel": null, "webhook_url": null, "webhook_status_code": null, "webhook_auth": false, "webhook_auth_header_name": null, "speed_boost": false, "auto_highlights_result": null, "auto_highlights": false, "audio_start_from": null, "audio_end_at": null, "word_boost": [], "boost_param": null, "prompt": null, "keyterms_prompt": [], "filter_profanity": false, "redact_pii": false, "redact_pii_audio": false, "redact_pii_audio_quality": null, "redact_pii_policies": null, "redact_pii_sub": null, "speaker_labels": false, "content_safety": false, "iab_categories": false, "content_safety_labels": {}, "iab_categories_result": {}, "language_detection": false, "language_confidence_threshold": null, "language_confidence": null, "custom_spelling": null, "throttled": false, "auto_chapters": false, "summarization": false, "summary_type": null, "summary_model": null, "custom_topics": false, "topics": [], "speech_threshold": null, "speech_model": null, "chapters": null, "disfluencies": false, "entity_detection": false, "sentiment_analysis": false, "sentiment_analysis_results": null, "entities": null, "speakers_expected": null, "summary": null, "custom_topics_results": null, "is_deleted": null, "multichannel": null, "project_id": 546162, "token_id": 547942}
[2025-04-30 06:30:09] Attempt 1: Transcription still processing. Waiting 2 seconds...
[2025-04-30 06:30:12] cURL verbose output: * Hostname api.assemblyai.com was found in DNS cache
*   Trying 44.228.178.29...
* TCP_NODELAY set
* Connected to api.assemblyai.com (44.228.178.29) port 443 (#0)
* ALPN, offering http/1.1
* Cipher selection: ALL:!EXPORT:!EXPORT40:!EXPORT56:!aNULL:!LOW:!RC4:@STRENGTH
* successfully set certificate verify locations:
*   CAfile: /Applications/XAMPP/xamppfiles/share/curl/curl-ca-bundle.crt
  CApath: none
* SSL connection using TLSv1.3 / TLS_AES_128_GCM_SHA256
* ALPN, server accepted to use http/1.1
* Server certificate:
*  subject: CN=*.assemblyai.com
*  start date: Jun 15 00:00:00 2024 GMT
*  expire date: Jul 14 23:59:59 2025 GMT
*  subjectAltName: host "api.assemblyai.com" matched cert's "*.assemblyai.com"
*  issuer: C=US; O=Amazon; CN=Amazon RSA 2048 M02
*  SSL certificate verify ok.
> GET /v2/transcript/c4dd5d3e-c94b-47ae-8dc3-d0ff463db820 HTTP/1.1
Host: api.assemblyai.com
Accept: */*
authorization: 7da2fc6e2f084d17a6696d5e67395bad

< HTTP/1.1 200 OK
< Date: Wed, 30 Apr 2025 04:30:12 GMT
< Content-Type: application/json; charset=UTF-8
< Content-Length: 1657
< Connection: keep-alive
< Set-Cookie: AWSALBTG=1B1/3v1uFmf4IIGVsBdoTmt973cu956BJa9YISx/7mL5w4qyFC/0ZhZgXSPMQSRfQmxeNt0g0YT1QHmTQMSBpQJIOTuPKPPwpToq2QPBRVwz2rRnUpqOWuJdsw6DDqz620aWcE68AVVEvzYe6lBwMIvsxH9ay0Zl1nMF4t9E6Yeg; Expires=Wed, 07 May 2025 04:30:12 GMT; Path=/
< Set-Cookie: AWSALBTGCORS=1B1/3v1uFmf4IIGVsBdoTmt973cu956BJa9YISx/7mL5w4qyFC/0ZhZgXSPMQSRfQmxeNt0g0YT1QHmTQMSBpQJIOTuPKPPwpToq2QPBRVwz2rRnUpqOWuJdsw6DDqz620aWcE68AVVEvzYe6lBwMIvsxH9ay0Zl1nMF4t9E6Yeg; Expires=Wed, 07 May 2025 04:30:12 GMT; Path=/; SameSite=None; Secure
< Set-Cookie: AWSALB=ZzrQGtwm7U7wo3A3VQOabAnPklgKQuSoBGlc9Qx3MVZij/Fp1X0wFlycdqXa0rhbeo4HEscuFq/e5qIQJTJ2/uiUu0+yiNKQVMXANeSa1Bwl3wh7cDV30TyPYUbH; Expires=Wed, 07 May 2025 04:30:12 GMT; Path=/
< Set-Cookie: AWSALBCORS=ZzrQGtwm7U7wo3A3VQOabAnPklgKQuSoBGlc9Qx3MVZij/Fp1X0wFlycdqXa0rhbeo4HEscuFq/e5qIQJTJ2/uiUu0+yiNKQVMXANeSa1Bwl3wh7cDV30TyPYUbH; Expires=Wed, 07 May 2025 04:30:12 GMT; Path=/; SameSite=None; Secure
< Access-Control-Allow-Origin: *
< Access-Control-Allow-Headers: Content-Type, Authorization, X-Requested-With, User-Agent, AssemblyAI-Agent
< Access-Control-Allow-Methods: POST, PUT, GET, OPTIONS
< Strict-Transport-Security: max-age=31536000; includeSubDomains; preload
< Etag: "6b9cad3a8bbf643c06f3e1ad70c38f1335d45657"
< 
* Connection #0 to host api.assemblyai.com left intact

[2025-04-30 06:30:12] HTTP Response Code: 200
[2025-04-30 06:30:12] Response: {"id": "c4dd5d3e-c94b-47ae-8dc3-d0ff463db820", "language_model": "assemblyai_default", "acoustic_model": "assemblyai_default", "language_code": "en_us", "status": "processing", "audio_url": "https://cdn.assemblyai.com/upload/1ddce4ae-2b08-4088-8ca1-f39cad6df7b0", "text": null, "words": null, "utterances": null, "confidence": null, "audio_duration": null, "punctuate": true, "format_text": true, "dual_channel": null, "webhook_url": null, "webhook_status_code": null, "webhook_auth": false, "webhook_auth_header_name": null, "speed_boost": false, "auto_highlights_result": null, "auto_highlights": false, "audio_start_from": null, "audio_end_at": null, "word_boost": [], "boost_param": null, "prompt": null, "keyterms_prompt": [], "filter_profanity": false, "redact_pii": false, "redact_pii_audio": false, "redact_pii_audio_quality": null, "redact_pii_policies": null, "redact_pii_sub": null, "speaker_labels": false, "content_safety": false, "iab_categories": false, "content_safety_labels": {}, "iab_categories_result": {}, "language_detection": false, "language_confidence_threshold": null, "language_confidence": null, "custom_spelling": null, "throttled": false, "auto_chapters": false, "summarization": false, "summary_type": null, "summary_model": null, "custom_topics": false, "topics": [], "speech_threshold": null, "speech_model": null, "chapters": null, "disfluencies": false, "entity_detection": false, "sentiment_analysis": false, "sentiment_analysis_results": null, "entities": null, "speakers_expected": null, "summary": null, "custom_topics_results": null, "is_deleted": null, "multichannel": null, "project_id": 546162, "token_id": 547942}
[2025-04-30 06:30:12] Attempt 2: Transcription still processing. Waiting 2 seconds...
[2025-04-30 06:30:15] cURL verbose output: * Hostname api.assemblyai.com was found in DNS cache
*   Trying 44.228.178.29...
* TCP_NODELAY set
* Connected to api.assemblyai.com (44.228.178.29) port 443 (#0)
* ALPN, offering http/1.1
* Cipher selection: ALL:!EXPORT:!EXPORT40:!EXPORT56:!aNULL:!LOW:!RC4:@STRENGTH
* successfully set certificate verify locations:
*   CAfile: /Applications/XAMPP/xamppfiles/share/curl/curl-ca-bundle.crt
  CApath: none
* SSL connection using TLSv1.3 / TLS_AES_128_GCM_SHA256
* ALPN, server accepted to use http/1.1
* Server certificate:
*  subject: CN=*.assemblyai.com
*  start date: Jun 15 00:00:00 2024 GMT
*  expire date: Jul 14 23:59:59 2025 GMT
*  subjectAltName: host "api.assemblyai.com" matched cert's "*.assemblyai.com"
*  issuer: C=US; O=Amazon; CN=Amazon RSA 2048 M02
*  SSL certificate verify ok.
> GET /v2/transcript/c4dd5d3e-c94b-47ae-8dc3-d0ff463db820 HTTP/1.1
Host: api.assemblyai.com
Accept: */*
authorization: 7da2fc6e2f084d17a6696d5e67395bad

< HTTP/1.1 200 OK
< Date: Wed, 30 Apr 2025 04:30:15 GMT
< Content-Type: application/json; charset=UTF-8
< Content-Length: 2107
< Connection: keep-alive
< Set-Cookie: AWSALBTG=mVUYXnHtutAD2/AXG4tn5PJvQqFq3WJg80Q0Zvlr4u86XrCSPCA6IZWP6Q2bWQgnMeGgyzS07rKMB+f+G53TEZ6EOrHLxQC6cMHi3mjRUGpQWRD2ePwEhxDoEnX87y/CypTe7Qooyo6/5YAWVIF7hZXXoe8noD827+fMTWNUqDpX; Expires=Wed, 07 May 2025 04:30:15 GMT; Path=/
< Set-Cookie: AWSALBTGCORS=mVUYXnHtutAD2/AXG4tn5PJvQqFq3WJg80Q0Zvlr4u86XrCSPCA6IZWP6Q2bWQgnMeGgyzS07rKMB+f+G53TEZ6EOrHLxQC6cMHi3mjRUGpQWRD2ePwEhxDoEnX87y/CypTe7Qooyo6/5YAWVIF7hZXXoe8noD827+fMTWNUqDpX; Expires=Wed, 07 May 2025 04:30:15 GMT; Path=/; SameSite=None; Secure
< Set-Cookie: AWSALB=1LkwkPKy1ExFJ5hId+XeaV+b5ermrIJP/ToF6X5OnKhNHVvjsSi7cpDQFM65hXUiNBYRndajgKu6QqYRrNLlRm8F+Df5ceXvbHZC3w4MTaZTaM1Xpc6NN8JYnSBZ; Expires=Wed, 07 May 2025 04:30:15 GMT; Path=/
< Set-Cookie: AWSALBCORS=1LkwkPKy1ExFJ5hId+XeaV+b5ermrIJP/ToF6X5OnKhNHVvjsSi7cpDQFM65hXUiNBYRndajgKu6QqYRrNLlRm8F+Df5ceXvbHZC3w4MTaZTaM1Xpc6NN8JYnSBZ; Expires=Wed, 07 May 2025 04:30:15 GMT; Path=/; SameSite=None; Secure
< Access-Control-Allow-Origin: *
< Access-Control-Allow-Headers: Content-Type, Authorization, X-Requested-With, User-Agent, AssemblyAI-Agent
< Access-Control-Allow-Methods: POST, PUT, GET, OPTIONS
< Strict-Transport-Security: max-age=31536000; includeSubDomains; preload
< Etag: "0660869dc7032a4fa08690addd3bb0887012b691"
< 
* Connection #0 to host api.assemblyai.com left intact

[2025-04-30 06:30:15] HTTP Response Code: 200
[2025-04-30 06:30:15] Response: {"id": "c4dd5d3e-c94b-47ae-8dc3-d0ff463db820", "language_model": "assemblyai_default", "acoustic_model": "assemblyai_default", "language_code": "en_us", "status": "completed", "audio_url": "https://cdn.assemblyai.com/upload/1ddce4ae-2b08-4088-8ca1-f39cad6df7b0", "text": "I am very happy.", "words": [{"text": "I", "start": 480, "end": 592, "confidence": 0.99946, "speaker": null}, {"text": "am", "start": 592, "end": 728, "confidence": 0.99843, "speaker": null}, {"text": "very", "start": 736, "end": 920, "confidence": 0.99981, "speaker": null}, {"text": "happy.", "start": 960, "end": 1160, "confidence": 0.99972, "speaker": null}], "utterances": null, "confidence": 0.999355, "audio_duration": 3, "punctuate": true, "format_text": true, "dual_channel": null, "webhook_url": null, "webhook_status_code": null, "webhook_auth": false, "webhook_auth_header_name": null, "speed_boost": false, "auto_highlights_result": null, "auto_highlights": false, "audio_start_from": null, "audio_end_at": null, "word_boost": [], "boost_param": null, "prompt": null, "keyterms_prompt": [], "filter_profanity": false, "redact_pii": false, "redact_pii_audio": false, "redact_pii_audio_quality": null, "redact_pii_policies": null, "redact_pii_sub": null, "speaker_labels": false, "content_safety": false, "iab_categories": false, "content_safety_labels": {"status": "unavailable", "results": [], "summary": {}}, "iab_categories_result": {"status": "unavailable", "results": [], "summary": {}}, "language_detection": false, "language_confidence_threshold": null, "language_confidence": null, "custom_spelling": null, "throttled": false, "auto_chapters": false, "summarization": false, "summary_type": null, "summary_model": null, "custom_topics": false, "topics": [], "speech_threshold": null, "speech_model": null, "chapters": null, "disfluencies": false, "entity_detection": false, "sentiment_analysis": false, "sentiment_analysis_results": null, "entities": null, "speakers_expected": null, "summary": null, "custom_topics_results": null, "is_deleted": null, "multichannel": null, "project_id": 546162, "token_id": 547942}
[2025-04-30 06:30:15] Transcription completed successfully
[2025-04-30 06:30:40] API key found in .env file
[2025-04-30 06:30:40] === Starting AssemblyAI Upload ===
[2025-04-30 06:30:40] Audio file path: uploads/recording_1745987440.wav
[2025-04-30 06:30:40] Detected MIME type: audio/wav
[2025-04-30 06:30:40] Sending file to AssemblyAI upload endpoint...
[2025-04-30 06:30:42] HTTP Response Code: 200
[2025-04-30 06:30:42] Raw Response: {"upload_url":"https://cdn.assemblyai.com/upload/cbb0c6c9-95e0-4a93-a1d8-b5c3d9c84aa2"}

[2025-04-30 06:30:42] Upload URL received: https://cdn.assemblyai.com/upload/cbb0c6c9-95e0-4a93-a1d8-b5c3d9c84aa2
[2025-04-30 06:30:42] Starting transcription job...
[2025-04-30 06:30:42] Request body: {"audio_url":"https:\/\/cdn.assemblyai.com\/upload\/cbb0c6c9-95e0-4a93-a1d8-b5c3d9c84aa2"}
[2025-04-30 06:30:44] HTTP Response Code: 200
[2025-04-30 06:30:44] Raw Response: {"id": "7f87ed97-f9ef-47dd-9e23-099029889b0b", "language_model": "assemblyai_default", "acoustic_model": "assemblyai_default", "language_code": "en_us", "status": "queued", "audio_url": "https://cdn.assemblyai.com/upload/cbb0c6c9-95e0-4a93-a1d8-b5c3d9c84aa2", "text": null, "words": null, "utterances": null, "confidence": null, "audio_duration": null, "punctuate": true, "format_text": true, "dual_channel": null, "webhook_url": null, "webhook_status_code": null, "webhook_auth": false, "webhook_auth_header_name": null, "speed_boost": false, "auto_highlights_result": null, "auto_highlights": false, "audio_start_from": null, "audio_end_at": null, "word_boost": [], "boost_param": null, "prompt": null, "keyterms_prompt": null, "filter_profanity": false, "redact_pii": false, "redact_pii_audio": false, "redact_pii_audio_quality": null, "redact_pii_policies": null, "redact_pii_sub": null, "speaker_labels": false, "content_safety": false, "iab_categories": false, "content_safety_labels": {}, "iab_categories_result": {}, "language_detection": false, "language_confidence_threshold": null, "language_confidence": null, "custom_spelling": null, "throttled": false, "auto_chapters": false, "summarization": false, "summary_type": null, "summary_model": null, "custom_topics": false, "topics": [], "speech_threshold": null, "speech_model": null, "chapters": null, "disfluencies": false, "entity_detection": false, "sentiment_analysis": false, "sentiment_analysis_results": null, "entities": null, "speakers_expected": null, "summary": null, "custom_topics_results": null, "is_deleted": null, "multichannel": null, "project_id": 546162, "token_id": 547942}
[2025-04-30 06:30:44] === Checking Transcription Status ===
[2025-04-30 06:30:44] Transcript ID: 7f87ed97-f9ef-47dd-9e23-099029889b0b
[2025-04-30 06:30:45] cURL verbose output: * Hostname api.assemblyai.com was found in DNS cache
*   Trying 44.228.178.29...
* TCP_NODELAY set
* Connected to api.assemblyai.com (44.228.178.29) port 443 (#0)
* ALPN, offering http/1.1
* Cipher selection: ALL:!EXPORT:!EXPORT40:!EXPORT56:!aNULL:!LOW:!RC4:@STRENGTH
* successfully set certificate verify locations:
*   CAfile: /Applications/XAMPP/xamppfiles/share/curl/curl-ca-bundle.crt
  CApath: none
* SSL connection using TLSv1.3 / TLS_AES_128_GCM_SHA256
* ALPN, server accepted to use http/1.1
* Server certificate:
*  subject: CN=*.assemblyai.com
*  start date: Jun 15 00:00:00 2024 GMT
*  expire date: Jul 14 23:59:59 2025 GMT
*  subjectAltName: host "api.assemblyai.com" matched cert's "*.assemblyai.com"
*  issuer: C=US; O=Amazon; CN=Amazon RSA 2048 M02
*  SSL certificate verify ok.
> GET /v2/transcript/7f87ed97-f9ef-47dd-9e23-099029889b0b HTTP/1.1
Host: api.assemblyai.com
Accept: */*
authorization: 7da2fc6e2f084d17a6696d5e67395bad

< HTTP/1.1 200 OK
< Date: Wed, 30 Apr 2025 04:30:44 GMT
< Content-Type: application/json; charset=UTF-8
< Content-Length: 1657
< Connection: keep-alive
< Set-Cookie: AWSALBTG=iuWecW0Yb5EgOL+BhSefo92sKOJ1FnGOllpYwi1oqpAI6YLqWx4H1E9CwS3L3xdfY0KtJ3WJry0GA2oLC9jTkzJkyDMszwL31y1gSigZ0emrLV/Lr/3A0obIMiA9kFnnzcRZCTad0+FN5OqvUMBCETeTcz7lLYGH3bssKO39gUrM; Expires=Wed, 07 May 2025 04:30:44 GMT; Path=/
< Set-Cookie: AWSALBTGCORS=iuWecW0Yb5EgOL+BhSefo92sKOJ1FnGOllpYwi1oqpAI6YLqWx4H1E9CwS3L3xdfY0KtJ3WJry0GA2oLC9jTkzJkyDMszwL31y1gSigZ0emrLV/Lr/3A0obIMiA9kFnnzcRZCTad0+FN5OqvUMBCETeTcz7lLYGH3bssKO39gUrM; Expires=Wed, 07 May 2025 04:30:44 GMT; Path=/; SameSite=None; Secure
< Set-Cookie: AWSALB=DGByi+Ud/SUoE60SVtogc9LZmQMsDvM1rCeuAW+ZBdRwgAlE+gh1/DiuFXolEoW8YPmyjfDGnRS0WaeoGfxMTGjnbHQzQzY0DcS04OVXGn84uMVpQwr13OOd3byM; Expires=Wed, 07 May 2025 04:30:44 GMT; Path=/
< Set-Cookie: AWSALBCORS=DGByi+Ud/SUoE60SVtogc9LZmQMsDvM1rCeuAW+ZBdRwgAlE+gh1/DiuFXolEoW8YPmyjfDGnRS0WaeoGfxMTGjnbHQzQzY0DcS04OVXGn84uMVpQwr13OOd3byM; Expires=Wed, 07 May 2025 04:30:44 GMT; Path=/; SameSite=None; Secure
< Access-Control-Allow-Origin: *
< Access-Control-Allow-Headers: Content-Type, Authorization, X-Requested-With, User-Agent, AssemblyAI-Agent
< Access-Control-Allow-Methods: POST, PUT, GET, OPTIONS
< Strict-Transport-Security: max-age=31536000; includeSubDomains; preload
< Etag: "b193f4aa93ea702cbb513afbde6c181e9cdb0e49"
< 
* Connection #0 to host api.assemblyai.com left intact

[2025-04-30 06:30:45] HTTP Response Code: 200
[2025-04-30 06:30:45] Response: {"id": "7f87ed97-f9ef-47dd-9e23-099029889b0b", "language_model": "assemblyai_default", "acoustic_model": "assemblyai_default", "language_code": "en_us", "status": "processing", "audio_url": "https://cdn.assemblyai.com/upload/cbb0c6c9-95e0-4a93-a1d8-b5c3d9c84aa2", "text": null, "words": null, "utterances": null, "confidence": null, "audio_duration": null, "punctuate": true, "format_text": true, "dual_channel": null, "webhook_url": null, "webhook_status_code": null, "webhook_auth": false, "webhook_auth_header_name": null, "speed_boost": false, "auto_highlights_result": null, "auto_highlights": false, "audio_start_from": null, "audio_end_at": null, "word_boost": [], "boost_param": null, "prompt": null, "keyterms_prompt": [], "filter_profanity": false, "redact_pii": false, "redact_pii_audio": false, "redact_pii_audio_quality": null, "redact_pii_policies": null, "redact_pii_sub": null, "speaker_labels": false, "content_safety": false, "iab_categories": false, "content_safety_labels": {}, "iab_categories_result": {}, "language_detection": false, "language_confidence_threshold": null, "language_confidence": null, "custom_spelling": null, "throttled": false, "auto_chapters": false, "summarization": false, "summary_type": null, "summary_model": null, "custom_topics": false, "topics": [], "speech_threshold": null, "speech_model": null, "chapters": null, "disfluencies": false, "entity_detection": false, "sentiment_analysis": false, "sentiment_analysis_results": null, "entities": null, "speakers_expected": null, "summary": null, "custom_topics_results": null, "is_deleted": null, "multichannel": null, "project_id": 546162, "token_id": 547942}
[2025-04-30 06:30:45] Attempt 1: Transcription still processing. Waiting 2 seconds...
[2025-04-30 06:30:48] cURL verbose output: * Hostname api.assemblyai.com was found in DNS cache
*   Trying 44.228.178.29...
* TCP_NODELAY set
* Connected to api.assemblyai.com (44.228.178.29) port 443 (#0)
* ALPN, offering http/1.1
* Cipher selection: ALL:!EXPORT:!EXPORT40:!EXPORT56:!aNULL:!LOW:!RC4:@STRENGTH
* successfully set certificate verify locations:
*   CAfile: /Applications/XAMPP/xamppfiles/share/curl/curl-ca-bundle.crt
  CApath: none
* SSL connection using TLSv1.3 / TLS_AES_128_GCM_SHA256
* ALPN, server accepted to use http/1.1
* Server certificate:
*  subject: CN=*.assemblyai.com
*  start date: Jun 15 00:00:00 2024 GMT
*  expire date: Jul 14 23:59:59 2025 GMT
*  subjectAltName: host "api.assemblyai.com" matched cert's "*.assemblyai.com"
*  issuer: C=US; O=Amazon; CN=Amazon RSA 2048 M02
*  SSL certificate verify ok.
> GET /v2/transcript/7f87ed97-f9ef-47dd-9e23-099029889b0b HTTP/1.1
Host: api.assemblyai.com
Accept: */*
authorization: 7da2fc6e2f084d17a6696d5e67395bad

< HTTP/1.1 200 OK
< Date: Wed, 30 Apr 2025 04:30:48 GMT
< Content-Type: application/json; charset=UTF-8
< Content-Length: 1657
< Connection: keep-alive
< Set-Cookie: AWSALBTG=RvhHo98f5P3Kd4dr+6L0mqEPLcNzW1EzjiuDGT9aoCrbXm+e8LVRrrIu0UXqzzsXxdaD+WSC4SIPtMufXFb0F8uxaJxYNfinGGlojqHKY7TImP+N0EL0KTklyzPXjqCX8LMvoHmkkr/t9+rTsR134A4uQwEprkIMOEDRU7ck4ao1; Expires=Wed, 07 May 2025 04:30:48 GMT; Path=/
< Set-Cookie: AWSALBTGCORS=RvhHo98f5P3Kd4dr+6L0mqEPLcNzW1EzjiuDGT9aoCrbXm+e8LVRrrIu0UXqzzsXxdaD+WSC4SIPtMufXFb0F8uxaJxYNfinGGlojqHKY7TImP+N0EL0KTklyzPXjqCX8LMvoHmkkr/t9+rTsR134A4uQwEprkIMOEDRU7ck4ao1; Expires=Wed, 07 May 2025 04:30:48 GMT; Path=/; SameSite=None; Secure
< Set-Cookie: AWSALB=Z3qCkEMydSrxjZJHov/TFoBZqC2WlWOs50nhfPBAkNKqKxg6e3PJiQ2zxZnq8xZWkQcmfNVmRZWp3uueNymhSXNcT4NTCZp085JneCoN3v0xoFMQjh1o2YDv2+Ct; Expires=Wed, 07 May 2025 04:30:48 GMT; Path=/
< Set-Cookie: AWSALBCORS=Z3qCkEMydSrxjZJHov/TFoBZqC2WlWOs50nhfPBAkNKqKxg6e3PJiQ2zxZnq8xZWkQcmfNVmRZWp3uueNymhSXNcT4NTCZp085JneCoN3v0xoFMQjh1o2YDv2+Ct; Expires=Wed, 07 May 2025 04:30:48 GMT; Path=/; SameSite=None; Secure
< Access-Control-Allow-Origin: *
< Access-Control-Allow-Headers: Content-Type, Authorization, X-Requested-With, User-Agent, AssemblyAI-Agent
< Access-Control-Allow-Methods: POST, PUT, GET, OPTIONS
< Strict-Transport-Security: max-age=31536000; includeSubDomains; preload
< Etag: "b193f4aa93ea702cbb513afbde6c181e9cdb0e49"
< 
* Connection #0 to host api.assemblyai.com left intact

[2025-04-30 06:30:48] HTTP Response Code: 200
[2025-04-30 06:30:48] Response: {"id": "7f87ed97-f9ef-47dd-9e23-099029889b0b", "language_model": "assemblyai_default", "acoustic_model": "assemblyai_default", "language_code": "en_us", "status": "processing", "audio_url": "https://cdn.assemblyai.com/upload/cbb0c6c9-95e0-4a93-a1d8-b5c3d9c84aa2", "text": null, "words": null, "utterances": null, "confidence": null, "audio_duration": null, "punctuate": true, "format_text": true, "dual_channel": null, "webhook_url": null, "webhook_status_code": null, "webhook_auth": false, "webhook_auth_header_name": null, "speed_boost": false, "auto_highlights_result": null, "auto_highlights": false, "audio_start_from": null, "audio_end_at": null, "word_boost": [], "boost_param": null, "prompt": null, "keyterms_prompt": [], "filter_profanity": false, "redact_pii": false, "redact_pii_audio": false, "redact_pii_audio_quality": null, "redact_pii_policies": null, "redact_pii_sub": null, "speaker_labels": false, "content_safety": false, "iab_categories": false, "content_safety_labels": {}, "iab_categories_result": {}, "language_detection": false, "language_confidence_threshold": null, "language_confidence": null, "custom_spelling": null, "throttled": false, "auto_chapters": false, "summarization": false, "summary_type": null, "summary_model": null, "custom_topics": false, "topics": [], "speech_threshold": null, "speech_model": null, "chapters": null, "disfluencies": false, "entity_detection": false, "sentiment_analysis": false, "sentiment_analysis_results": null, "entities": null, "speakers_expected": null, "summary": null, "custom_topics_results": null, "is_deleted": null, "multichannel": null, "project_id": 546162, "token_id": 547942}
[2025-04-30 06:30:48] Attempt 2: Transcription still processing. Waiting 2 seconds...
[2025-04-30 06:30:51] cURL verbose output: * Hostname api.assemblyai.com was found in DNS cache
*   Trying 44.228.178.29...
* TCP_NODELAY set
* Connected to api.assemblyai.com (44.228.178.29) port 443 (#0)
* ALPN, offering http/1.1
* Cipher selection: ALL:!EXPORT:!EXPORT40:!EXPORT56:!aNULL:!LOW:!RC4:@STRENGTH
* successfully set certificate verify locations:
*   CAfile: /Applications/XAMPP/xamppfiles/share/curl/curl-ca-bundle.crt
  CApath: none
* SSL connection using TLSv1.3 / TLS_AES_128_GCM_SHA256
* ALPN, server accepted to use http/1.1
* Server certificate:
*  subject: CN=*.assemblyai.com
*  start date: Jun 15 00:00:00 2024 GMT
*  expire date: Jul 14 23:59:59 2025 GMT
*  subjectAltName: host "api.assemblyai.com" matched cert's "*.assemblyai.com"
*  issuer: C=US; O=Amazon; CN=Amazon RSA 2048 M02
*  SSL certificate verify ok.
> GET /v2/transcript/7f87ed97-f9ef-47dd-9e23-099029889b0b HTTP/1.1
Host: api.assemblyai.com
Accept: */*
authorization: 7da2fc6e2f084d17a6696d5e67395bad

< HTTP/1.1 200 OK
< Date: Wed, 30 Apr 2025 04:30:51 GMT
< Content-Type: application/json; charset=UTF-8
< Content-Length: 1657
< Connection: keep-alive
< Set-Cookie: AWSALBTG=FQ0mnfzYeSjlo1iJEy5zlTh9vMQ5589KjEo6/MUyCmQ50JE29Ld3DWmE3volFJf4yRO8uwo2rJuTNp2zj7xbnT+pGozv9xA9IKvbZorynHXfo6tZJyZuJaufHhJ+4FlF6OeaVSJef6Jv4nl6bXJhQWrUClBmVd1yGnjkM6tPcxdO; Expires=Wed, 07 May 2025 04:30:51 GMT; Path=/
< Set-Cookie: AWSALBTGCORS=FQ0mnfzYeSjlo1iJEy5zlTh9vMQ5589KjEo6/MUyCmQ50JE29Ld3DWmE3volFJf4yRO8uwo2rJuTNp2zj7xbnT+pGozv9xA9IKvbZorynHXfo6tZJyZuJaufHhJ+4FlF6OeaVSJef6Jv4nl6bXJhQWrUClBmVd1yGnjkM6tPcxdO; Expires=Wed, 07 May 2025 04:30:51 GMT; Path=/; SameSite=None; Secure
< Set-Cookie: AWSALB=WDjQjWRh3p+HMq8AnYMu9btFOHDA2RKFCNyxwi8DPj4lxxL6qOh3Rw80UTWo0LTknyuFdVKhXGSjTpH7ECv5XThCRGPPEABK6ucOBapIFTmt4mFqi+Zz0VgULh7G; Expires=Wed, 07 May 2025 04:30:51 GMT; Path=/
< Set-Cookie: AWSALBCORS=WDjQjWRh3p+HMq8AnYMu9btFOHDA2RKFCNyxwi8DPj4lxxL6qOh3Rw80UTWo0LTknyuFdVKhXGSjTpH7ECv5XThCRGPPEABK6ucOBapIFTmt4mFqi+Zz0VgULh7G; Expires=Wed, 07 May 2025 04:30:51 GMT; Path=/; SameSite=None; Secure
< Access-Control-Allow-Origin: *
< Access-Control-Allow-Headers: Content-Type, Authorization, X-Requested-With, User-Agent, AssemblyAI-Agent
< Access-Control-Allow-Methods: POST, PUT, GET, OPTIONS
< Strict-Transport-Security: max-age=31536000; includeSubDomains; preload
< Etag: "b193f4aa93ea702cbb513afbde6c181e9cdb0e49"
< 
* Connection #0 to host api.assemblyai.com left intact

[2025-04-30 06:30:51] HTTP Response Code: 200
[2025-04-30 06:30:51] Response: {"id": "7f87ed97-f9ef-47dd-9e23-099029889b0b", "language_model": "assemblyai_default", "acoustic_model": "assemblyai_default", "language_code": "en_us", "status": "processing", "audio_url": "https://cdn.assemblyai.com/upload/cbb0c6c9-95e0-4a93-a1d8-b5c3d9c84aa2", "text": null, "words": null, "utterances": null, "confidence": null, "audio_duration": null, "punctuate": true, "format_text": true, "dual_channel": null, "webhook_url": null, "webhook_status_code": null, "webhook_auth": false, "webhook_auth_header_name": null, "speed_boost": false, "auto_highlights_result": null, "auto_highlights": false, "audio_start_from": null, "audio_end_at": null, "word_boost": [], "boost_param": null, "prompt": null, "keyterms_prompt": [], "filter_profanity": false, "redact_pii": false, "redact_pii_audio": false, "redact_pii_audio_quality": null, "redact_pii_policies": null, "redact_pii_sub": null, "speaker_labels": false, "content_safety": false, "iab_categories": false, "content_safety_labels": {}, "iab_categories_result": {}, "language_detection": false, "language_confidence_threshold": null, "language_confidence": null, "custom_spelling": null, "throttled": false, "auto_chapters": false, "summarization": false, "summary_type": null, "summary_model": null, "custom_topics": false, "topics": [], "speech_threshold": null, "speech_model": null, "chapters": null, "disfluencies": false, "entity_detection": false, "sentiment_analysis": false, "sentiment_analysis_results": null, "entities": null, "speakers_expected": null, "summary": null, "custom_topics_results": null, "is_deleted": null, "multichannel": null, "project_id": 546162, "token_id": 547942}
[2025-04-30 06:30:51] Attempt 3: Transcription still processing. Waiting 2 seconds...
[2025-04-30 06:30:54] cURL verbose output: * Hostname api.assemblyai.com was found in DNS cache
*   Trying 44.228.178.29...
* TCP_NODELAY set
* Connected to api.assemblyai.com (44.228.178.29) port 443 (#0)
* ALPN, offering http/1.1
* Cipher selection: ALL:!EXPORT:!EXPORT40:!EXPORT56:!aNULL:!LOW:!RC4:@STRENGTH
* successfully set certificate verify locations:
*   CAfile: /Applications/XAMPP/xamppfiles/share/curl/curl-ca-bundle.crt
  CApath: none
* SSL connection using TLSv1.3 / TLS_AES_128_GCM_SHA256
* ALPN, server accepted to use http/1.1
* Server certificate:
*  subject: CN=*.assemblyai.com
*  start date: Jun 15 00:00:00 2024 GMT
*  expire date: Jul 14 23:59:59 2025 GMT
*  subjectAltName: host "api.assemblyai.com" matched cert's "*.assemblyai.com"
*  issuer: C=US; O=Amazon; CN=Amazon RSA 2048 M02
*  SSL certificate verify ok.
> GET /v2/transcript/7f87ed97-f9ef-47dd-9e23-099029889b0b HTTP/1.1
Host: api.assemblyai.com
Accept: */*
authorization: 7da2fc6e2f084d17a6696d5e67395bad

< HTTP/1.1 200 OK
< Date: Wed, 30 Apr 2025 04:30:54 GMT
< Content-Type: application/json; charset=UTF-8
< Content-Length: 2201
< Connection: keep-alive
< Set-Cookie: AWSALBTG=hGPP6BaGUuMEyOVespEPwOqmnuG/kf0yEK6eQX0X4LLvvDJ/mKmVyrDvWZJ6ZDc9Ye+Hirjqpe1ZHxrkh2Tsh9c8Xy2bRWuMPda6/mSrqjvM6s0RvxKpxodSBBe6QzqWynRtf1kTdyHDt7ABbAXZzp6DspkBeaJM4aD7sX98uxt6; Expires=Wed, 07 May 2025 04:30:54 GMT; Path=/
< Set-Cookie: AWSALBTGCORS=hGPP6BaGUuMEyOVespEPwOqmnuG/kf0yEK6eQX0X4LLvvDJ/mKmVyrDvWZJ6ZDc9Ye+Hirjqpe1ZHxrkh2Tsh9c8Xy2bRWuMPda6/mSrqjvM6s0RvxKpxodSBBe6QzqWynRtf1kTdyHDt7ABbAXZzp6DspkBeaJM4aD7sX98uxt6; Expires=Wed, 07 May 2025 04:30:54 GMT; Path=/; SameSite=None; Secure
< Set-Cookie: AWSALB=2CUQE5dlwirZPkVUqBEr3ybH/bLXD06KA2Zo2wEQVAeRtw6ugmg/K5C6bdAHBMLNeulGIUKRglMUAJU5hikzmI6GeiBNcmGucfQ9tj7cPv7Xb0qNHC9LVAsIc8h+; Expires=Wed, 07 May 2025 04:30:54 GMT; Path=/
< Set-Cookie: AWSALBCORS=2CUQE5dlwirZPkVUqBEr3ybH/bLXD06KA2Zo2wEQVAeRtw6ugmg/K5C6bdAHBMLNeulGIUKRglMUAJU5hikzmI6GeiBNcmGucfQ9tj7cPv7Xb0qNHC9LVAsIc8h+; Expires=Wed, 07 May 2025 04:30:54 GMT; Path=/; SameSite=None; Secure
< Access-Control-Allow-Origin: *
< Access-Control-Allow-Headers: Content-Type, Authorization, X-Requested-With, User-Agent, AssemblyAI-Agent
< Access-Control-Allow-Methods: POST, PUT, GET, OPTIONS
< Strict-Transport-Security: max-age=31536000; includeSubDomains; preload
< Etag: "6126bb6677c9ea10aebae1c21f647842d93d9229"
< 
* Connection #0 to host api.assemblyai.com left intact

[2025-04-30 06:30:54] HTTP Response Code: 200
[2025-04-30 06:30:54] Response: {"id": "7f87ed97-f9ef-47dd-9e23-099029889b0b", "language_model": "assemblyai_default", "acoustic_model": "assemblyai_default", "language_code": "en_us", "status": "completed", "audio_url": "https://cdn.assemblyai.com/upload/cbb0c6c9-95e0-4a93-a1d8-b5c3d9c84aa2", "text": "Tiger. I am very sad.", "words": [{"text": "Tiger.", "start": 160, "end": 740, "confidence": 0.76234, "speaker": null}, {"text": "I", "start": 2080, "end": 2392, "confidence": 0.99958, "speaker": null}, {"text": "am", "start": 2416, "end": 2552, "confidence": 0.82782, "speaker": null}, {"text": "very", "start": 2576, "end": 2760, "confidence": 0.99999, "speaker": null}, {"text": "sad.", "start": 2800, "end": 2920, "confidence": 0.994, "speaker": null}], "utterances": null, "confidence": 0.916746, "audio_duration": 5, "punctuate": true, "format_text": true, "dual_channel": null, "webhook_url": null, "webhook_status_code": null, "webhook_auth": false, "webhook_auth_header_name": null, "speed_boost": false, "auto_highlights_result": null, "auto_highlights": false, "audio_start_from": null, "audio_end_at": null, "word_boost": [], "boost_param": null, "prompt": null, "keyterms_prompt": [], "filter_profanity": false, "redact_pii": false, "redact_pii_audio": false, "redact_pii_audio_quality": null, "redact_pii_policies": null, "redact_pii_sub": null, "speaker_labels": false, "content_safety": false, "iab_categories": false, "content_safety_labels": {"status": "unavailable", "results": [], "summary": {}}, "iab_categories_result": {"status": "unavailable", "results": [], "summary": {}}, "language_detection": false, "language_confidence_threshold": null, "language_confidence": null, "custom_spelling": null, "throttled": false, "auto_chapters": false, "summarization": false, "summary_type": null, "summary_model": null, "custom_topics": false, "topics": [], "speech_threshold": null, "speech_model": null, "chapters": null, "disfluencies": false, "entity_detection": false, "sentiment_analysis": false, "sentiment_analysis_results": null, "entities": null, "speakers_expected": null, "summary": null, "custom_topics_results": null, "is_deleted": null, "multichannel": null, "project_id": 546162, "token_id": 547942}
[2025-04-30 06:30:54] Transcription completed successfully
[2025-04-30 06:30:54] API key found in .env file
[2025-04-30 06:30:54] === Starting AssemblyAI Upload ===
[2025-04-30 06:30:54] Audio file path: uploads/recording_1745987454.wav
[2025-04-30 06:30:54] Detected MIME type: audio/wav
[2025-04-30 06:30:54] Sending file to AssemblyAI upload endpoint...
[2025-04-30 06:30:56] HTTP Response Code: 200
[2025-04-30 06:30:56] Raw Response: {"upload_url":"https://cdn.assemblyai.com/upload/ebcd9264-59f4-43ea-a678-d8835df801f8"}

[2025-04-30 06:30:56] Upload URL received: https://cdn.assemblyai.com/upload/ebcd9264-59f4-43ea-a678-d8835df801f8
[2025-04-30 06:30:57] Starting transcription job...
[2025-04-30 06:30:57] Request body: {"audio_url":"https:\/\/cdn.assemblyai.com\/upload\/ebcd9264-59f4-43ea-a678-d8835df801f8"}
[2025-04-30 06:30:58] HTTP Response Code: 200
[2025-04-30 06:30:58] Raw Response: {"id": "26ecbf4e-f292-4d9e-b136-78156dbde42a", "language_model": "assemblyai_default", "acoustic_model": "assemblyai_default", "language_code": "en_us", "status": "queued", "audio_url": "https://cdn.assemblyai.com/upload/ebcd9264-59f4-43ea-a678-d8835df801f8", "text": null, "words": null, "utterances": null, "confidence": null, "audio_duration": null, "punctuate": true, "format_text": true, "dual_channel": null, "webhook_url": null, "webhook_status_code": null, "webhook_auth": false, "webhook_auth_header_name": null, "speed_boost": false, "auto_highlights_result": null, "auto_highlights": false, "audio_start_from": null, "audio_end_at": null, "word_boost": [], "boost_param": null, "prompt": null, "keyterms_prompt": null, "filter_profanity": false, "redact_pii": false, "redact_pii_audio": false, "redact_pii_audio_quality": null, "redact_pii_policies": null, "redact_pii_sub": null, "speaker_labels": false, "content_safety": false, "iab_categories": false, "content_safety_labels": {}, "iab_categories_result": {}, "language_detection": false, "language_confidence_threshold": null, "language_confidence": null, "custom_spelling": null, "throttled": false, "auto_chapters": false, "summarization": false, "summary_type": null, "summary_model": null, "custom_topics": false, "topics": [], "speech_threshold": null, "speech_model": null, "chapters": null, "disfluencies": false, "entity_detection": false, "sentiment_analysis": false, "sentiment_analysis_results": null, "entities": null, "speakers_expected": null, "summary": null, "custom_topics_results": null, "is_deleted": null, "multichannel": null, "project_id": 546162, "token_id": 547942}
[2025-04-30 06:30:58] === Checking Transcription Status ===
[2025-04-30 06:30:58] Transcript ID: 26ecbf4e-f292-4d9e-b136-78156dbde42a
[2025-04-30 06:30:59] cURL verbose output: * Hostname api.assemblyai.com was found in DNS cache
*   Trying 44.228.178.29...
* TCP_NODELAY set
* Connected to api.assemblyai.com (44.228.178.29) port 443 (#0)
* ALPN, offering http/1.1
* Cipher selection: ALL:!EXPORT:!EXPORT40:!EXPORT56:!aNULL:!LOW:!RC4:@STRENGTH
* successfully set certificate verify locations:
*   CAfile: /Applications/XAMPP/xamppfiles/share/curl/curl-ca-bundle.crt
  CApath: none
* SSL connection using TLSv1.3 / TLS_AES_128_GCM_SHA256
* ALPN, server accepted to use http/1.1
* Server certificate:
*  subject: CN=*.assemblyai.com
*  start date: Jun 15 00:00:00 2024 GMT
*  expire date: Jul 14 23:59:59 2025 GMT
*  subjectAltName: host "api.assemblyai.com" matched cert's "*.assemblyai.com"
*  issuer: C=US; O=Amazon; CN=Amazon RSA 2048 M02
*  SSL certificate verify ok.
> GET /v2/transcript/26ecbf4e-f292-4d9e-b136-78156dbde42a HTTP/1.1
Host: api.assemblyai.com
Accept: */*
authorization: 7da2fc6e2f084d17a6696d5e67395bad

< HTTP/1.1 200 OK
< Date: Wed, 30 Apr 2025 04:30:59 GMT
< Content-Type: application/json; charset=UTF-8
< Content-Length: 1657
< Connection: keep-alive
< Set-Cookie: AWSALBTG=K3W7PE+1LWMNnRWwhbPWYkPvsMj38eYuB01I4EIx3KfB2K1BXtZ0No7U5HrHZIBEyjT0GZBVB31hCb4nin6V8YpM2l2XTVAeIPIPtyGu6yj/wNzDdsuKOHTqRvevw/3pgVPltp9WMjA6wBmXiDpbmmEEAUGujLC36OQDPgdfAgC3; Expires=Wed, 07 May 2025 04:30:58 GMT; Path=/
< Set-Cookie: AWSALBTGCORS=K3W7PE+1LWMNnRWwhbPWYkPvsMj38eYuB01I4EIx3KfB2K1BXtZ0No7U5HrHZIBEyjT0GZBVB31hCb4nin6V8YpM2l2XTVAeIPIPtyGu6yj/wNzDdsuKOHTqRvevw/3pgVPltp9WMjA6wBmXiDpbmmEEAUGujLC36OQDPgdfAgC3; Expires=Wed, 07 May 2025 04:30:58 GMT; Path=/; SameSite=None; Secure
< Set-Cookie: AWSALB=UZq6VsXW0pakfrKsQ27t6KoLnVJDtyc6TAFhNUqvcU/vuDlD3NywwecNmbBD5ejBxJSjlyAFiRfOOJU3q3i+yf8NbBpgwB0YJLRpT3ddXvQ5LXLK8mZWZJFXfkjm; Expires=Wed, 07 May 2025 04:30:58 GMT; Path=/
< Set-Cookie: AWSALBCORS=UZq6VsXW0pakfrKsQ27t6KoLnVJDtyc6TAFhNUqvcU/vuDlD3NywwecNmbBD5ejBxJSjlyAFiRfOOJU3q3i+yf8NbBpgwB0YJLRpT3ddXvQ5LXLK8mZWZJFXfkjm; Expires=Wed, 07 May 2025 04:30:58 GMT; Path=/; SameSite=None; Secure
< Access-Control-Allow-Origin: *
< Access-Control-Allow-Headers: Content-Type, Authorization, X-Requested-With, User-Agent, AssemblyAI-Agent
< Access-Control-Allow-Methods: POST, PUT, GET, OPTIONS
< Strict-Transport-Security: max-age=31536000; includeSubDomains; preload
< Etag: "902e2b9cbd1986d0cf01a2fd80694add815667f8"
< 
* Connection #0 to host api.assemblyai.com left intact

[2025-04-30 06:30:59] HTTP Response Code: 200
[2025-04-30 06:30:59] Response: {"id": "26ecbf4e-f292-4d9e-b136-78156dbde42a", "language_model": "assemblyai_default", "acoustic_model": "assemblyai_default", "language_code": "en_us", "status": "processing", "audio_url": "https://cdn.assemblyai.com/upload/ebcd9264-59f4-43ea-a678-d8835df801f8", "text": null, "words": null, "utterances": null, "confidence": null, "audio_duration": null, "punctuate": true, "format_text": true, "dual_channel": null, "webhook_url": null, "webhook_status_code": null, "webhook_auth": false, "webhook_auth_header_name": null, "speed_boost": false, "auto_highlights_result": null, "auto_highlights": false, "audio_start_from": null, "audio_end_at": null, "word_boost": [], "boost_param": null, "prompt": null, "keyterms_prompt": [], "filter_profanity": false, "redact_pii": false, "redact_pii_audio": false, "redact_pii_audio_quality": null, "redact_pii_policies": null, "redact_pii_sub": null, "speaker_labels": false, "content_safety": false, "iab_categories": false, "content_safety_labels": {}, "iab_categories_result": {}, "language_detection": false, "language_confidence_threshold": null, "language_confidence": null, "custom_spelling": null, "throttled": false, "auto_chapters": false, "summarization": false, "summary_type": null, "summary_model": null, "custom_topics": false, "topics": [], "speech_threshold": null, "speech_model": null, "chapters": null, "disfluencies": false, "entity_detection": false, "sentiment_analysis": false, "sentiment_analysis_results": null, "entities": null, "speakers_expected": null, "summary": null, "custom_topics_results": null, "is_deleted": null, "multichannel": null, "project_id": 546162, "token_id": 547942}
[2025-04-30 06:30:59] Attempt 1: Transcription still processing. Waiting 2 seconds...
[2025-04-30 06:31:02] cURL verbose output: * Hostname api.assemblyai.com was found in DNS cache
*   Trying 44.228.178.29...
* TCP_NODELAY set
* Connected to api.assemblyai.com (44.228.178.29) port 443 (#0)
* ALPN, offering http/1.1
* Cipher selection: ALL:!EXPORT:!EXPORT40:!EXPORT56:!aNULL:!LOW:!RC4:@STRENGTH
* successfully set certificate verify locations:
*   CAfile: /Applications/XAMPP/xamppfiles/share/curl/curl-ca-bundle.crt
  CApath: none
* SSL connection using TLSv1.3 / TLS_AES_128_GCM_SHA256
* ALPN, server accepted to use http/1.1
* Server certificate:
*  subject: CN=*.assemblyai.com
*  start date: Jun 15 00:00:00 2024 GMT
*  expire date: Jul 14 23:59:59 2025 GMT
*  subjectAltName: host "api.assemblyai.com" matched cert's "*.assemblyai.com"
*  issuer: C=US; O=Amazon; CN=Amazon RSA 2048 M02
*  SSL certificate verify ok.
> GET /v2/transcript/26ecbf4e-f292-4d9e-b136-78156dbde42a HTTP/1.1
Host: api.assemblyai.com
Accept: */*
authorization: 7da2fc6e2f084d17a6696d5e67395bad

< HTTP/1.1 200 OK
< Date: Wed, 30 Apr 2025 04:31:02 GMT
< Content-Type: application/json; charset=UTF-8
< Content-Length: 2201
< Connection: keep-alive
< Set-Cookie: AWSALBTG=5aqoFtftgPyk7ElhblHQDV4VuGbmkKS2wQ2ssg6UxOOvqJfOK0G2QvCJDshzGFpxUyY4h7Ug8CMMY+mzAa25L6j4JLaHiyKvaiulhOy/HlGe2hZfyDqLrlCiGk6fih/ehDvx7AJTrvqqg81/NdYK0tgmtdmMKq3n5RRdxvK+PCpK; Expires=Wed, 07 May 2025 04:31:02 GMT; Path=/
< Set-Cookie: AWSALBTGCORS=5aqoFtftgPyk7ElhblHQDV4VuGbmkKS2wQ2ssg6UxOOvqJfOK0G2QvCJDshzGFpxUyY4h7Ug8CMMY+mzAa25L6j4JLaHiyKvaiulhOy/HlGe2hZfyDqLrlCiGk6fih/ehDvx7AJTrvqqg81/NdYK0tgmtdmMKq3n5RRdxvK+PCpK; Expires=Wed, 07 May 2025 04:31:02 GMT; Path=/; SameSite=None; Secure
< Set-Cookie: AWSALB=V6aChXARhR7kCirmWmsunBPbPZy3Zq1qcnTqzCD8GdcWJCfXzbPMhLnC5kRgROEdH0Arb9J6vpD6KifN8DMEoWmN35ud3jJVWndTf3JNowRU3ixV8EMYgBFHrhJL; Expires=Wed, 07 May 2025 04:31:02 GMT; Path=/
< Set-Cookie: AWSALBCORS=V6aChXARhR7kCirmWmsunBPbPZy3Zq1qcnTqzCD8GdcWJCfXzbPMhLnC5kRgROEdH0Arb9J6vpD6KifN8DMEoWmN35ud3jJVWndTf3JNowRU3ixV8EMYgBFHrhJL; Expires=Wed, 07 May 2025 04:31:02 GMT; Path=/; SameSite=None; Secure
< Access-Control-Allow-Origin: *
< Access-Control-Allow-Headers: Content-Type, Authorization, X-Requested-With, User-Agent, AssemblyAI-Agent
< Access-Control-Allow-Methods: POST, PUT, GET, OPTIONS
< Strict-Transport-Security: max-age=31536000; includeSubDomains; preload
< Etag: "51f7aa5003217ba250aa5ef5d85e5722b9d1c2b5"
< 
* Connection #0 to host api.assemblyai.com left intact

[2025-04-30 06:31:02] HTTP Response Code: 200
[2025-04-30 06:31:02] Response: {"id": "26ecbf4e-f292-4d9e-b136-78156dbde42a", "language_model": "assemblyai_default", "acoustic_model": "assemblyai_default", "language_code": "en_us", "status": "completed", "audio_url": "https://cdn.assemblyai.com/upload/ebcd9264-59f4-43ea-a678-d8835df801f8", "text": "Tiger. I am very sad.", "words": [{"text": "Tiger.", "start": 160, "end": 740, "confidence": 0.76225, "speaker": null}, {"text": "I", "start": 2080, "end": 2392, "confidence": 0.99958, "speaker": null}, {"text": "am", "start": 2416, "end": 2552, "confidence": 0.82782, "speaker": null}, {"text": "very", "start": 2576, "end": 2760, "confidence": 0.99999, "speaker": null}, {"text": "sad.", "start": 2800, "end": 2920, "confidence": 0.994, "speaker": null}], "utterances": null, "confidence": 0.916728, "audio_duration": 5, "punctuate": true, "format_text": true, "dual_channel": null, "webhook_url": null, "webhook_status_code": null, "webhook_auth": false, "webhook_auth_header_name": null, "speed_boost": false, "auto_highlights_result": null, "auto_highlights": false, "audio_start_from": null, "audio_end_at": null, "word_boost": [], "boost_param": null, "prompt": null, "keyterms_prompt": [], "filter_profanity": false, "redact_pii": false, "redact_pii_audio": false, "redact_pii_audio_quality": null, "redact_pii_policies": null, "redact_pii_sub": null, "speaker_labels": false, "content_safety": false, "iab_categories": false, "content_safety_labels": {"status": "unavailable", "results": [], "summary": {}}, "iab_categories_result": {"status": "unavailable", "results": [], "summary": {}}, "language_detection": false, "language_confidence_threshold": null, "language_confidence": null, "custom_spelling": null, "throttled": false, "auto_chapters": false, "summarization": false, "summary_type": null, "summary_model": null, "custom_topics": false, "topics": [], "speech_threshold": null, "speech_model": null, "chapters": null, "disfluencies": false, "entity_detection": false, "sentiment_analysis": false, "sentiment_analysis_results": null, "entities": null, "speakers_expected": null, "summary": null, "custom_topics_results": null, "is_deleted": null, "multichannel": null, "project_id": 546162, "token_id": 547942}
[2025-04-30 06:31:02] Transcription completed successfully
[2025-04-30 06:31:34] API key found in .env file
[2025-04-30 06:31:34] === Starting AssemblyAI Upload ===
[2025-04-30 06:31:34] Audio file path: uploads/recording_1745987494.wav
[2025-04-30 06:31:34] Detected MIME type: audio/wav
[2025-04-30 06:31:34] Sending file to AssemblyAI upload endpoint...
[2025-04-30 06:31:36] HTTP Response Code: 200
[2025-04-30 06:31:36] Raw Response: {"upload_url":"https://cdn.assemblyai.com/upload/a6fb4c95-3aef-4b08-93b4-935910bd502a"}

[2025-04-30 06:31:36] Upload URL received: https://cdn.assemblyai.com/upload/a6fb4c95-3aef-4b08-93b4-935910bd502a
[2025-04-30 06:31:36] Starting transcription job...
[2025-04-30 06:31:36] Request body: {"audio_url":"https:\/\/cdn.assemblyai.com\/upload\/a6fb4c95-3aef-4b08-93b4-935910bd502a"}
[2025-04-30 06:31:37] HTTP Response Code: 200
[2025-04-30 06:31:37] Raw Response: {"id": "06da707c-142c-4ed5-94f8-f9e8fa9de942", "language_model": "assemblyai_default", "acoustic_model": "assemblyai_default", "language_code": "en_us", "status": "queued", "audio_url": "https://cdn.assemblyai.com/upload/a6fb4c95-3aef-4b08-93b4-935910bd502a", "text": null, "words": null, "utterances": null, "confidence": null, "audio_duration": null, "punctuate": true, "format_text": true, "dual_channel": null, "webhook_url": null, "webhook_status_code": null, "webhook_auth": false, "webhook_auth_header_name": null, "speed_boost": false, "auto_highlights_result": null, "auto_highlights": false, "audio_start_from": null, "audio_end_at": null, "word_boost": [], "boost_param": null, "prompt": null, "keyterms_prompt": null, "filter_profanity": false, "redact_pii": false, "redact_pii_audio": false, "redact_pii_audio_quality": null, "redact_pii_policies": null, "redact_pii_sub": null, "speaker_labels": false, "content_safety": false, "iab_categories": false, "content_safety_labels": {}, "iab_categories_result": {}, "language_detection": false, "language_confidence_threshold": null, "language_confidence": null, "custom_spelling": null, "throttled": false, "auto_chapters": false, "summarization": false, "summary_type": null, "summary_model": null, "custom_topics": false, "topics": [], "speech_threshold": null, "speech_model": null, "chapters": null, "disfluencies": false, "entity_detection": false, "sentiment_analysis": false, "sentiment_analysis_results": null, "entities": null, "speakers_expected": null, "summary": null, "custom_topics_results": null, "is_deleted": null, "multichannel": null, "project_id": 546162, "token_id": 547942}
[2025-04-30 06:31:37] === Checking Transcription Status ===
[2025-04-30 06:31:37] Transcript ID: 06da707c-142c-4ed5-94f8-f9e8fa9de942
[2025-04-30 06:31:38] cURL verbose output: * Hostname api.assemblyai.com was found in DNS cache
*   Trying 52.35.220.95...
* TCP_NODELAY set
* Connected to api.assemblyai.com (52.35.220.95) port 443 (#0)
* ALPN, offering http/1.1
* Cipher selection: ALL:!EXPORT:!EXPORT40:!EXPORT56:!aNULL:!LOW:!RC4:@STRENGTH
* successfully set certificate verify locations:
*   CAfile: /Applications/XAMPP/xamppfiles/share/curl/curl-ca-bundle.crt
  CApath: none
* SSL connection using TLSv1.3 / TLS_AES_128_GCM_SHA256
* ALPN, server accepted to use http/1.1
* Server certificate:
*  subject: CN=*.assemblyai.com
*  start date: Jun 15 00:00:00 2024 GMT
*  expire date: Jul 14 23:59:59 2025 GMT
*  subjectAltName: host "api.assemblyai.com" matched cert's "*.assemblyai.com"
*  issuer: C=US; O=Amazon; CN=Amazon RSA 2048 M02
*  SSL certificate verify ok.
> GET /v2/transcript/06da707c-142c-4ed5-94f8-f9e8fa9de942 HTTP/1.1
Host: api.assemblyai.com
Accept: */*
authorization: 7da2fc6e2f084d17a6696d5e67395bad

< HTTP/1.1 200 OK
< Date: Wed, 30 Apr 2025 04:31:38 GMT
< Content-Type: application/json; charset=UTF-8
< Content-Length: 2757
< Connection: keep-alive
< Set-Cookie: AWSALBTG=jdubSBQLmIcdDmQ3ZTQfAduvBaC9hJovp5fpLbmYGTVTmV1hJ8jy7zFgDNYYpMyt1b+UxCRCQ9T1i4PVoMmIFtfZSqj6giBzCYjGrlFPLzoFV1mkzv8xa3eE/KsSp+hePaHAiB7Ssf/WY2UBn2wj6kAabhqM0QSUYddiDPoYGEcx; Expires=Wed, 07 May 2025 04:31:38 GMT; Path=/
< Set-Cookie: AWSALBTGCORS=jdubSBQLmIcdDmQ3ZTQfAduvBaC9hJovp5fpLbmYGTVTmV1hJ8jy7zFgDNYYpMyt1b+UxCRCQ9T1i4PVoMmIFtfZSqj6giBzCYjGrlFPLzoFV1mkzv8xa3eE/KsSp+hePaHAiB7Ssf/WY2UBn2wj6kAabhqM0QSUYddiDPoYGEcx; Expires=Wed, 07 May 2025 04:31:38 GMT; Path=/; SameSite=None; Secure
< Set-Cookie: AWSALB=Vj8gBVNUbrRjZbNMgABKKu08uGfhv1NFP1DJ3jW6Zr/fWcRn/UrpQMelyhE47EWlTdGj/XeE3ge8l/P0KZcPMNQ7aIEAv44+B2BJAeIySqWU8vARi0XGZA28zIGY; Expires=Wed, 07 May 2025 04:31:38 GMT; Path=/
< Set-Cookie: AWSALBCORS=Vj8gBVNUbrRjZbNMgABKKu08uGfhv1NFP1DJ3jW6Zr/fWcRn/UrpQMelyhE47EWlTdGj/XeE3ge8l/P0KZcPMNQ7aIEAv44+B2BJAeIySqWU8vARi0XGZA28zIGY; Expires=Wed, 07 May 2025 04:31:38 GMT; Path=/; SameSite=None; Secure
< Access-Control-Allow-Origin: *
< Access-Control-Allow-Headers: Content-Type, Authorization, X-Requested-With, User-Agent, AssemblyAI-Agent
< Access-Control-Allow-Methods: POST, PUT, GET, OPTIONS
< Strict-Transport-Security: max-age=31536000; includeSubDomains; preload
< Etag: "c9cb518fa090b4787334a812731c0cb44b1265e8"
< 
* Connection #0 to host api.assemblyai.com left intact

[2025-04-30 06:31:38] HTTP Response Code: 200
[2025-04-30 06:31:38] Response: {"id": "06da707c-142c-4ed5-94f8-f9e8fa9de942", "language_model": "assemblyai_default", "acoustic_model": "assemblyai_default", "language_code": "en_us", "status": "completed", "audio_url": "https://cdn.assemblyai.com/upload/a6fb4c95-3aef-4b08-93b4-935910bd502a", "text": "The product that I bought from you was not very good.", "words": [{"text": "The", "start": 1520, "end": 1632, "confidence": 0.99476, "speaker": null}, {"text": "product", "start": 1632, "end": 1960, "confidence": 0.56205, "speaker": null}, {"text": "that", "start": 2032, "end": 2184, "confidence": 0.99979, "speaker": null}, {"text": "I", "start": 2192, "end": 2312, "confidence": 0.99988, "speaker": null}, {"text": "bought", "start": 2336, "end": 2536, "confidence": 0.99979, "speaker": null}, {"text": "from", "start": 2568, "end": 2760, "confidence": 0.99986, "speaker": null}, {"text": "you", "start": 2800, "end": 3048, "confidence": 0.99989, "speaker": null}, {"text": "was", "start": 3104, "end": 3320, "confidence": 0.99987, "speaker": null}, {"text": "not", "start": 3360, "end": 3560, "confidence": 0.99996, "speaker": null}, {"text": "very", "start": 3600, "end": 3752, "confidence": 0.99991, "speaker": null}, {"text": "good.", "start": 3776, "end": 3840, "confidence": 0.99966, "speaker": null}], "utterances": null, "confidence": 0.95958364, "audio_duration": 5, "punctuate": true, "format_text": true, "dual_channel": null, "webhook_url": null, "webhook_status_code": null, "webhook_auth": false, "webhook_auth_header_name": null, "speed_boost": false, "auto_highlights_result": null, "auto_highlights": false, "audio_start_from": null, "audio_end_at": null, "word_boost": [], "boost_param": null, "prompt": null, "keyterms_prompt": [], "filter_profanity": false, "redact_pii": false, "redact_pii_audio": false, "redact_pii_audio_quality": null, "redact_pii_policies": null, "redact_pii_sub": null, "speaker_labels": false, "content_safety": false, "iab_categories": false, "content_safety_labels": {"status": "unavailable", "results": [], "summary": {}}, "iab_categories_result": {"status": "unavailable", "results": [], "summary": {}}, "language_detection": false, "language_confidence_threshold": null, "language_confidence": null, "custom_spelling": null, "throttled": false, "auto_chapters": false, "summarization": false, "summary_type": null, "summary_model": null, "custom_topics": false, "topics": [], "speech_threshold": null, "speech_model": null, "chapters": null, "disfluencies": false, "entity_detection": false, "sentiment_analysis": false, "sentiment_analysis_results": null, "entities": null, "speakers_expected": null, "summary": null, "custom_topics_results": null, "is_deleted": null, "multichannel": null, "project_id": 546162, "token_id": 547942}
[2025-04-30 06:31:38] Transcription completed successfully
[2025-04-30 06:33:24] API key found in .env file
[2025-04-30 06:33:24] === Starting AssemblyAI Upload ===
[2025-04-30 06:33:24] Audio file path: uploads/1745987604_WhatsApp Audio 2025-04-24 at 2.08.05 PM.mpeg.wav
[2025-04-30 06:33:24] Detected MIME type: audio/wav
[2025-04-30 06:33:24] Sending file to AssemblyAI upload endpoint...
[2025-04-30 06:33:27] HTTP Response Code: 200
[2025-04-30 06:33:27] Raw Response: {"upload_url":"https://cdn.assemblyai.com/upload/2ff2059f-e7a3-4e73-9be0-1ea6d11889d4"}

[2025-04-30 06:33:27] Upload URL received: https://cdn.assemblyai.com/upload/2ff2059f-e7a3-4e73-9be0-1ea6d11889d4
[2025-04-30 06:33:27] Starting transcription job...
[2025-04-30 06:33:27] Request body: {"audio_url":"https:\/\/cdn.assemblyai.com\/upload\/2ff2059f-e7a3-4e73-9be0-1ea6d11889d4"}
[2025-04-30 06:33:28] HTTP Response Code: 200
[2025-04-30 06:33:28] Raw Response: {"id": "2f2c9f44-efd6-4b56-9790-f7c719755286", "language_model": "assemblyai_default", "acoustic_model": "assemblyai_default", "language_code": "en_us", "status": "queued", "audio_url": "https://cdn.assemblyai.com/upload/2ff2059f-e7a3-4e73-9be0-1ea6d11889d4", "text": null, "words": null, "utterances": null, "confidence": null, "audio_duration": null, "punctuate": true, "format_text": true, "dual_channel": null, "webhook_url": null, "webhook_status_code": null, "webhook_auth": false, "webhook_auth_header_name": null, "speed_boost": false, "auto_highlights_result": null, "auto_highlights": false, "audio_start_from": null, "audio_end_at": null, "word_boost": [], "boost_param": null, "prompt": null, "keyterms_prompt": null, "filter_profanity": false, "redact_pii": false, "redact_pii_audio": false, "redact_pii_audio_quality": null, "redact_pii_policies": null, "redact_pii_sub": null, "speaker_labels": false, "content_safety": false, "iab_categories": false, "content_safety_labels": {}, "iab_categories_result": {}, "language_detection": false, "language_confidence_threshold": null, "language_confidence": null, "custom_spelling": null, "throttled": false, "auto_chapters": false, "summarization": false, "summary_type": null, "summary_model": null, "custom_topics": false, "topics": [], "speech_threshold": null, "speech_model": null, "chapters": null, "disfluencies": false, "entity_detection": false, "sentiment_analysis": false, "sentiment_analysis_results": null, "entities": null, "speakers_expected": null, "summary": null, "custom_topics_results": null, "is_deleted": null, "multichannel": null, "project_id": 546162, "token_id": 547942}
[2025-04-30 06:33:28] Attempting to get transcription results for ID: 2f2c9f44-efd6-4b56-9790-f7c719755286
[2025-04-30 06:33:28] === Checking Transcription Status ===
[2025-04-30 06:33:28] Transcript ID: 2f2c9f44-efd6-4b56-9790-f7c719755286
[2025-04-30 06:33:29] cURL verbose output: * Hostname api.assemblyai.com was found in DNS cache
*   Trying 52.35.220.95...
* TCP_NODELAY set
* Connected to api.assemblyai.com (52.35.220.95) port 443 (#0)
* ALPN, offering http/1.1
* Cipher selection: ALL:!EXPORT:!EXPORT40:!EXPORT56:!aNULL:!LOW:!RC4:@STRENGTH
* successfully set certificate verify locations:
*   CAfile: /Applications/XAMPP/xamppfiles/share/curl/curl-ca-bundle.crt
  CApath: none
* SSL connection using TLSv1.3 / TLS_AES_128_GCM_SHA256
* ALPN, server accepted to use http/1.1
* Server certificate:
*  subject: CN=*.assemblyai.com
*  start date: Jun 15 00:00:00 2024 GMT
*  expire date: Jul 14 23:59:59 2025 GMT
*  subjectAltName: host "api.assemblyai.com" matched cert's "*.assemblyai.com"
*  issuer: C=US; O=Amazon; CN=Amazon RSA 2048 M02
*  SSL certificate verify ok.
> GET /v2/transcript/2f2c9f44-efd6-4b56-9790-f7c719755286 HTTP/1.1
Host: api.assemblyai.com
Accept: */*
authorization: 7da2fc6e2f084d17a6696d5e67395bad

< HTTP/1.1 200 OK
< Date: Wed, 30 Apr 2025 04:33:29 GMT
< Content-Type: application/json; charset=UTF-8
< Content-Length: 1657
< Connection: keep-alive
< Set-Cookie: AWSALBTG=1ziZmCFZd0SB8ZBsrtB3xpiEY3Xt+BH6bvPHJ1PCqtPNIJfGPHkFJ2kGG3oznxv7/bvWd0p/my2jHYS7/FN5Cg+LmNg5XYfzUuVr/CCtWkW7IRzVI0FZXqKjStlzN3br7zsJnWF7CR6SfDrQDKkm10fo5GAOnvFj56hS7Ow1JUxu; Expires=Wed, 07 May 2025 04:33:29 GMT; Path=/
< Set-Cookie: AWSALBTGCORS=1ziZmCFZd0SB8ZBsrtB3xpiEY3Xt+BH6bvPHJ1PCqtPNIJfGPHkFJ2kGG3oznxv7/bvWd0p/my2jHYS7/FN5Cg+LmNg5XYfzUuVr/CCtWkW7IRzVI0FZXqKjStlzN3br7zsJnWF7CR6SfDrQDKkm10fo5GAOnvFj56hS7Ow1JUxu; Expires=Wed, 07 May 2025 04:33:29 GMT; Path=/; SameSite=None; Secure
< Set-Cookie: AWSALB=NxgSXxpQQiGkskIB679ew2Lfo1++LdHMHy8Cp0FUIViQdSxXGNOD4F3kSTnI8CeAF7fCB4H1/crbe/ULEYc7xNAjJ7ynhw/HRtTPaOr75z7pF2JnQLFUWEhR6M01; Expires=Wed, 07 May 2025 04:33:29 GMT; Path=/
< Set-Cookie: AWSALBCORS=NxgSXxpQQiGkskIB679ew2Lfo1++LdHMHy8Cp0FUIViQdSxXGNOD4F3kSTnI8CeAF7fCB4H1/crbe/ULEYc7xNAjJ7ynhw/HRtTPaOr75z7pF2JnQLFUWEhR6M01; Expires=Wed, 07 May 2025 04:33:29 GMT; Path=/; SameSite=None; Secure
< Access-Control-Allow-Origin: *
< Access-Control-Allow-Headers: Content-Type, Authorization, X-Requested-With, User-Agent, AssemblyAI-Agent
< Access-Control-Allow-Methods: POST, PUT, GET, OPTIONS
< Strict-Transport-Security: max-age=31536000; includeSubDomains; preload
< Etag: "efa8acc4dc2cfce669cb7e28c284efedbf1ec14f"
< 
* Connection #0 to host api.assemblyai.com left intact

[2025-04-30 06:33:29] HTTP Response Code: 200
[2025-04-30 06:33:29] Response: {"id": "2f2c9f44-efd6-4b56-9790-f7c719755286", "language_model": "assemblyai_default", "acoustic_model": "assemblyai_default", "language_code": "en_us", "status": "processing", "audio_url": "https://cdn.assemblyai.com/upload/2ff2059f-e7a3-4e73-9be0-1ea6d11889d4", "text": null, "words": null, "utterances": null, "confidence": null, "audio_duration": null, "punctuate": true, "format_text": true, "dual_channel": null, "webhook_url": null, "webhook_status_code": null, "webhook_auth": false, "webhook_auth_header_name": null, "speed_boost": false, "auto_highlights_result": null, "auto_highlights": false, "audio_start_from": null, "audio_end_at": null, "word_boost": [], "boost_param": null, "prompt": null, "keyterms_prompt": [], "filter_profanity": false, "redact_pii": false, "redact_pii_audio": false, "redact_pii_audio_quality": null, "redact_pii_policies": null, "redact_pii_sub": null, "speaker_labels": false, "content_safety": false, "iab_categories": false, "content_safety_labels": {}, "iab_categories_result": {}, "language_detection": false, "language_confidence_threshold": null, "language_confidence": null, "custom_spelling": null, "throttled": false, "auto_chapters": false, "summarization": false, "summary_type": null, "summary_model": null, "custom_topics": false, "topics": [], "speech_threshold": null, "speech_model": null, "chapters": null, "disfluencies": false, "entity_detection": false, "sentiment_analysis": false, "sentiment_analysis_results": null, "entities": null, "speakers_expected": null, "summary": null, "custom_topics_results": null, "is_deleted": null, "multichannel": null, "project_id": 546162, "token_id": 547942}
[2025-04-30 06:33:29] Attempt 1: Transcription still processing. Waiting 2 seconds...
[2025-04-30 06:33:32] cURL verbose output: * Hostname api.assemblyai.com was found in DNS cache
*   Trying 52.35.220.95...
* TCP_NODELAY set
* Connected to api.assemblyai.com (52.35.220.95) port 443 (#0)
* ALPN, offering http/1.1
* Cipher selection: ALL:!EXPORT:!EXPORT40:!EXPORT56:!aNULL:!LOW:!RC4:@STRENGTH
* successfully set certificate verify locations:
*   CAfile: /Applications/XAMPP/xamppfiles/share/curl/curl-ca-bundle.crt
  CApath: none
* SSL connection using TLSv1.3 / TLS_AES_128_GCM_SHA256
* ALPN, server accepted to use http/1.1
* Server certificate:
*  subject: CN=*.assemblyai.com
*  start date: Jun 15 00:00:00 2024 GMT
*  expire date: Jul 14 23:59:59 2025 GMT
*  subjectAltName: host "api.assemblyai.com" matched cert's "*.assemblyai.com"
*  issuer: C=US; O=Amazon; CN=Amazon RSA 2048 M02
*  SSL certificate verify ok.
> GET /v2/transcript/2f2c9f44-efd6-4b56-9790-f7c719755286 HTTP/1.1
Host: api.assemblyai.com
Accept: */*
authorization: 7da2fc6e2f084d17a6696d5e67395bad

< HTTP/1.1 200 OK
< Date: Wed, 30 Apr 2025 04:33:32 GMT
< Content-Type: application/json; charset=UTF-8
< Content-Length: 2862
< Connection: keep-alive
< Set-Cookie: AWSALBTG=fcert7phxn20J1rrOAcHOZJNmZ7Rv1bqfthuYYxww0aLOqNARpaI3lVfgzPlkijWrNbnXzQJFfIQ0H5GWkT/rcnKdrA5rm3ohkx83+4ah+JzIJVXxKJqJQ+bRPU5Ik7jgwlF8KAubush9Rh3+gLO8pjCKNf1AsxXIE1fLQCx/3GR; Expires=Wed, 07 May 2025 04:33:32 GMT; Path=/
< Set-Cookie: AWSALBTGCORS=fcert7phxn20J1rrOAcHOZJNmZ7Rv1bqfthuYYxww0aLOqNARpaI3lVfgzPlkijWrNbnXzQJFfIQ0H5GWkT/rcnKdrA5rm3ohkx83+4ah+JzIJVXxKJqJQ+bRPU5Ik7jgwlF8KAubush9Rh3+gLO8pjCKNf1AsxXIE1fLQCx/3GR; Expires=Wed, 07 May 2025 04:33:32 GMT; Path=/; SameSite=None; Secure
< Set-Cookie: AWSALB=hZeuioyNhbW0jdkc+p18F4KBxEomVuwBfc200dI6lTZtTGJ0ZDUS4es0PwJk0yj7iA0x4K9vLD+ECOIv+sCZHEwqrNs+NHEGsmilsShD1yjYCoeVfI+ZWrr9KzEe; Expires=Wed, 07 May 2025 04:33:32 GMT; Path=/
< Set-Cookie: AWSALBCORS=hZeuioyNhbW0jdkc+p18F4KBxEomVuwBfc200dI6lTZtTGJ0ZDUS4es0PwJk0yj7iA0x4K9vLD+ECOIv+sCZHEwqrNs+NHEGsmilsShD1yjYCoeVfI+ZWrr9KzEe; Expires=Wed, 07 May 2025 04:33:32 GMT; Path=/; SameSite=None; Secure
< Access-Control-Allow-Origin: *
< Access-Control-Allow-Headers: Content-Type, Authorization, X-Requested-With, User-Agent, AssemblyAI-Agent
< Access-Control-Allow-Methods: POST, PUT, GET, OPTIONS
< Strict-Transport-Security: max-age=31536000; includeSubDomains; preload
< Etag: "d4e2986921ae4983fe8a879330199926d70f15b9"
< 
* Connection #0 to host api.assemblyai.com left intact

[2025-04-30 06:33:32] HTTP Response Code: 200
[2025-04-30 06:33:32] Response: {"id": "2f2c9f44-efd6-4b56-9790-f7c719755286", "language_model": "assemblyai_default", "acoustic_model": "assemblyai_default", "language_code": "en_us", "status": "completed", "audio_url": "https://cdn.assemblyai.com/upload/2ff2059f-e7a3-4e73-9be0-1ea6d11889d4", "text": "This is the audio that I'm recording for the website sentiment analyzer.", "words": [{"text": "This", "start": 480, "end": 592, "confidence": 0.99999, "speaker": null}, {"text": "is", "start": 592, "end": 680, "confidence": 1.0, "speaker": null}, {"text": "the", "start": 680, "end": 800, "confidence": 0.99999, "speaker": null}, {"text": "audio", "start": 816, "end": 1016, "confidence": 0.99085, "speaker": null}, {"text": "that", "start": 1048, "end": 1240, "confidence": 0.99995, "speaker": null}, {"text": "I'm", "start": 1280, "end": 1448, "confidence": 0.97456, "speaker": null}, {"text": "recording", "start": 1464, "end": 1784, "confidence": 0.90988, "speaker": null}, {"text": "for", "start": 1832, "end": 1992, "confidence": 0.99997, "speaker": null}, {"text": "the", "start": 2016, "end": 2152, "confidence": 0.99999, "speaker": null}, {"text": "website", "start": 2176, "end": 2744, "confidence": 0.99992, "speaker": null}, {"text": "sentiment", "start": 2912, "end": 3656, "confidence": 0.42805, "speaker": null}, {"text": "analyzer.", "start": 3688, "end": 4200, "confidence": 0.88025, "speaker": null}], "utterances": null, "confidence": 0.93195, "audio_duration": 6, "punctuate": true, "format_text": true, "dual_channel": null, "webhook_url": null, "webhook_status_code": null, "webhook_auth": false, "webhook_auth_header_name": null, "speed_boost": false, "auto_highlights_result": null, "auto_highlights": false, "audio_start_from": null, "audio_end_at": null, "word_boost": [], "boost_param": null, "prompt": null, "keyterms_prompt": [], "filter_profanity": false, "redact_pii": false, "redact_pii_audio": false, "redact_pii_audio_quality": null, "redact_pii_policies": null, "redact_pii_sub": null, "speaker_labels": false, "content_safety": false, "iab_categories": false, "content_safety_labels": {"status": "unavailable", "results": [], "summary": {}}, "iab_categories_result": {"status": "unavailable", "results": [], "summary": {}}, "language_detection": false, "language_confidence_threshold": null, "language_confidence": null, "custom_spelling": null, "throttled": false, "auto_chapters": false, "summarization": false, "summary_type": null, "summary_model": null, "custom_topics": false, "topics": [], "speech_threshold": null, "speech_model": null, "chapters": null, "disfluencies": false, "entity_detection": false, "sentiment_analysis": false, "sentiment_analysis_results": null, "entities": null, "speakers_expected": null, "summary": null, "custom_topics_results": null, "is_deleted": null, "multichannel": null, "project_id": 546162, "token_id": 547942}
[2025-04-30 06:33:32] Transcription completed successfully
[2025-04-30 06:33:32] Transcription results received: {"id":"2f2c9f44-efd6-4b56-9790-f7c719755286","language_model":"assemblyai_default","acoustic_model":"assemblyai_default","language_code":"en_us","status":"completed","audio_url":"https:\/\/cdn.assemblyai.com\/upload\/2ff2059f-e7a3-4e73-9be0-1ea6d11889d4","text":"This is the audio that I'm recording for the website sentiment analyzer.","words":[{"text":"This","start":480,"end":592,"confidence":0.99999000000000004551026222543441690504550933837890625,"speaker":null},{"text":"is","start":592,"end":680,"confidence":1,"speaker":null},{"text":"the","start":680,"end":800,"confidence":0.99999000000000004551026222543441690504550933837890625,"speaker":null},{"text":"audio","start":816,"end":1016,"confidence":0.9908500000000000085265128291212022304534912109375,"speaker":null},{"text":"that","start":1048,"end":1240,"confidence":0.99995000000000000550670620214077644050121307373046875,"speaker":null},{"text":"I'm","start":1280,"end":1448,"confidence":0.97455999999999998184563310132944025099277496337890625,"speaker":null},{"text":"recording","start":1464,"end":1784,"confidence":0.9098800000000000220978790821391157805919647216796875,"speaker":null},{"text":"for","start":1832,"end":1992,"confidence":0.9999700000000000255084842137875966727733612060546875,"speaker":null},{"text":"the","start":2016,"end":2152,"confidence":0.99999000000000004551026222543441690504550933837890625,"speaker":null},{"text":"website","start":2176,"end":2744,"confidence":0.99992000000000003101519041592837311327457427978515625,"speaker":null},{"text":"sentiment","start":2912,"end":3656,"confidence":0.428049999999999986055598810708033852279186248779296875,"speaker":null},{"text":"analyzer.","start":3688,"end":4200,"confidence":0.8802499999999999769073610877967439591884613037109375,"speaker":null}],"utterances":null,"confidence":0.93194999999999994511057366253226064145565032958984375,"audio_duration":6,"punctuate":true,"format_text":true,"dual_channel":null,"webhook_url":null,"webhook_status_code":null,"webhook_auth":false,"webhook_auth_header_name":null,"speed_boost":false,"auto_highlights_result":null,"auto_highlights":false,"audio_start_from":null,"audio_end_at":null,"word_boost":[],"boost_param":null,"prompt":null,"keyterms_prompt":[],"filter_profanity":false,"redact_pii":false,"redact_pii_audio":false,"redact_pii_audio_quality":null,"redact_pii_policies":null,"redact_pii_sub":null,"speaker_labels":false,"content_safety":false,"iab_categories":false,"content_safety_labels":{"status":"unavailable","results":[],"summary":[]},"iab_categories_result":{"status":"unavailable","results":[],"summary":[]},"language_detection":false,"language_confidence_threshold":null,"language_confidence":null,"custom_spelling":null,"throttled":false,"auto_chapters":false,"summarization":false,"summary_type":null,"summary_model":null,"custom_topics":false,"topics":[],"speech_threshold":null,"speech_model":null,"chapters":null,"disfluencies":false,"entity_detection":false,"sentiment_analysis":false,"sentiment_analysis_results":null,"entities":null,"speakers_expected":null,"summary":null,"custom_topics_results":null,"is_deleted":null,"multichannel":null,"project_id":546162,"token_id":547942}
